-- MySQL dump 10.13  Distrib 5.7.9, for osx10.9 (x86_64)
--
-- Host: 127.0.0.1    Database: xunjian
-- ------------------------------------------------------
-- Server version	5.7.16

/*!40101 SET @OLD_CHARACTER_SET_CLIENT=@@CHARACTER_SET_CLIENT */;
/*!40101 SET @OLD_CHARACTER_SET_RESULTS=@@CHARACTER_SET_RESULTS */;
/*!40101 SET @OLD_COLLATION_CONNECTION=@@COLLATION_CONNECTION */;
/*!40101 SET NAMES utf8 */;
/*!40103 SET @OLD_TIME_ZONE=@@TIME_ZONE */;
/*!40103 SET TIME_ZONE='+00:00' */;
/*!40014 SET @OLD_UNIQUE_CHECKS=@@UNIQUE_CHECKS, UNIQUE_CHECKS=0 */;
/*!40014 SET @OLD_FOREIGN_KEY_CHECKS=@@FOREIGN_KEY_CHECKS, FOREIGN_KEY_CHECKS=0 */;
/*!40101 SET @OLD_SQL_MODE=@@SQL_MODE, SQL_MODE='NO_AUTO_VALUE_ON_ZERO' */;
/*!40111 SET @OLD_SQL_NOTES=@@SQL_NOTES, SQL_NOTES=0 */;

--
-- Table structure for table `jc_acquisition`
--

DROP TABLE IF EXISTS `jc_acquisition`;
/*!40101 SET @saved_cs_client     = @@character_set_client */;
/*!40101 SET character_set_client = utf8 */;
CREATE TABLE `jc_acquisition` (
  `acquisition_id` int(11) NOT NULL AUTO_INCREMENT,
  `site_id` int(11) NOT NULL,
  `channel_id` int(11) NOT NULL,
  `type_id` int(11) NOT NULL,
  `user_id` int(11) NOT NULL,
  `acq_name` varchar(50) NOT NULL COMMENT '采集名称',
  `start_time` datetime DEFAULT NULL COMMENT '开始时间',
  `end_time` datetime DEFAULT NULL COMMENT '停止时间',
  `status` int(11) NOT NULL DEFAULT '0' COMMENT '当前状态(0:静止;1:采集;2:暂停)',
  `curr_num` int(11) NOT NULL DEFAULT '0' COMMENT '当前号码',
  `curr_item` int(11) NOT NULL DEFAULT '0' COMMENT '当前条数',
  `total_item` int(11) NOT NULL DEFAULT '0' COMMENT '每页总条数',
  `pause_time` int(11) NOT NULL DEFAULT '0' COMMENT '暂停时间(毫秒)',
  `page_encoding` varchar(20) NOT NULL DEFAULT 'GBK' COMMENT '页面编码',
  `plan_list` longtext COMMENT '采集列表',
  `dynamic_addr` varchar(255) DEFAULT NULL COMMENT '动态地址',
  `dynamic_start` int(11) DEFAULT NULL COMMENT '页码开始',
  `dynamic_end` int(11) DEFAULT NULL COMMENT '页码结束',
  `linkset_start` varchar(255) DEFAULT NULL COMMENT '内容链接区开始',
  `linkset_end` varchar(255) DEFAULT NULL COMMENT '内容链接区结束',
  `link_start` varchar(255) DEFAULT NULL COMMENT '内容链接开始',
  `link_end` varchar(255) DEFAULT NULL COMMENT '内容链接结束',
  `title_start` varchar(255) DEFAULT NULL COMMENT '标题开始',
  `title_end` varchar(255) DEFAULT NULL COMMENT '标题结束',
  `keywords_start` varchar(255) DEFAULT NULL COMMENT '关键字开始',
  `keywords_end` varchar(255) DEFAULT NULL COMMENT '关键字结束',
  `description_start` varchar(255) DEFAULT NULL COMMENT '描述开始',
  `description_end` varchar(255) DEFAULT NULL COMMENT '描述结束',
  `content_start` varchar(255) DEFAULT NULL COMMENT '内容开始',
  `content_end` varchar(255) DEFAULT NULL COMMENT '内容结束',
  `pagination_start` varchar(255) DEFAULT NULL COMMENT '内容分页开始',
  `pagination_end` varchar(255) DEFAULT NULL COMMENT '内容分页结束',
  `queue` int(11) NOT NULL DEFAULT '0' COMMENT '队列',
  `repeat_check_type` varchar(20) NOT NULL DEFAULT 'NONE' COMMENT '重复类型',
  `img_acqu` tinyint(1) NOT NULL DEFAULT '0' COMMENT '是否采集图片',
  `content_prefix` varchar(255) DEFAULT NULL COMMENT '内容地址补全url',
  `img_prefix` varchar(255) DEFAULT NULL COMMENT '图片地址补全url',
  `view_start` varchar(255) DEFAULT NULL COMMENT '浏览量开始',
  `view_end` varchar(255) DEFAULT NULL COMMENT '浏览量结束',
  `view_id_start` varchar(255) DEFAULT NULL COMMENT 'id前缀',
  `view_id_end` varchar(255) DEFAULT NULL COMMENT 'id后缀',
  `view_link` varchar(255) DEFAULT NULL COMMENT '浏览量动态访问地址',
  `releaseTime_start` varchar(255) DEFAULT NULL COMMENT '发布时间开始',
  `releaseTime_end` varchar(255) DEFAULT NULL COMMENT '发布时间结束',
  `author_start` varchar(255) DEFAULT NULL COMMENT '作者开始',
  `author_end` varchar(255) DEFAULT NULL COMMENT '作者结束',
  `origin_start` varchar(255) DEFAULT NULL COMMENT '来源开始',
  `origin_end` varchar(255) DEFAULT NULL COMMENT '来源结束',
  `releaseTime_format` varchar(255) DEFAULT NULL COMMENT '发布时间格式',
  PRIMARY KEY (`acquisition_id`),
  KEY `fk_jc_acquisition_channel` (`channel_id`),
  KEY `fk_jc_acquisition_contenttype` (`type_id`),
  KEY `fk_jc_acquisition_site` (`site_id`),
  KEY `fk_jc_acquisition_user` (`user_id`),
  CONSTRAINT `fk_jc_acquisition_channel` FOREIGN KEY (`channel_id`) REFERENCES `jc_channel` (`channel_id`),
  CONSTRAINT `fk_jc_acquisition_contenttype` FOREIGN KEY (`type_id`) REFERENCES `jc_content_type` (`type_id`),
  CONSTRAINT `fk_jc_acquisition_site` FOREIGN KEY (`site_id`) REFERENCES `jc_site` (`site_id`),
  CONSTRAINT `fk_jc_acquisition_user` FOREIGN KEY (`user_id`) REFERENCES `jc_user` (`user_id`)
) ENGINE=InnoDB DEFAULT CHARSET=utf8 COMMENT='CMS采集表';
/*!40101 SET character_set_client = @saved_cs_client */;

--
-- Dumping data for table `jc_acquisition`
--

LOCK TABLES `jc_acquisition` WRITE;
/*!40000 ALTER TABLE `jc_acquisition` DISABLE KEYS */;
/*!40000 ALTER TABLE `jc_acquisition` ENABLE KEYS */;
UNLOCK TABLES;

--
-- Table structure for table `jc_acquisition_history`
--

DROP TABLE IF EXISTS `jc_acquisition_history`;
/*!40101 SET @saved_cs_client     = @@character_set_client */;
/*!40101 SET character_set_client = utf8 */;
CREATE TABLE `jc_acquisition_history` (
  `history_id` int(11) NOT NULL AUTO_INCREMENT,
  `channel_url` varchar(255) NOT NULL DEFAULT '' COMMENT '栏目地址',
  `content_url` varchar(255) NOT NULL DEFAULT '' COMMENT '内容地址',
  `title` varchar(255) DEFAULT NULL COMMENT '标题',
  `description` varchar(20) NOT NULL DEFAULT '' COMMENT '描述',
  `acquisition_id` int(11) DEFAULT NULL COMMENT '采集源',
  `content_id` int(11) DEFAULT NULL COMMENT '内容',
  PRIMARY KEY (`history_id`),
  KEY `fk_acquisition_history_acquisition` (`acquisition_id`),
  CONSTRAINT `fk_jc_history_acquisition` FOREIGN KEY (`acquisition_id`) REFERENCES `jc_acquisition` (`acquisition_id`)
) ENGINE=InnoDB DEFAULT CHARSET=utf8 COMMENT='采集历史记录表';
/*!40101 SET character_set_client = @saved_cs_client */;

--
-- Dumping data for table `jc_acquisition_history`
--

LOCK TABLES `jc_acquisition_history` WRITE;
/*!40000 ALTER TABLE `jc_acquisition_history` DISABLE KEYS */;
/*!40000 ALTER TABLE `jc_acquisition_history` ENABLE KEYS */;
UNLOCK TABLES;

--
-- Table structure for table `jc_acquisition_temp`
--

DROP TABLE IF EXISTS `jc_acquisition_temp`;
/*!40101 SET @saved_cs_client     = @@character_set_client */;
/*!40101 SET character_set_client = utf8 */;
CREATE TABLE `jc_acquisition_temp` (
  `temp_id` int(11) NOT NULL AUTO_INCREMENT,
  `site_id` int(11) DEFAULT NULL,
  `channel_url` varchar(255) NOT NULL DEFAULT '' COMMENT '栏目地址',
  `content_url` varchar(255) NOT NULL DEFAULT '' COMMENT '内容地址',
  `title` varchar(255) DEFAULT NULL COMMENT '标题',
  `percent` int(3) NOT NULL DEFAULT '0' COMMENT '百分比',
  `description` varchar(20) NOT NULL DEFAULT '' COMMENT '描述',
  `seq` int(3) NOT NULL DEFAULT '0' COMMENT '顺序',
  PRIMARY KEY (`temp_id`),
  KEY `fk_jc_temp_site` (`site_id`),
  CONSTRAINT `fk_jc_temp_site` FOREIGN KEY (`site_id`) REFERENCES `jc_site` (`site_id`)
) ENGINE=InnoDB DEFAULT CHARSET=utf8 COMMENT='采集进度临时表';
/*!40101 SET character_set_client = @saved_cs_client */;

--
-- Dumping data for table `jc_acquisition_temp`
--

LOCK TABLES `jc_acquisition_temp` WRITE;
/*!40000 ALTER TABLE `jc_acquisition_temp` DISABLE KEYS */;
/*!40000 ALTER TABLE `jc_acquisition_temp` ENABLE KEYS */;
UNLOCK TABLES;

--
-- Table structure for table `jc_advertising`
--

DROP TABLE IF EXISTS `jc_advertising`;
/*!40101 SET @saved_cs_client     = @@character_set_client */;
/*!40101 SET character_set_client = utf8 */;
CREATE TABLE `jc_advertising` (
  `advertising_id` int(11) NOT NULL AUTO_INCREMENT,
  `adspace_id` int(11) NOT NULL,
  `site_id` int(11) NOT NULL,
  `ad_name` varchar(100) NOT NULL COMMENT '广告名称',
  `category` varchar(50) NOT NULL COMMENT '广告类型',
  `ad_code` longtext COMMENT '广告代码',
  `ad_weight` int(11) NOT NULL DEFAULT '1' COMMENT '广告权重',
  `display_count` bigint(20) NOT NULL DEFAULT '0' COMMENT '展现次数',
  `click_count` bigint(20) NOT NULL DEFAULT '0' COMMENT '点击次数',
  `start_time` date DEFAULT NULL COMMENT '开始时间',
  `end_time` date DEFAULT NULL COMMENT '结束时间',
  `is_enabled` char(1) NOT NULL DEFAULT '1' COMMENT '是否启用',
  PRIMARY KEY (`advertising_id`),
  KEY `fk_jc_advertising_site` (`site_id`),
  KEY `fk_jc_space_advertising` (`adspace_id`),
  CONSTRAINT `fk_jc_advertising_site` FOREIGN KEY (`site_id`) REFERENCES `jc_site` (`site_id`),
  CONSTRAINT `fk_jc_space_advertising` FOREIGN KEY (`adspace_id`) REFERENCES `jc_advertising_space` (`adspace_id`)
) ENGINE=InnoDB AUTO_INCREMENT=6 DEFAULT CHARSET=utf8 COMMENT='CMS广告表';
/*!40101 SET character_set_client = @saved_cs_client */;

--
-- Dumping data for table `jc_advertising`
--

LOCK TABLES `jc_advertising` WRITE;
/*!40000 ALTER TABLE `jc_advertising` DISABLE KEYS */;
INSERT INTO `jc_advertising` VALUES (1,1,1,'banner','image',NULL,1,127,0,NULL,NULL,'1'),(2,2,1,'通栏广告1','image',NULL,1,123,2,NULL,NULL,'1'),(3,3,1,'视频广告上','image',NULL,1,0,0,NULL,NULL,'1'),(4,4,1,'视频广告下','image',NULL,1,0,0,NULL,NULL,'1'),(5,5,1,'留言板本周热点广告','image',NULL,1,0,0,NULL,NULL,'1');
/*!40000 ALTER TABLE `jc_advertising` ENABLE KEYS */;
UNLOCK TABLES;

--
-- Table structure for table `jc_advertising_attr`
--

DROP TABLE IF EXISTS `jc_advertising_attr`;
/*!40101 SET @saved_cs_client     = @@character_set_client */;
/*!40101 SET character_set_client = utf8 */;
CREATE TABLE `jc_advertising_attr` (
  `advertising_id` int(11) NOT NULL,
  `attr_name` varchar(50) NOT NULL COMMENT '名称',
  `attr_value` varchar(255) DEFAULT NULL COMMENT '值',
  KEY `fk_jc_params_advertising` (`advertising_id`),
  CONSTRAINT `fk_jc_params_advertising` FOREIGN KEY (`advertising_id`) REFERENCES `jc_advertising` (`advertising_id`)
) ENGINE=InnoDB DEFAULT CHARSET=utf8 COMMENT='CMS广告属性表';
/*!40101 SET character_set_client = @saved_cs_client */;

--
-- Dumping data for table `jc_advertising_attr`
--

LOCK TABLES `jc_advertising_attr` WRITE;
/*!40000 ALTER TABLE `jc_advertising_attr` DISABLE KEYS */;
INSERT INTO `jc_advertising_attr` VALUES (1,'image_title','查看JEECMS官方网站'),(1,'image_url','/r/cms/www/red/img/banner.gif'),(1,'image_target','_blank'),(1,'image_link','http://www.jeecms.com'),(1,'image_width','735'),(1,'image_height','70'),(2,'image_title','JEECMS官方网站'),(2,'image_url','/r/cms/www/red/img/banner1.jpg'),(2,'image_target','_blank'),(2,'image_link','http://www.jeecms.com'),(2,'image_width','960'),(2,'image_height','60'),(3,'image_height','89'),(3,'image_link','http://'),(3,'image_target','_blank'),(3,'image_url','/u/cms/www/201112/17144805im1p.jpg'),(3,'image_width','980'),(4,'image_height','90'),(4,'image_link','http://'),(4,'image_target','_blank'),(4,'image_url','/u/cms/www/201112/17145028j3bj.jpg'),(4,'image_width','980'),(5,'image_height','109'),(5,'image_link','http://3x.jeecms.com'),(5,'image_target','_blank'),(5,'image_url','/u/cms/www/201112/18155751wi1k.gif'),(5,'image_width','215');
/*!40000 ALTER TABLE `jc_advertising_attr` ENABLE KEYS */;
UNLOCK TABLES;

--
-- Table structure for table `jc_advertising_space`
--

DROP TABLE IF EXISTS `jc_advertising_space`;
/*!40101 SET @saved_cs_client     = @@character_set_client */;
/*!40101 SET character_set_client = utf8 */;
CREATE TABLE `jc_advertising_space` (
  `adspace_id` int(11) NOT NULL AUTO_INCREMENT,
  `site_id` int(11) NOT NULL,
  `ad_name` varchar(100) NOT NULL COMMENT '名称',
  `description` varchar(255) DEFAULT NULL COMMENT '描述',
  `is_enabled` char(1) NOT NULL COMMENT '是否启用',
  PRIMARY KEY (`adspace_id`),
  KEY `fk_jc_adspace_site` (`site_id`),
  CONSTRAINT `fk_jc_adspace_site` FOREIGN KEY (`site_id`) REFERENCES `jc_site` (`site_id`)
) ENGINE=InnoDB AUTO_INCREMENT=6 DEFAULT CHARSET=utf8 COMMENT='CMS广告版位表';
/*!40101 SET character_set_client = @saved_cs_client */;

--
-- Dumping data for table `jc_advertising_space`
--

LOCK TABLES `jc_advertising_space` WRITE;
/*!40000 ALTER TABLE `jc_advertising_space` DISABLE KEYS */;
INSERT INTO `jc_advertising_space` VALUES (1,1,'页头banner','全站页头banner','1'),(2,1,'通栏广告','页面中间通栏广告','1'),(3,1,'视频广告上','','1'),(4,1,'视频广告下','','1'),(5,1,'留言板本周热点广告','','1');
/*!40000 ALTER TABLE `jc_advertising_space` ENABLE KEYS */;
UNLOCK TABLES;

--
-- Table structure for table `jc_channel`
--

DROP TABLE IF EXISTS `jc_channel`;
/*!40101 SET @saved_cs_client     = @@character_set_client */;
/*!40101 SET character_set_client = utf8 */;
CREATE TABLE `jc_channel` (
  `channel_id` int(11) NOT NULL AUTO_INCREMENT,
  `model_id` int(11) NOT NULL COMMENT '模型ID',
  `site_id` int(11) NOT NULL COMMENT '站点ID',
  `parent_id` int(11) DEFAULT NULL COMMENT '父栏目ID',
  `channel_path` varchar(30) DEFAULT NULL COMMENT '访问路径',
  `lft` int(11) NOT NULL DEFAULT '1' COMMENT '树左边',
  `rgt` int(11) NOT NULL DEFAULT '2' COMMENT '树右边',
  `priority` int(11) NOT NULL DEFAULT '10' COMMENT '排列顺序',
  `has_content` tinyint(1) NOT NULL DEFAULT '1' COMMENT '是否有内容',
  `is_display` tinyint(1) NOT NULL DEFAULT '1' COMMENT '是否显示',
  PRIMARY KEY (`channel_id`),
  KEY `fk_jc_channel_model` (`model_id`),
  KEY `fk_jc_channel_parent` (`parent_id`),
  KEY `fk_jc_channel_site` (`site_id`),
  CONSTRAINT `fk_jc_channel_model` FOREIGN KEY (`model_id`) REFERENCES `jc_model` (`model_id`),
  CONSTRAINT `fk_jc_channel_parent` FOREIGN KEY (`parent_id`) REFERENCES `jc_channel` (`channel_id`),
  CONSTRAINT `fk_jc_channel_site` FOREIGN KEY (`site_id`) REFERENCES `jc_site` (`site_id`)
) ENGINE=InnoDB AUTO_INCREMENT=2 DEFAULT CHARSET=utf8 COMMENT='CMS栏目表';
/*!40101 SET character_set_client = @saved_cs_client */;

--
-- Dumping data for table `jc_channel`
--

LOCK TABLES `jc_channel` WRITE;
/*!40000 ALTER TABLE `jc_channel` DISABLE KEYS */;
INSERT INTO `jc_channel` VALUES (1,1,1,NULL,'report',1,2,1,1,1);
/*!40000 ALTER TABLE `jc_channel` ENABLE KEYS */;
UNLOCK TABLES;

--
-- Table structure for table `jc_channel_attr`
--

DROP TABLE IF EXISTS `jc_channel_attr`;
/*!40101 SET @saved_cs_client     = @@character_set_client */;
/*!40101 SET character_set_client = utf8 */;
CREATE TABLE `jc_channel_attr` (
  `channel_id` int(11) NOT NULL,
  `attr_name` varchar(30) NOT NULL COMMENT '名称',
  `attr_value` varchar(255) DEFAULT NULL COMMENT '值',
  KEY `fk_jc_attr_channel` (`channel_id`),
  CONSTRAINT `fk_jc_attr_channel` FOREIGN KEY (`channel_id`) REFERENCES `jc_channel` (`channel_id`)
) ENGINE=InnoDB DEFAULT CHARSET=utf8 COMMENT='CMS栏目扩展属性表';
/*!40101 SET character_set_client = @saved_cs_client */;

--
-- Dumping data for table `jc_channel_attr`
--

LOCK TABLES `jc_channel_attr` WRITE;
/*!40000 ALTER TABLE `jc_channel_attr` DISABLE KEYS */;
/*!40000 ALTER TABLE `jc_channel_attr` ENABLE KEYS */;
UNLOCK TABLES;

--
-- Table structure for table `jc_channel_ext`
--

DROP TABLE IF EXISTS `jc_channel_ext`;
/*!40101 SET @saved_cs_client     = @@character_set_client */;
/*!40101 SET character_set_client = utf8 */;
CREATE TABLE `jc_channel_ext` (
  `channel_id` int(11) NOT NULL,
  `channel_name` varchar(100) NOT NULL COMMENT '名称',
  `final_step` tinyint(4) DEFAULT '2' COMMENT '终审级别',
  `after_check` tinyint(4) DEFAULT NULL COMMENT '审核后(1:不能修改删除;2:修改后退回;3:修改后不变)',
  `is_static_channel` char(1) NOT NULL DEFAULT '0' COMMENT '是否栏目静态化',
  `is_static_content` char(1) NOT NULL DEFAULT '0' COMMENT '是否内容静态化',
  `is_access_by_dir` char(1) NOT NULL DEFAULT '1' COMMENT '是否使用目录访问',
  `is_list_child` char(1) NOT NULL DEFAULT '0' COMMENT '是否使用子栏目列表',
  `page_size` int(11) NOT NULL DEFAULT '20' COMMENT '每页多少条记录',
  `channel_rule` varchar(150) DEFAULT NULL COMMENT '栏目页生成规则',
  `content_rule` varchar(150) DEFAULT NULL COMMENT '内容页生成规则',
  `link` varchar(255) DEFAULT NULL COMMENT '外部链接',
  `tpl_channel` varchar(100) DEFAULT NULL COMMENT '栏目页模板',
  `tpl_content` varchar(100) DEFAULT NULL COMMENT '内容页模板',
  `title_img` varchar(100) DEFAULT NULL COMMENT '缩略图',
  `content_img` varchar(100) DEFAULT NULL COMMENT '内容图',
  `has_title_img` tinyint(1) NOT NULL DEFAULT '0' COMMENT '内容是否有缩略图',
  `has_content_img` tinyint(1) NOT NULL DEFAULT '0' COMMENT '内容是否有内容图',
  `title_img_width` int(11) NOT NULL DEFAULT '139' COMMENT '内容标题图宽度',
  `title_img_height` int(11) NOT NULL DEFAULT '139' COMMENT '内容标题图高度',
  `content_img_width` int(11) NOT NULL DEFAULT '310' COMMENT '内容内容图宽度',
  `content_img_height` int(11) NOT NULL DEFAULT '310' COMMENT '内容内容图高度',
  `comment_control` int(11) NOT NULL DEFAULT '0' COMMENT '评论(0:匿名;1:会员;2:关闭)',
  `allow_updown` tinyint(1) NOT NULL DEFAULT '1' COMMENT '顶踩(true:开放;false:关闭)',
  `is_blank` tinyint(1) NOT NULL DEFAULT '1' COMMENT '是否新窗口打开',
  `title` varchar(255) DEFAULT NULL COMMENT 'TITLE',
  `keywords` varchar(255) DEFAULT NULL COMMENT 'KEYWORDS',
  `description` varchar(255) DEFAULT NULL COMMENT 'DESCRIPTION',
  PRIMARY KEY (`channel_id`),
  CONSTRAINT `fk_jc_ext_channel` FOREIGN KEY (`channel_id`) REFERENCES `jc_channel` (`channel_id`)
) ENGINE=InnoDB DEFAULT CHARSET=utf8 COMMENT='CMS栏目内容表';
/*!40101 SET character_set_client = @saved_cs_client */;

--
-- Dumping data for table `jc_channel_ext`
--

LOCK TABLES `jc_channel_ext` WRITE;
/*!40000 ALTER TABLE `jc_channel_ext` DISABLE KEYS */;
INSERT INTO `jc_channel_ext` VALUES (1,'报表',NULL,NULL,'0','0','0','0',20,NULL,NULL,NULL,'/WEB-INF/t/cms/www/red/channel/新闻栏目.html',NULL,NULL,NULL,0,0,139,139,310,310,0,1,0,'报表','报表','报表');
/*!40000 ALTER TABLE `jc_channel_ext` ENABLE KEYS */;
UNLOCK TABLES;

--
-- Table structure for table `jc_channel_model`
--

DROP TABLE IF EXISTS `jc_channel_model`;
/*!40101 SET @saved_cs_client     = @@character_set_client */;
/*!40101 SET character_set_client = utf8 */;
CREATE TABLE `jc_channel_model` (
  `channel_id` int(11) NOT NULL,
  `model_id` int(11) NOT NULL COMMENT '模型id',
  `tpl_content` varchar(100) DEFAULT NULL COMMENT '内容模板',
  `priority` int(11) NOT NULL DEFAULT '10' COMMENT '排序',
  PRIMARY KEY (`channel_id`,`priority`),
  KEY `fk_jc_model_channel_m` (`model_id`),
  CONSTRAINT `fk_jc_channel_model_c` FOREIGN KEY (`channel_id`) REFERENCES `jc_channel` (`channel_id`),
  CONSTRAINT `fk_jc_model_channel_m` FOREIGN KEY (`model_id`) REFERENCES `jc_model` (`model_id`)
) ENGINE=InnoDB DEFAULT CHARSET=utf8 COMMENT='栏目可选内容模型表';
/*!40101 SET character_set_client = @saved_cs_client */;

--
-- Dumping data for table `jc_channel_model`
--

LOCK TABLES `jc_channel_model` WRITE;
/*!40000 ALTER TABLE `jc_channel_model` DISABLE KEYS */;
INSERT INTO `jc_channel_model` VALUES (1,1,'',0),(1,3,'',1),(1,4,'',2),(1,5,'/WEB-INF/t/cms/www/WEB-INF/t/cms/www/red/content/图库内容_延迟.html',3),(1,6,'',4),(1,7,'',5),(1,8,'',6);
/*!40000 ALTER TABLE `jc_channel_model` ENABLE KEYS */;
UNLOCK TABLES;

--
-- Table structure for table `jc_channel_txt`
--

DROP TABLE IF EXISTS `jc_channel_txt`;
/*!40101 SET @saved_cs_client     = @@character_set_client */;
/*!40101 SET character_set_client = utf8 */;
CREATE TABLE `jc_channel_txt` (
  `channel_id` int(11) NOT NULL,
  `txt` longtext COMMENT '栏目内容',
  `txt1` longtext COMMENT '扩展内容1',
  `txt2` longtext COMMENT '扩展内容2',
  `txt3` longtext COMMENT '扩展内容3',
  PRIMARY KEY (`channel_id`),
  CONSTRAINT `fk_jc_txt_channel` FOREIGN KEY (`channel_id`) REFERENCES `jc_channel` (`channel_id`)
) ENGINE=InnoDB DEFAULT CHARSET=utf8 COMMENT='CMS栏目文本表';
/*!40101 SET character_set_client = @saved_cs_client */;

--
-- Dumping data for table `jc_channel_txt`
--

LOCK TABLES `jc_channel_txt` WRITE;
/*!40000 ALTER TABLE `jc_channel_txt` DISABLE KEYS */;
/*!40000 ALTER TABLE `jc_channel_txt` ENABLE KEYS */;
UNLOCK TABLES;

--
-- Table structure for table `jc_channel_user`
--

DROP TABLE IF EXISTS `jc_channel_user`;
/*!40101 SET @saved_cs_client     = @@character_set_client */;
/*!40101 SET character_set_client = utf8 */;
CREATE TABLE `jc_channel_user` (
  `channel_id` int(11) NOT NULL,
  `user_id` int(11) NOT NULL,
  PRIMARY KEY (`channel_id`,`user_id`),
  KEY `fk_jc_channel_user` (`user_id`),
  CONSTRAINT `fk_jc_channel_user` FOREIGN KEY (`user_id`) REFERENCES `jc_user` (`user_id`),
  CONSTRAINT `fk_jc_user_channel` FOREIGN KEY (`channel_id`) REFERENCES `jc_channel` (`channel_id`)
) ENGINE=InnoDB DEFAULT CHARSET=utf8 COMMENT='CMS栏目用户关联表';
/*!40101 SET character_set_client = @saved_cs_client */;

--
-- Dumping data for table `jc_channel_user`
--

LOCK TABLES `jc_channel_user` WRITE;
/*!40000 ALTER TABLE `jc_channel_user` DISABLE KEYS */;
/*!40000 ALTER TABLE `jc_channel_user` ENABLE KEYS */;
UNLOCK TABLES;

--
-- Table structure for table `jc_chnl_group_contri`
--

DROP TABLE IF EXISTS `jc_chnl_group_contri`;
/*!40101 SET @saved_cs_client     = @@character_set_client */;
/*!40101 SET character_set_client = utf8 */;
CREATE TABLE `jc_chnl_group_contri` (
  `channel_id` int(11) NOT NULL,
  `group_id` int(11) NOT NULL,
  PRIMARY KEY (`channel_id`,`group_id`),
  KEY `fk_jc_channel_group_c` (`group_id`),
  CONSTRAINT `fk_jc_channel_group_c` FOREIGN KEY (`group_id`) REFERENCES `jc_group` (`group_id`),
  CONSTRAINT `fk_jc_group_channel_c` FOREIGN KEY (`channel_id`) REFERENCES `jc_channel` (`channel_id`)
) ENGINE=InnoDB DEFAULT CHARSET=utf8 COMMENT='CMS栏目投稿会员组关联表';
/*!40101 SET character_set_client = @saved_cs_client */;

--
-- Dumping data for table `jc_chnl_group_contri`
--

LOCK TABLES `jc_chnl_group_contri` WRITE;
/*!40000 ALTER TABLE `jc_chnl_group_contri` DISABLE KEYS */;
/*!40000 ALTER TABLE `jc_chnl_group_contri` ENABLE KEYS */;
UNLOCK TABLES;

--
-- Table structure for table `jc_chnl_group_view`
--

DROP TABLE IF EXISTS `jc_chnl_group_view`;
/*!40101 SET @saved_cs_client     = @@character_set_client */;
/*!40101 SET character_set_client = utf8 */;
CREATE TABLE `jc_chnl_group_view` (
  `channel_id` int(11) NOT NULL,
  `group_id` int(11) NOT NULL,
  PRIMARY KEY (`channel_id`,`group_id`),
  KEY `fk_jc_channel_group_v` (`group_id`),
  CONSTRAINT `fk_jc_channel_group_v` FOREIGN KEY (`group_id`) REFERENCES `jc_group` (`group_id`),
  CONSTRAINT `fk_jc_group_channel_v` FOREIGN KEY (`channel_id`) REFERENCES `jc_channel` (`channel_id`)
) ENGINE=InnoDB DEFAULT CHARSET=utf8 COMMENT='CMS栏目浏览会员组关联表';
/*!40101 SET character_set_client = @saved_cs_client */;

--
-- Dumping data for table `jc_chnl_group_view`
--

LOCK TABLES `jc_chnl_group_view` WRITE;
/*!40000 ALTER TABLE `jc_chnl_group_view` DISABLE KEYS */;
/*!40000 ALTER TABLE `jc_chnl_group_view` ENABLE KEYS */;
UNLOCK TABLES;

--
-- Table structure for table `jc_comment`
--

DROP TABLE IF EXISTS `jc_comment`;
/*!40101 SET @saved_cs_client     = @@character_set_client */;
/*!40101 SET character_set_client = utf8 */;
CREATE TABLE `jc_comment` (
  `comment_id` int(11) NOT NULL AUTO_INCREMENT,
  `comment_user_id` int(11) DEFAULT NULL COMMENT '评论用户ID',
  `reply_user_id` int(11) DEFAULT NULL COMMENT '回复用户ID',
  `content_id` int(11) NOT NULL COMMENT '内容ID',
  `site_id` int(11) NOT NULL COMMENT '站点ID',
  `create_time` datetime NOT NULL COMMENT '评论时间',
  `reply_time` datetime DEFAULT NULL COMMENT '回复时间',
  `ups` smallint(6) NOT NULL DEFAULT '0' COMMENT '支持数',
  `downs` smallint(6) NOT NULL DEFAULT '0' COMMENT '反对数',
  `is_recommend` tinyint(1) NOT NULL DEFAULT '0' COMMENT '是否推荐',
  `is_checked` tinyint(1) NOT NULL DEFAULT '0' COMMENT '是否审核',
  PRIMARY KEY (`comment_id`),
  KEY `fk_jc_comment_content` (`content_id`),
  KEY `fk_jc_comment_reply` (`reply_user_id`),
  KEY `fk_jc_comment_site` (`site_id`),
  KEY `fk_jc_comment_user` (`comment_user_id`),
  CONSTRAINT `fk_jc_comment_content` FOREIGN KEY (`content_id`) REFERENCES `jc_content` (`content_id`),
  CONSTRAINT `fk_jc_comment_reply` FOREIGN KEY (`reply_user_id`) REFERENCES `jc_user` (`user_id`),
  CONSTRAINT `fk_jc_comment_site` FOREIGN KEY (`site_id`) REFERENCES `jc_site` (`site_id`),
  CONSTRAINT `fk_jc_comment_user` FOREIGN KEY (`comment_user_id`) REFERENCES `jc_user` (`user_id`)
) ENGINE=InnoDB DEFAULT CHARSET=utf8 COMMENT='CMS评论表';
/*!40101 SET character_set_client = @saved_cs_client */;

--
-- Dumping data for table `jc_comment`
--

LOCK TABLES `jc_comment` WRITE;
/*!40000 ALTER TABLE `jc_comment` DISABLE KEYS */;
/*!40000 ALTER TABLE `jc_comment` ENABLE KEYS */;
UNLOCK TABLES;

--
-- Table structure for table `jc_comment_ext`
--

DROP TABLE IF EXISTS `jc_comment_ext`;
/*!40101 SET @saved_cs_client     = @@character_set_client */;
/*!40101 SET character_set_client = utf8 */;
CREATE TABLE `jc_comment_ext` (
  `comment_id` int(11) NOT NULL,
  `ip` varchar(50) DEFAULT NULL COMMENT 'IP地址',
  `text` longtext COMMENT '评论内容',
  `reply` longtext COMMENT '回复内容',
  KEY `fk_jc_ext_comment` (`comment_id`),
  CONSTRAINT `fk_jc_ext_comment` FOREIGN KEY (`comment_id`) REFERENCES `jc_comment` (`comment_id`)
) ENGINE=InnoDB DEFAULT CHARSET=utf8 COMMENT='CMS评论扩展表';
/*!40101 SET character_set_client = @saved_cs_client */;

--
-- Dumping data for table `jc_comment_ext`
--

LOCK TABLES `jc_comment_ext` WRITE;
/*!40000 ALTER TABLE `jc_comment_ext` DISABLE KEYS */;
/*!40000 ALTER TABLE `jc_comment_ext` ENABLE KEYS */;
UNLOCK TABLES;

--
-- Table structure for table `jc_config`
--

DROP TABLE IF EXISTS `jc_config`;
/*!40101 SET @saved_cs_client     = @@character_set_client */;
/*!40101 SET character_set_client = utf8 */;
CREATE TABLE `jc_config` (
  `config_id` int(11) NOT NULL,
  `context_path` varchar(20) DEFAULT '/JeeCms' COMMENT '部署路径',
  `servlet_point` varchar(20) DEFAULT NULL COMMENT 'Servlet挂载点',
  `port` int(11) DEFAULT NULL COMMENT '端口',
  `db_file_uri` varchar(50) NOT NULL DEFAULT '/dbfile.svl?n=' COMMENT '数据库附件访问地址',
  `is_upload_to_db` tinyint(1) NOT NULL DEFAULT '0' COMMENT '上传附件至数据库',
  `def_img` varchar(255) NOT NULL DEFAULT '/JeeCms/r/cms/www/default/no_picture.gif' COMMENT '图片不存在时默认图片',
  `login_url` varchar(255) NOT NULL DEFAULT '/login.jspx' COMMENT '登录地址',
  `process_url` varchar(255) DEFAULT NULL COMMENT '登录后处理地址',
  `mark_on` tinyint(1) NOT NULL DEFAULT '1' COMMENT '开启图片水印',
  `mark_width` int(11) NOT NULL DEFAULT '120' COMMENT '图片最小宽度',
  `mark_height` int(11) NOT NULL DEFAULT '120' COMMENT '图片最小高度',
  `mark_image` varchar(100) DEFAULT '/r/cms/www/watermark.png' COMMENT '图片水印',
  `mark_content` varchar(100) NOT NULL DEFAULT 'www.jeecms.com' COMMENT '文字水印内容',
  `mark_size` int(11) NOT NULL DEFAULT '20' COMMENT '文字水印大小',
  `mark_color` varchar(10) NOT NULL DEFAULT '#FF0000' COMMENT '文字水印颜色',
  `mark_alpha` int(11) NOT NULL DEFAULT '50' COMMENT '水印透明度（0-100）',
  `mark_position` int(11) NOT NULL DEFAULT '1' COMMENT '水印位置(0-5)',
  `mark_offset_x` int(11) NOT NULL DEFAULT '0' COMMENT 'x坐标偏移量',
  `mark_offset_y` int(11) NOT NULL DEFAULT '0' COMMENT 'y坐标偏移量',
  `count_clear_time` date NOT NULL COMMENT '计数器清除时间',
  `count_copy_time` datetime NOT NULL COMMENT '计数器拷贝时间',
  `download_code` varchar(32) NOT NULL DEFAULT 'jeecms' COMMENT '下载防盗链md5混淆码',
  `download_time` int(11) NOT NULL DEFAULT '12' COMMENT '下载有效时间（小时）',
  `email_host` varchar(50) DEFAULT NULL COMMENT '邮件发送服务器',
  `email_encoding` varchar(20) DEFAULT NULL COMMENT '邮件发送编码',
  `email_username` varchar(100) DEFAULT NULL COMMENT '邮箱用户名',
  `email_password` varchar(100) DEFAULT NULL COMMENT '邮箱密码',
  `email_personal` varchar(100) DEFAULT NULL COMMENT '邮箱发件人',
  `email_validate` tinyint(1) DEFAULT '0' COMMENT '开启邮箱验证',
  PRIMARY KEY (`config_id`)
) ENGINE=InnoDB DEFAULT CHARSET=utf8 COMMENT='CMS配置表';
/*!40101 SET character_set_client = @saved_cs_client */;

--
-- Dumping data for table `jc_config`
--

LOCK TABLES `jc_config` WRITE;
/*!40000 ALTER TABLE `jc_config` DISABLE KEYS */;
INSERT INTO `jc_config` VALUES (1,'',NULL,8080,'/dbfile.svl?n=',0,'/r/cms/www/no_picture.gif','/login.jspx',NULL,0,120,120,'/r/cms/www/watermark.png','www.cfz.com',20,'#FF0000',50,1,0,0,'2016-12-04','2016-12-04 09:15:48','jeecms',12,NULL,NULL,NULL,NULL,NULL,0);
/*!40000 ALTER TABLE `jc_config` ENABLE KEYS */;
UNLOCK TABLES;

--
-- Table structure for table `jc_config_attr`
--

DROP TABLE IF EXISTS `jc_config_attr`;
/*!40101 SET @saved_cs_client     = @@character_set_client */;
/*!40101 SET character_set_client = utf8 */;
CREATE TABLE `jc_config_attr` (
  `config_id` int(11) NOT NULL,
  `attr_name` varchar(30) NOT NULL COMMENT '名称',
  `attr_value` varchar(255) DEFAULT NULL COMMENT '值',
  KEY `fk_jc_attr_config` (`config_id`),
  CONSTRAINT `fk_jc_attr_config` FOREIGN KEY (`config_id`) REFERENCES `jc_config` (`config_id`)
) ENGINE=InnoDB DEFAULT CHARSET=utf8 COMMENT='CMS配置属性表';
/*!40101 SET character_set_client = @saved_cs_client */;

--
-- Dumping data for table `jc_config_attr`
--

LOCK TABLES `jc_config_attr` WRITE;
/*!40000 ALTER TABLE `jc_config_attr` DISABLE KEYS */;
INSERT INTO `jc_config_attr` VALUES (1,'password_min_len','3'),(1,'username_reserved',''),(1,'register_on','false'),(1,'member_on','false'),(1,'username_min_len','3'),(1,'version','jeecmsv5.0-f'),(1,'user_img_width','143'),(1,'user_img_height','98');
/*!40000 ALTER TABLE `jc_config_attr` ENABLE KEYS */;
UNLOCK TABLES;

--
-- Table structure for table `jc_content`
--

DROP TABLE IF EXISTS `jc_content`;
/*!40101 SET @saved_cs_client     = @@character_set_client */;
/*!40101 SET character_set_client = utf8 */;
CREATE TABLE `jc_content` (
  `content_id` int(11) NOT NULL AUTO_INCREMENT,
  `channel_id` int(11) NOT NULL COMMENT '栏目ID',
  `user_id` int(11) NOT NULL COMMENT '用户ID',
  `type_id` int(11) NOT NULL COMMENT '属性ID',
  `model_id` int(11) NOT NULL COMMENT '模型ID',
  `site_id` int(11) NOT NULL COMMENT '站点ID',
  `sort_date` datetime NOT NULL COMMENT '排序日期',
  `top_level` tinyint(4) NOT NULL DEFAULT '0' COMMENT '固顶级别',
  `has_title_img` tinyint(1) NOT NULL DEFAULT '0' COMMENT '是否有标题图',
  `is_recommend` tinyint(1) NOT NULL DEFAULT '0' COMMENT '是否推荐',
  `status` tinyint(4) NOT NULL DEFAULT '2' COMMENT '状态(0:草稿;1:审核中;2:审核通过;3:回收站)',
  `views_day` int(11) NOT NULL DEFAULT '0' COMMENT '日访问数',
  `comments_day` smallint(6) NOT NULL DEFAULT '0' COMMENT '日评论数',
  `downloads_day` smallint(6) NOT NULL DEFAULT '0' COMMENT '日下载数',
  `ups_day` smallint(6) NOT NULL DEFAULT '0' COMMENT '日顶数',
  PRIMARY KEY (`content_id`),
  KEY `fk_jc_content_site` (`site_id`),
  KEY `fk_jc_content_type` (`type_id`),
  KEY `fk_jc_content_user` (`user_id`),
  KEY `fk_jc_contentchannel` (`channel_id`),
  KEY `fk_jc_content_model` (`model_id`),
  CONSTRAINT `fk_jc_content_model` FOREIGN KEY (`model_id`) REFERENCES `jc_model` (`model_id`),
  CONSTRAINT `fk_jc_content_site` FOREIGN KEY (`site_id`) REFERENCES `jc_site` (`site_id`),
  CONSTRAINT `fk_jc_content_type` FOREIGN KEY (`type_id`) REFERENCES `jc_content_type` (`type_id`),
  CONSTRAINT `fk_jc_content_user` FOREIGN KEY (`user_id`) REFERENCES `jc_user` (`user_id`),
  CONSTRAINT `fk_jc_contentchannel` FOREIGN KEY (`channel_id`) REFERENCES `jc_channel` (`channel_id`)
) ENGINE=InnoDB DEFAULT CHARSET=utf8 COMMENT='CMS内容表';
/*!40101 SET character_set_client = @saved_cs_client */;

--
-- Dumping data for table `jc_content`
--

LOCK TABLES `jc_content` WRITE;
/*!40000 ALTER TABLE `jc_content` DISABLE KEYS */;
/*!40000 ALTER TABLE `jc_content` ENABLE KEYS */;
UNLOCK TABLES;

--
-- Table structure for table `jc_content_attachment`
--

DROP TABLE IF EXISTS `jc_content_attachment`;
/*!40101 SET @saved_cs_client     = @@character_set_client */;
/*!40101 SET character_set_client = utf8 */;
CREATE TABLE `jc_content_attachment` (
  `content_id` int(11) NOT NULL,
  `priority` int(11) NOT NULL COMMENT '排列顺序',
  `attachment_path` varchar(255) NOT NULL COMMENT '附件路径',
  `attachment_name` varchar(100) NOT NULL COMMENT '附件名称',
  `filename` varchar(100) DEFAULT NULL COMMENT '文件名',
  `download_count` int(11) NOT NULL DEFAULT '0' COMMENT '下载次数',
  KEY `fk_jc_attachment_content` (`content_id`),
  CONSTRAINT `fk_jc_attachment_content` FOREIGN KEY (`content_id`) REFERENCES `jc_content` (`content_id`)
) ENGINE=InnoDB DEFAULT CHARSET=utf8 COMMENT='CMS内容附件表';
/*!40101 SET character_set_client = @saved_cs_client */;

--
-- Dumping data for table `jc_content_attachment`
--

LOCK TABLES `jc_content_attachment` WRITE;
/*!40000 ALTER TABLE `jc_content_attachment` DISABLE KEYS */;
/*!40000 ALTER TABLE `jc_content_attachment` ENABLE KEYS */;
UNLOCK TABLES;

--
-- Table structure for table `jc_content_attr`
--

DROP TABLE IF EXISTS `jc_content_attr`;
/*!40101 SET @saved_cs_client     = @@character_set_client */;
/*!40101 SET character_set_client = utf8 */;
CREATE TABLE `jc_content_attr` (
  `content_id` int(11) NOT NULL,
  `attr_name` varchar(30) NOT NULL COMMENT '名称',
  `attr_value` varchar(255) DEFAULT NULL COMMENT '值',
  KEY `fk_jc_attr_content` (`content_id`),
  CONSTRAINT `fk_jc_attr_content` FOREIGN KEY (`content_id`) REFERENCES `jc_content` (`content_id`)
) ENGINE=InnoDB DEFAULT CHARSET=utf8 COMMENT='CMS内容扩展属性表';
/*!40101 SET character_set_client = @saved_cs_client */;

--
-- Dumping data for table `jc_content_attr`
--

LOCK TABLES `jc_content_attr` WRITE;
/*!40000 ALTER TABLE `jc_content_attr` DISABLE KEYS */;
/*!40000 ALTER TABLE `jc_content_attr` ENABLE KEYS */;
UNLOCK TABLES;

--
-- Table structure for table `jc_content_channel`
--

DROP TABLE IF EXISTS `jc_content_channel`;
/*!40101 SET @saved_cs_client     = @@character_set_client */;
/*!40101 SET character_set_client = utf8 */;
CREATE TABLE `jc_content_channel` (
  `channel_id` int(11) NOT NULL,
  `content_id` int(11) NOT NULL,
  PRIMARY KEY (`channel_id`,`content_id`),
  KEY `fk_jc_channel_content` (`content_id`),
  CONSTRAINT `fk_jc_channel_content` FOREIGN KEY (`content_id`) REFERENCES `jc_content` (`content_id`),
  CONSTRAINT `fk_jc_content_channel` FOREIGN KEY (`channel_id`) REFERENCES `jc_channel` (`channel_id`)
) ENGINE=InnoDB DEFAULT CHARSET=utf8 COMMENT='CMS内容栏目关联表';
/*!40101 SET character_set_client = @saved_cs_client */;

--
-- Dumping data for table `jc_content_channel`
--

LOCK TABLES `jc_content_channel` WRITE;
/*!40000 ALTER TABLE `jc_content_channel` DISABLE KEYS */;
/*!40000 ALTER TABLE `jc_content_channel` ENABLE KEYS */;
UNLOCK TABLES;

--
-- Table structure for table `jc_content_check`
--

DROP TABLE IF EXISTS `jc_content_check`;
/*!40101 SET @saved_cs_client     = @@character_set_client */;
/*!40101 SET character_set_client = utf8 */;
CREATE TABLE `jc_content_check` (
  `content_id` int(11) NOT NULL,
  `check_step` tinyint(4) NOT NULL DEFAULT '0' COMMENT '审核步数',
  `check_opinion` varchar(255) DEFAULT NULL COMMENT '审核意见',
  `is_rejected` tinyint(1) NOT NULL DEFAULT '0' COMMENT '是否退回',
  `reviewer` int(11) DEFAULT NULL COMMENT '终审者',
  `check_date` datetime DEFAULT NULL COMMENT '终审时间',
  PRIMARY KEY (`content_id`),
  KEY `fk_jc_content_check_user` (`reviewer`),
  CONSTRAINT `fk_jc_check_content` FOREIGN KEY (`content_id`) REFERENCES `jc_content` (`content_id`),
  CONSTRAINT `fk_jc_content_check_user` FOREIGN KEY (`reviewer`) REFERENCES `jc_user` (`user_id`)
) ENGINE=InnoDB DEFAULT CHARSET=utf8 COMMENT='CMS内容审核信息表';
/*!40101 SET character_set_client = @saved_cs_client */;

--
-- Dumping data for table `jc_content_check`
--

LOCK TABLES `jc_content_check` WRITE;
/*!40000 ALTER TABLE `jc_content_check` DISABLE KEYS */;
/*!40000 ALTER TABLE `jc_content_check` ENABLE KEYS */;
UNLOCK TABLES;

--
-- Table structure for table `jc_content_count`
--

DROP TABLE IF EXISTS `jc_content_count`;
/*!40101 SET @saved_cs_client     = @@character_set_client */;
/*!40101 SET character_set_client = utf8 */;
CREATE TABLE `jc_content_count` (
  `content_id` int(11) NOT NULL,
  `views` int(11) NOT NULL DEFAULT '0' COMMENT '总访问数',
  `views_month` int(11) NOT NULL DEFAULT '0' COMMENT '月访问数',
  `views_week` int(11) NOT NULL DEFAULT '0' COMMENT '周访问数',
  `views_day` int(11) NOT NULL DEFAULT '0' COMMENT '日访问数',
  `comments` int(11) NOT NULL DEFAULT '0' COMMENT '总评论数',
  `comments_month` int(11) NOT NULL DEFAULT '0' COMMENT '月评论数',
  `comments_week` smallint(6) NOT NULL DEFAULT '0' COMMENT '周评论数',
  `comments_day` smallint(6) NOT NULL DEFAULT '0' COMMENT '日评论数',
  `downloads` int(11) NOT NULL DEFAULT '0' COMMENT '总下载数',
  `downloads_month` int(11) NOT NULL DEFAULT '0' COMMENT '月下载数',
  `downloads_week` smallint(6) NOT NULL DEFAULT '0' COMMENT '周下载数',
  `downloads_day` smallint(6) NOT NULL DEFAULT '0' COMMENT '日下载数',
  `ups` int(11) NOT NULL DEFAULT '0' COMMENT '总顶数',
  `ups_month` int(11) NOT NULL DEFAULT '0' COMMENT '月顶数',
  `ups_week` smallint(6) NOT NULL DEFAULT '0' COMMENT '周顶数',
  `ups_day` smallint(6) NOT NULL DEFAULT '0' COMMENT '日顶数',
  `downs` int(11) NOT NULL DEFAULT '0' COMMENT '总踩数',
  PRIMARY KEY (`content_id`),
  CONSTRAINT `fk_jc_count_content` FOREIGN KEY (`content_id`) REFERENCES `jc_content` (`content_id`)
) ENGINE=InnoDB DEFAULT CHARSET=utf8 COMMENT='CMS内容计数表';
/*!40101 SET character_set_client = @saved_cs_client */;

--
-- Dumping data for table `jc_content_count`
--

LOCK TABLES `jc_content_count` WRITE;
/*!40000 ALTER TABLE `jc_content_count` DISABLE KEYS */;
/*!40000 ALTER TABLE `jc_content_count` ENABLE KEYS */;
UNLOCK TABLES;

--
-- Table structure for table `jc_content_ext`
--

DROP TABLE IF EXISTS `jc_content_ext`;
/*!40101 SET @saved_cs_client     = @@character_set_client */;
/*!40101 SET character_set_client = utf8 */;
CREATE TABLE `jc_content_ext` (
  `content_id` int(11) NOT NULL,
  `title` varchar(150) NOT NULL COMMENT '标题',
  `short_title` varchar(150) DEFAULT NULL COMMENT '简短标题',
  `author` varchar(100) DEFAULT NULL COMMENT '作者',
  `origin` varchar(100) DEFAULT NULL COMMENT '来源',
  `origin_url` varchar(255) DEFAULT NULL COMMENT '来源链接',
  `description` varchar(255) DEFAULT NULL COMMENT '描述',
  `release_date` datetime NOT NULL COMMENT '发布日期',
  `media_path` varchar(255) DEFAULT NULL COMMENT '媒体路径',
  `media_type` varchar(20) DEFAULT NULL COMMENT '媒体类型',
  `title_color` varchar(10) DEFAULT NULL COMMENT '标题颜色',
  `is_bold` tinyint(1) NOT NULL DEFAULT '0' COMMENT '是否加粗',
  `title_img` varchar(100) DEFAULT NULL COMMENT '标题图片',
  `content_img` varchar(100) DEFAULT NULL COMMENT '内容图片',
  `type_img` varchar(100) DEFAULT NULL COMMENT '类型图片',
  `link` varchar(255) DEFAULT NULL COMMENT '外部链接',
  `tpl_content` varchar(100) DEFAULT NULL COMMENT '指定模板',
  `need_regenerate` tinyint(1) NOT NULL DEFAULT '1' COMMENT '需要重新生成静态页',
  PRIMARY KEY (`content_id`),
  CONSTRAINT `fk_jc_ext_content` FOREIGN KEY (`content_id`) REFERENCES `jc_content` (`content_id`)
) ENGINE=InnoDB DEFAULT CHARSET=utf8 COMMENT='CMS内容扩展表';
/*!40101 SET character_set_client = @saved_cs_client */;

--
-- Dumping data for table `jc_content_ext`
--

LOCK TABLES `jc_content_ext` WRITE;
/*!40000 ALTER TABLE `jc_content_ext` DISABLE KEYS */;
/*!40000 ALTER TABLE `jc_content_ext` ENABLE KEYS */;
UNLOCK TABLES;

--
-- Table structure for table `jc_content_group_view`
--

DROP TABLE IF EXISTS `jc_content_group_view`;
/*!40101 SET @saved_cs_client     = @@character_set_client */;
/*!40101 SET character_set_client = utf8 */;
CREATE TABLE `jc_content_group_view` (
  `content_id` int(11) NOT NULL,
  `group_id` int(11) NOT NULL,
  PRIMARY KEY (`content_id`,`group_id`),
  KEY `fk_jc_content_group_v` (`group_id`),
  CONSTRAINT `fk_jc_content_group_v` FOREIGN KEY (`group_id`) REFERENCES `jc_group` (`group_id`),
  CONSTRAINT `fk_jc_group_content_v` FOREIGN KEY (`content_id`) REFERENCES `jc_content` (`content_id`)
) ENGINE=InnoDB DEFAULT CHARSET=utf8 COMMENT='CMS内容浏览会员组关联表';
/*!40101 SET character_set_client = @saved_cs_client */;

--
-- Dumping data for table `jc_content_group_view`
--

LOCK TABLES `jc_content_group_view` WRITE;
/*!40000 ALTER TABLE `jc_content_group_view` DISABLE KEYS */;
/*!40000 ALTER TABLE `jc_content_group_view` ENABLE KEYS */;
UNLOCK TABLES;

--
-- Table structure for table `jc_content_picture`
--

DROP TABLE IF EXISTS `jc_content_picture`;
/*!40101 SET @saved_cs_client     = @@character_set_client */;
/*!40101 SET character_set_client = utf8 */;
CREATE TABLE `jc_content_picture` (
  `content_id` int(11) NOT NULL,
  `priority` int(11) NOT NULL COMMENT '排列顺序',
  `img_path` varchar(100) NOT NULL COMMENT '图片地址',
  `description` varchar(255) DEFAULT NULL COMMENT '描述',
  PRIMARY KEY (`content_id`,`priority`),
  CONSTRAINT `fk_jc_picture_content` FOREIGN KEY (`content_id`) REFERENCES `jc_content` (`content_id`)
) ENGINE=InnoDB DEFAULT CHARSET=utf8 COMMENT='CMS内容图片表';
/*!40101 SET character_set_client = @saved_cs_client */;

--
-- Dumping data for table `jc_content_picture`
--

LOCK TABLES `jc_content_picture` WRITE;
/*!40000 ALTER TABLE `jc_content_picture` DISABLE KEYS */;
/*!40000 ALTER TABLE `jc_content_picture` ENABLE KEYS */;
UNLOCK TABLES;

--
-- Table structure for table `jc_content_tag`
--

DROP TABLE IF EXISTS `jc_content_tag`;
/*!40101 SET @saved_cs_client     = @@character_set_client */;
/*!40101 SET character_set_client = utf8 */;
CREATE TABLE `jc_content_tag` (
  `tag_id` int(11) NOT NULL AUTO_INCREMENT,
  `tag_name` varchar(50) NOT NULL COMMENT 'tag名称',
  `ref_counter` int(11) NOT NULL DEFAULT '1' COMMENT '被引用的次数',
  PRIMARY KEY (`tag_id`),
  UNIQUE KEY `ak_tag_name` (`tag_name`)
) ENGINE=InnoDB AUTO_INCREMENT=53 DEFAULT CHARSET=utf8 COMMENT='CMS内容TAG表';
/*!40101 SET character_set_client = @saved_cs_client */;

--
-- Dumping data for table `jc_content_tag`
--

LOCK TABLES `jc_content_tag` WRITE;
/*!40000 ALTER TABLE `jc_content_tag` DISABLE KEYS */;
INSERT INTO `jc_content_tag` VALUES (1,'2011',1),(2,'中国',1),(9,'机构',0),(16,'基金',0),(52,'调控',0);
/*!40000 ALTER TABLE `jc_content_tag` ENABLE KEYS */;
UNLOCK TABLES;

--
-- Table structure for table `jc_content_topic`
--

DROP TABLE IF EXISTS `jc_content_topic`;
/*!40101 SET @saved_cs_client     = @@character_set_client */;
/*!40101 SET character_set_client = utf8 */;
CREATE TABLE `jc_content_topic` (
  `content_id` int(11) NOT NULL,
  `topic_id` int(11) NOT NULL,
  PRIMARY KEY (`content_id`,`topic_id`),
  KEY `fk_jc_content_topic` (`topic_id`),
  CONSTRAINT `fk_jc_content_topic` FOREIGN KEY (`topic_id`) REFERENCES `jc_topic` (`topic_id`),
  CONSTRAINT `fk_jc_topic_content` FOREIGN KEY (`content_id`) REFERENCES `jc_content` (`content_id`)
) ENGINE=InnoDB DEFAULT CHARSET=utf8 COMMENT='CMS专题内容关联表';
/*!40101 SET character_set_client = @saved_cs_client */;

--
-- Dumping data for table `jc_content_topic`
--

LOCK TABLES `jc_content_topic` WRITE;
/*!40000 ALTER TABLE `jc_content_topic` DISABLE KEYS */;
/*!40000 ALTER TABLE `jc_content_topic` ENABLE KEYS */;
UNLOCK TABLES;

--
-- Table structure for table `jc_content_txt`
--

DROP TABLE IF EXISTS `jc_content_txt`;
/*!40101 SET @saved_cs_client     = @@character_set_client */;
/*!40101 SET character_set_client = utf8 */;
CREATE TABLE `jc_content_txt` (
  `content_id` int(11) NOT NULL,
  `txt` longtext COMMENT '文章内容',
  `txt1` longtext COMMENT '扩展内容1',
  `txt2` longtext COMMENT '扩展内容2',
  `txt3` longtext COMMENT '扩展内容3',
  PRIMARY KEY (`content_id`),
  CONSTRAINT `fk_jc_txt_content` FOREIGN KEY (`content_id`) REFERENCES `jc_content` (`content_id`)
) ENGINE=InnoDB DEFAULT CHARSET=utf8 COMMENT='CMS内容文本表';
/*!40101 SET character_set_client = @saved_cs_client */;

--
-- Dumping data for table `jc_content_txt`
--

LOCK TABLES `jc_content_txt` WRITE;
/*!40000 ALTER TABLE `jc_content_txt` DISABLE KEYS */;
/*!40000 ALTER TABLE `jc_content_txt` ENABLE KEYS */;
UNLOCK TABLES;

--
-- Table structure for table `jc_content_type`
--

DROP TABLE IF EXISTS `jc_content_type`;
/*!40101 SET @saved_cs_client     = @@character_set_client */;
/*!40101 SET character_set_client = utf8 */;
CREATE TABLE `jc_content_type` (
  `type_id` int(11) NOT NULL,
  `type_name` varchar(20) NOT NULL COMMENT '名称',
  `img_width` int(11) DEFAULT NULL COMMENT '图片宽',
  `img_height` int(11) DEFAULT NULL COMMENT '图片高',
  `has_image` tinyint(1) NOT NULL DEFAULT '0' COMMENT '是否有图片',
  `is_disabled` tinyint(1) NOT NULL DEFAULT '0' COMMENT '是否禁用',
  PRIMARY KEY (`type_id`)
) ENGINE=InnoDB DEFAULT CHARSET=utf8 COMMENT='CMS内容类型表';
/*!40101 SET character_set_client = @saved_cs_client */;

--
-- Dumping data for table `jc_content_type`
--

LOCK TABLES `jc_content_type` WRITE;
/*!40000 ALTER TABLE `jc_content_type` DISABLE KEYS */;
INSERT INTO `jc_content_type` VALUES (1,'普通',100,100,0,0),(2,'图文',143,98,1,0),(3,'焦点',280,200,1,0),(4,'头条',0,0,0,0);
/*!40000 ALTER TABLE `jc_content_type` ENABLE KEYS */;
UNLOCK TABLES;

--
-- Table structure for table `jc_contenttag`
--

DROP TABLE IF EXISTS `jc_contenttag`;
/*!40101 SET @saved_cs_client     = @@character_set_client */;
/*!40101 SET character_set_client = utf8 */;
CREATE TABLE `jc_contenttag` (
  `content_id` int(11) NOT NULL,
  `tag_id` int(11) NOT NULL,
  `priority` int(11) NOT NULL,
  KEY `fk_jc_content_tag` (`tag_id`),
  KEY `fk_jc_tag_content` (`content_id`),
  CONSTRAINT `fk_jc_content_tag` FOREIGN KEY (`tag_id`) REFERENCES `jc_content_tag` (`tag_id`),
  CONSTRAINT `fk_jc_tag_content` FOREIGN KEY (`content_id`) REFERENCES `jc_content` (`content_id`)
) ENGINE=InnoDB DEFAULT CHARSET=utf8 COMMENT='CMS内容标签关联表';
/*!40101 SET character_set_client = @saved_cs_client */;

--
-- Dumping data for table `jc_contenttag`
--

LOCK TABLES `jc_contenttag` WRITE;
/*!40000 ALTER TABLE `jc_contenttag` DISABLE KEYS */;
/*!40000 ALTER TABLE `jc_contenttag` ENABLE KEYS */;
UNLOCK TABLES;

--
-- Table structure for table `jc_dictionary`
--

DROP TABLE IF EXISTS `jc_dictionary`;
/*!40101 SET @saved_cs_client     = @@character_set_client */;
/*!40101 SET character_set_client = utf8 */;
CREATE TABLE `jc_dictionary` (
  `id` int(11) NOT NULL AUTO_INCREMENT,
  `name` varchar(255) NOT NULL COMMENT 'name',
  `value` varchar(255) NOT NULL COMMENT 'value',
  `type` varchar(255) NOT NULL COMMENT 'type',
  PRIMARY KEY (`id`)
) ENGINE=InnoDB AUTO_INCREMENT=15 DEFAULT CHARSET=utf8 COMMENT='字典表';
/*!40101 SET character_set_client = @saved_cs_client */;

--
-- Dumping data for table `jc_dictionary`
--

LOCK TABLES `jc_dictionary` WRITE;
/*!40000 ALTER TABLE `jc_dictionary` DISABLE KEYS */;
INSERT INTO `jc_dictionary` VALUES (1,'1-20人','1-20人','scale'),(2,'20-50人','20-50人','scale'),(3,'50-10人','50-10人','scale'),(4,'100人以上','100人以上','scale'),(5,'私企','私企','nature'),(6,'股份制','股份制','nature'),(7,'国企','国企','nature'),(8,'互联网','互联网','industry'),(9,'房地产','房地产','industry'),(10,'加工制造','加工制造','industry'),(11,'服务行业','服务行业','industry'),(12,'政府机构','政府机构','nature'),(13,'aaa','aaa','aaa'),(14,'房地产','房地产','12');
/*!40000 ALTER TABLE `jc_dictionary` ENABLE KEYS */;
UNLOCK TABLES;

--
-- Table structure for table `jc_file`
--

DROP TABLE IF EXISTS `jc_file`;
/*!40101 SET @saved_cs_client     = @@character_set_client */;
/*!40101 SET character_set_client = utf8 */;
CREATE TABLE `jc_file` (
  `file_path` varchar(255) NOT NULL DEFAULT '' COMMENT '文件路径',
  `file_name` varchar(255) DEFAULT '' COMMENT '文件名字',
  `file_isvalid` tinyint(1) NOT NULL DEFAULT '0' COMMENT '是否有效',
  `content_id` int(11) DEFAULT NULL COMMENT '内容id',
  PRIMARY KEY (`file_path`),
  KEY `fk_jc_file_content` (`content_id`),
  CONSTRAINT `fk_jc_file_content` FOREIGN KEY (`content_id`) REFERENCES `jc_content` (`content_id`)
) ENGINE=InnoDB DEFAULT CHARSET=utf8;
/*!40101 SET character_set_client = @saved_cs_client */;

--
-- Dumping data for table `jc_file`
--

LOCK TABLES `jc_file` WRITE;
/*!40000 ALTER TABLE `jc_file` DISABLE KEYS */;
INSERT INTO `jc_file` VALUES ('/u/cms/www//contact.vcf','contact.vcf',0,NULL),('/u/cms/www//index.html','index.html',0,NULL),('/u/cms/www//new.gif','new.gif',0,NULL),('/WEB-INF/t/cms/www//index.html','index.html',0,NULL),('/WEB-INF/t/cms/www//www.zip','www.zip',0,NULL);
/*!40000 ALTER TABLE `jc_file` ENABLE KEYS */;
UNLOCK TABLES;

--
-- Table structure for table `jc_friendlink`
--

DROP TABLE IF EXISTS `jc_friendlink`;
/*!40101 SET @saved_cs_client     = @@character_set_client */;
/*!40101 SET character_set_client = utf8 */;
CREATE TABLE `jc_friendlink` (
  `friendlink_id` int(11) NOT NULL AUTO_INCREMENT,
  `site_id` int(11) NOT NULL,
  `friendlinkctg_id` int(11) NOT NULL,
  `site_name` varchar(150) NOT NULL COMMENT '网站名称',
  `domain` varchar(255) NOT NULL COMMENT '网站地址',
  `logo` varchar(150) DEFAULT NULL COMMENT '图标',
  `email` varchar(100) DEFAULT NULL COMMENT '站长邮箱',
  `description` varchar(255) DEFAULT NULL COMMENT '描述',
  `views` int(11) NOT NULL DEFAULT '0' COMMENT '点击次数',
  `is_enabled` char(1) NOT NULL DEFAULT '1' COMMENT '是否显示',
  `priority` int(11) NOT NULL DEFAULT '10' COMMENT '排列顺序',
  PRIMARY KEY (`friendlink_id`),
  KEY `fk_jc_ctg_friendlink` (`friendlinkctg_id`),
  KEY `fk_jc_friendlink_site` (`site_id`),
  CONSTRAINT `fk_jc_ctg_friendlink` FOREIGN KEY (`friendlinkctg_id`) REFERENCES `jc_friendlink_ctg` (`friendlinkctg_id`),
  CONSTRAINT `fk_jc_friendlink_site` FOREIGN KEY (`site_id`) REFERENCES `jc_site` (`site_id`)
) ENGINE=InnoDB AUTO_INCREMENT=9 DEFAULT CHARSET=utf8 COMMENT='CMS友情链接';
/*!40101 SET character_set_client = @saved_cs_client */;

--
-- Dumping data for table `jc_friendlink`
--

LOCK TABLES `jc_friendlink` WRITE;
/*!40000 ALTER TABLE `jc_friendlink` DISABLE KEYS */;
INSERT INTO `jc_friendlink` VALUES (1,1,1,'JEECMS官网','http://www.jeecms.com',NULL,'jeecms@163.com','JEECMS是JavaEE版网站管理系统（Java Enterprise Edition Content Manage System）的简称。Java凭借其强大、稳定、安全、高效等多方面的优势，一直是企业级应用的首选。',9,'1',1),(2,1,1,'JEEBBS论坛','http://bbs.jeecms.com',NULL,'jeecms@163.com','JEEBBS论坛',5,'1',10),(3,1,2,'京东商城','http://www.360buy.com/','/u/cms/www/201112/1910271036lr.gif','','',4,'1',10),(4,1,2,'当当网','http://www.dangdang.com/','/u/cms/www/201112/191408344rwj.gif','','',0,'1',10),(5,1,2,'亚马逊','http://www.amazon.cn/','/u/cms/www/201112/19141012lh2q.gif','','',0,'1',10),(6,1,2,'ihush','http://www.ihush.com/','/u/cms/www/201112/19141255yrfb.gif','','',1,'1',10),(7,1,2,'名品打折','http://temai.dazhe.cn','/u/cms/www/201112/19141401rp2d.gif','','',2,'1',10),(8,1,2,'优品','http://temai.dazhe.cn','/u/cms/www/201112/191415078pzs.gif','','',4,'1',10);
/*!40000 ALTER TABLE `jc_friendlink` ENABLE KEYS */;
UNLOCK TABLES;

--
-- Table structure for table `jc_friendlink_ctg`
--

DROP TABLE IF EXISTS `jc_friendlink_ctg`;
/*!40101 SET @saved_cs_client     = @@character_set_client */;
/*!40101 SET character_set_client = utf8 */;
CREATE TABLE `jc_friendlink_ctg` (
  `friendlinkctg_id` int(11) NOT NULL AUTO_INCREMENT,
  `site_id` int(11) NOT NULL,
  `friendlinkctg_name` varchar(50) NOT NULL COMMENT '名称',
  `priority` int(11) NOT NULL DEFAULT '10' COMMENT '排列顺序',
  PRIMARY KEY (`friendlinkctg_id`),
  KEY `fk_jc_friendlinkctg_site` (`site_id`),
  CONSTRAINT `fk_jc_friendlinkctg_site` FOREIGN KEY (`site_id`) REFERENCES `jc_site` (`site_id`)
) ENGINE=InnoDB AUTO_INCREMENT=3 DEFAULT CHARSET=utf8 COMMENT='CMS友情链接类别';
/*!40101 SET character_set_client = @saved_cs_client */;

--
-- Dumping data for table `jc_friendlink_ctg`
--

LOCK TABLES `jc_friendlink_ctg` WRITE;
/*!40000 ALTER TABLE `jc_friendlink_ctg` DISABLE KEYS */;
INSERT INTO `jc_friendlink_ctg` VALUES (1,1,'文字链接',1),(2,1,'品牌专区（图片链接）',2);
/*!40000 ALTER TABLE `jc_friendlink_ctg` ENABLE KEYS */;
UNLOCK TABLES;

--
-- Table structure for table `jc_group`
--

DROP TABLE IF EXISTS `jc_group`;
/*!40101 SET @saved_cs_client     = @@character_set_client */;
/*!40101 SET character_set_client = utf8 */;
CREATE TABLE `jc_group` (
  `group_id` int(11) NOT NULL AUTO_INCREMENT,
  `group_name` varchar(100) NOT NULL COMMENT '名称',
  `priority` int(11) NOT NULL DEFAULT '10' COMMENT '排列顺序',
  `need_captcha` tinyint(1) NOT NULL DEFAULT '1' COMMENT '是否需要验证码',
  `need_check` tinyint(1) NOT NULL DEFAULT '1' COMMENT '是否需要审核',
  `allow_per_day` int(11) NOT NULL DEFAULT '4096' COMMENT '每日允许上传KB',
  `allow_max_file` int(11) NOT NULL DEFAULT '1024' COMMENT '每个文件最大KB',
  `allow_suffix` varchar(255) DEFAULT 'jpg,jpeg,gif,png,bmp' COMMENT '允许上传的后缀',
  `is_reg_def` tinyint(1) NOT NULL DEFAULT '0' COMMENT '是否默认会员组',
  PRIMARY KEY (`group_id`)
) ENGINE=InnoDB AUTO_INCREMENT=3 DEFAULT CHARSET=utf8 COMMENT='CMS会员组表';
/*!40101 SET character_set_client = @saved_cs_client */;

--
-- Dumping data for table `jc_group`
--

LOCK TABLES `jc_group` WRITE;
/*!40000 ALTER TABLE `jc_group` DISABLE KEYS */;
INSERT INTO `jc_group` VALUES (1,'普通会员',10,1,1,4096,1024,'jpg,jpeg,gif,png,bmp',1),(2,'高级组',10,1,1,0,0,'',0);
/*!40000 ALTER TABLE `jc_group` ENABLE KEYS */;
UNLOCK TABLES;

--
-- Table structure for table `jc_guestbook`
--

DROP TABLE IF EXISTS `jc_guestbook`;
/*!40101 SET @saved_cs_client     = @@character_set_client */;
/*!40101 SET character_set_client = utf8 */;
CREATE TABLE `jc_guestbook` (
  `guestbook_id` int(11) NOT NULL AUTO_INCREMENT,
  `site_id` int(11) NOT NULL,
  `guestbookctg_id` int(11) NOT NULL,
  `member_id` int(11) DEFAULT NULL COMMENT '留言会员',
  `admin_id` int(11) DEFAULT NULL COMMENT '回复管理员',
  `ip` varchar(50) NOT NULL COMMENT '留言IP',
  `create_time` datetime NOT NULL COMMENT '留言时间',
  `replay_time` datetime DEFAULT NULL COMMENT '回复时间',
  `is_checked` tinyint(1) NOT NULL DEFAULT '0' COMMENT '是否审核',
  `is_recommend` tinyint(1) NOT NULL DEFAULT '0' COMMENT '是否推荐',
  PRIMARY KEY (`guestbook_id`),
  KEY `fk_jc_ctg_guestbook` (`guestbookctg_id`),
  KEY `fk_jc_guestbook_admin` (`admin_id`),
  KEY `fk_jc_guestbook_member` (`member_id`),
  KEY `fk_jc_guestbook_site` (`site_id`),
  CONSTRAINT `fk_jc_ctg_guestbook` FOREIGN KEY (`guestbookctg_id`) REFERENCES `jc_guestbook_ctg` (`guestbookctg_id`),
  CONSTRAINT `fk_jc_guestbook_admin` FOREIGN KEY (`admin_id`) REFERENCES `jc_user` (`user_id`),
  CONSTRAINT `fk_jc_guestbook_member` FOREIGN KEY (`member_id`) REFERENCES `jc_user` (`user_id`),
  CONSTRAINT `fk_jc_guestbook_site` FOREIGN KEY (`site_id`) REFERENCES `jc_site` (`site_id`)
) ENGINE=InnoDB AUTO_INCREMENT=3 DEFAULT CHARSET=utf8 COMMENT='CMS留言';
/*!40101 SET character_set_client = @saved_cs_client */;

--
-- Dumping data for table `jc_guestbook`
--

LOCK TABLES `jc_guestbook` WRITE;
/*!40000 ALTER TABLE `jc_guestbook` DISABLE KEYS */;
INSERT INTO `jc_guestbook` VALUES (1,1,1,1,NULL,'127.0.0.1','2014-07-20 02:07:14',NULL,0,0),(2,1,1,1,NULL,'127.0.0.1','2014-07-20 02:07:38',NULL,0,0);
/*!40000 ALTER TABLE `jc_guestbook` ENABLE KEYS */;
UNLOCK TABLES;

--
-- Table structure for table `jc_guestbook_ctg`
--

DROP TABLE IF EXISTS `jc_guestbook_ctg`;
/*!40101 SET @saved_cs_client     = @@character_set_client */;
/*!40101 SET character_set_client = utf8 */;
CREATE TABLE `jc_guestbook_ctg` (
  `guestbookctg_id` int(11) NOT NULL AUTO_INCREMENT,
  `site_id` int(11) NOT NULL,
  `ctg_name` varchar(100) NOT NULL COMMENT '名称',
  `priority` int(11) NOT NULL DEFAULT '10' COMMENT '排列顺序',
  `description` varchar(255) DEFAULT NULL COMMENT '描述',
  PRIMARY KEY (`guestbookctg_id`),
  KEY `fk_jc_guestbookctg_site` (`site_id`),
  CONSTRAINT `fk_jc_guestbookctg_site` FOREIGN KEY (`site_id`) REFERENCES `jc_site` (`site_id`)
) ENGINE=InnoDB AUTO_INCREMENT=2 DEFAULT CHARSET=utf8 COMMENT='CMS留言类别';
/*!40101 SET character_set_client = @saved_cs_client */;

--
-- Dumping data for table `jc_guestbook_ctg`
--

LOCK TABLES `jc_guestbook_ctg` WRITE;
/*!40000 ALTER TABLE `jc_guestbook_ctg` DISABLE KEYS */;
INSERT INTO `jc_guestbook_ctg` VALUES (1,1,'普通',1,'普通留言');
/*!40000 ALTER TABLE `jc_guestbook_ctg` ENABLE KEYS */;
UNLOCK TABLES;

--
-- Table structure for table `jc_guestbook_ext`
--

DROP TABLE IF EXISTS `jc_guestbook_ext`;
/*!40101 SET @saved_cs_client     = @@character_set_client */;
/*!40101 SET character_set_client = utf8 */;
CREATE TABLE `jc_guestbook_ext` (
  `guestbook_id` int(11) NOT NULL,
  `title` varchar(255) DEFAULT NULL COMMENT '留言标题',
  `content` longtext COMMENT '留言内容',
  `reply` longtext COMMENT '回复内容',
  `email` varchar(100) DEFAULT NULL COMMENT '电子邮件',
  `phone` varchar(100) DEFAULT NULL COMMENT '电话',
  `qq` varchar(50) DEFAULT NULL COMMENT 'QQ',
  KEY `fk_jc_ext_guestbook` (`guestbook_id`),
  CONSTRAINT `fk_jc_ext_guestbook` FOREIGN KEY (`guestbook_id`) REFERENCES `jc_guestbook` (`guestbook_id`)
) ENGINE=InnoDB DEFAULT CHARSET=utf8 COMMENT='CMS留言内容';
/*!40101 SET character_set_client = @saved_cs_client */;

--
-- Dumping data for table `jc_guestbook_ext`
--

LOCK TABLES `jc_guestbook_ext` WRITE;
/*!40000 ALTER TABLE `jc_guestbook_ext` DISABLE KEYS */;
INSERT INTO `jc_guestbook_ext` VALUES (1,NULL,'aa',NULL,'aa','aa',NULL),(2,'aaa','aa',NULL,NULL,'aaa',NULL);
/*!40000 ALTER TABLE `jc_guestbook_ext` ENABLE KEYS */;
UNLOCK TABLES;

--
-- Table structure for table `jc_job_apply`
--

DROP TABLE IF EXISTS `jc_job_apply`;
/*!40101 SET @saved_cs_client     = @@character_set_client */;
/*!40101 SET character_set_client = utf8 */;
CREATE TABLE `jc_job_apply` (
  `job_apply_id` int(11) NOT NULL AUTO_INCREMENT,
  `user_id` int(11) NOT NULL COMMENT '用户id',
  `content_id` int(11) NOT NULL COMMENT '职位id',
  `apply_time` datetime NOT NULL COMMENT '申请时间',
  PRIMARY KEY (`job_apply_id`),
  KEY `fk_jc_job_apply_user` (`user_id`),
  KEY `fk_jc_job_apply_content` (`content_id`),
  CONSTRAINT `fk_jc_job_apply_content` FOREIGN KEY (`content_id`) REFERENCES `jc_content` (`content_id`),
  CONSTRAINT `fk_jc_job_apply_user` FOREIGN KEY (`user_id`) REFERENCES `jc_user` (`user_id`)
) ENGINE=InnoDB DEFAULT CHARSET=utf8 COMMENT='职位申请表';
/*!40101 SET character_set_client = @saved_cs_client */;

--
-- Dumping data for table `jc_job_apply`
--

LOCK TABLES `jc_job_apply` WRITE;
/*!40000 ALTER TABLE `jc_job_apply` DISABLE KEYS */;
/*!40000 ALTER TABLE `jc_job_apply` ENABLE KEYS */;
UNLOCK TABLES;

--
-- Table structure for table `jc_keyword`
--

DROP TABLE IF EXISTS `jc_keyword`;
/*!40101 SET @saved_cs_client     = @@character_set_client */;
/*!40101 SET character_set_client = utf8 */;
CREATE TABLE `jc_keyword` (
  `keyword_id` int(11) NOT NULL AUTO_INCREMENT,
  `site_id` int(11) DEFAULT NULL COMMENT '站点ID',
  `keyword_name` varchar(100) NOT NULL COMMENT '名称',
  `url` varchar(255) NOT NULL COMMENT '链接',
  `is_disabled` tinyint(1) NOT NULL DEFAULT '0' COMMENT '是否禁用',
  PRIMARY KEY (`keyword_id`),
  KEY `fk_jc_keyword_site` (`site_id`),
  CONSTRAINT `fk_jc_keyword_site` FOREIGN KEY (`site_id`) REFERENCES `jc_site` (`site_id`)
) ENGINE=InnoDB AUTO_INCREMENT=2 DEFAULT CHARSET=utf8 COMMENT='CMS内容关键词表';
/*!40101 SET character_set_client = @saved_cs_client */;

--
-- Dumping data for table `jc_keyword`
--

LOCK TABLES `jc_keyword` WRITE;
/*!40000 ALTER TABLE `jc_keyword` DISABLE KEYS */;
INSERT INTO `jc_keyword` VALUES (1,NULL,'内容管理系统','<a href=\"http://www.jeecms.com/\" target=\"_blank\">内容管理系统</a>',0);
/*!40000 ALTER TABLE `jc_keyword` ENABLE KEYS */;
UNLOCK TABLES;

--
-- Table structure for table `jc_log`
--

DROP TABLE IF EXISTS `jc_log`;
/*!40101 SET @saved_cs_client     = @@character_set_client */;
/*!40101 SET character_set_client = utf8 */;
CREATE TABLE `jc_log` (
  `log_id` int(11) NOT NULL AUTO_INCREMENT,
  `user_id` int(11) DEFAULT NULL,
  `site_id` int(11) DEFAULT NULL,
  `category` int(11) NOT NULL COMMENT '日志类型',
  `log_time` datetime NOT NULL COMMENT '日志时间',
  `ip` varchar(50) DEFAULT NULL COMMENT 'IP地址',
  `url` varchar(255) DEFAULT NULL COMMENT 'URL地址',
  `title` varchar(255) DEFAULT NULL COMMENT '日志标题',
  `content` varchar(255) DEFAULT NULL COMMENT '日志内容',
  PRIMARY KEY (`log_id`),
  KEY `fk_jc_log_site` (`site_id`),
  KEY `fk_jc_log_user` (`user_id`),
  CONSTRAINT `fk_jc_log_site` FOREIGN KEY (`site_id`) REFERENCES `jc_site` (`site_id`),
  CONSTRAINT `fk_jc_log_user` FOREIGN KEY (`user_id`) REFERENCES `jc_user` (`user_id`)
) ENGINE=InnoDB AUTO_INCREMENT=730 DEFAULT CHARSET=utf8 COMMENT='CMS日志表';
/*!40101 SET character_set_client = @saved_cs_client */;

--
-- Dumping data for table `jc_log`
--

LOCK TABLES `jc_log` WRITE;
/*!40000 ALTER TABLE `jc_log` DISABLE KEYS */;
INSERT INTO `jc_log` VALUES (1,1,NULL,1,'2014-06-08 01:09:21','127.0.0.1','/jeeadmin/jeecms/login.do','登录成功',NULL),(3,1,NULL,1,'2014-06-08 01:50:22','192.168.1.104','/jeeadmin/jeecms/login.do','登录成功',NULL),(4,1,NULL,1,'2014-06-08 17:28:44','127.0.0.1','/jeeadmin/jeecms/login.do','登录成功',NULL),(5,1,NULL,1,'2014-06-27 21:11:22','127.0.0.1','/jeeadmin/jeecms/login.do','登录成功',NULL),(6,1,NULL,1,'2014-06-27 21:25:42','127.0.0.1','/jeeadmin/jeecms/login.do','登录成功',NULL),(7,1,NULL,1,'2014-06-28 00:39:11','127.0.0.1','/jeeadmin/jeecms/login.do','登录成功',NULL),(8,1,NULL,1,'2014-06-28 12:40:28','127.0.0.1','/jeeadmin/jeecms/login.do','登录成功',NULL),(10,1,NULL,1,'2014-06-29 13:12:57','127.0.0.1','/jeeadmin/jeecms/login.do','登录成功',NULL),(11,NULL,NULL,2,'2014-06-29 21:12:32','127.0.0.1','/jeeadmin/jeecms/login.do','登录失败','username=admin'),(12,1,NULL,1,'2014-06-29 21:12:40','127.0.0.1','/jeeadmin/jeecms/login.do','登录成功',NULL),(13,1,NULL,1,'2014-07-05 02:49:27','127.0.0.1','/jeeadmin/jeecms/login.do','登录成功',NULL),(14,1,NULL,1,'2014-07-06 02:40:14','127.0.0.1','/jeeadmin/jeecms/login.do','登录成功',NULL),(15,NULL,NULL,2,'2014-07-07 22:42:03','127.0.0.1','/jeeadmin/jeecms/login.do','登录失败','username=admin'),(16,1,NULL,1,'2014-07-07 22:42:12','127.0.0.1','/jeeadmin/jeecms/login.do','登录成功',NULL),(17,NULL,NULL,2,'2014-07-09 01:59:29','127.0.0.1','/jeeadmin/jeecms/login.do','登录失败','username=admin'),(18,NULL,NULL,2,'2014-07-09 01:59:51','127.0.0.1','/jeeadmin/jeecms/login.do','登录失败','username=admin'),(19,1,NULL,1,'2014-07-09 02:00:00','127.0.0.1','/jeeadmin/jeecms/login.do','登录成功',NULL),(20,1,NULL,1,'2014-07-09 02:43:11','127.0.0.1','/jeeadmin/jeecms/login.do','登录成功',NULL),(22,1,NULL,1,'2014-07-09 02:55:33','127.0.0.1','/jeeadmin/jeecms/login.do','登录成功',NULL),(27,1,NULL,1,'2014-07-09 03:56:20','127.0.0.1','/jeeadmin/jeecms/login.do','登录成功',NULL),(28,1,NULL,1,'2014-07-09 05:42:31','127.0.0.1','/jeeadmin/jeecms/login.do','登录成功',NULL),(30,1,NULL,1,'2014-07-10 21:53:45','127.0.0.1','/jeeadmin/jeecms/login.do','登录成功',NULL),(31,1,NULL,1,'2014-07-12 01:38:21','127.0.0.1','/jeeadmin/jeecms/login.do','登录成功',NULL),(32,1,NULL,1,'2014-07-12 01:47:40','127.0.0.1','/jeeadmin/jeecms/login.do','登录成功',NULL),(33,1,NULL,1,'2014-07-13 12:06:04','127.0.0.1','/jeeadmin/jeecms/login.do','登录成功',NULL),(35,1,NULL,1,'2014-07-15 20:59:28','127.0.0.1','/jeeadmin/jeecms/login.do','登录成功',NULL),(36,1,NULL,1,'2014-07-15 21:54:43','127.0.0.1','/jeeadmin/jeecms/login.do','登录成功',NULL),(37,1,NULL,1,'2014-07-15 23:39:11','127.0.0.1','/jeeadmin/jeecms/login.do','登录成功',NULL),(38,1,NULL,1,'2014-07-16 00:15:03','127.0.0.1','/jeeadmin/jeecms/login.do','登录成功',NULL),(39,1,NULL,1,'2014-07-16 00:33:27','127.0.0.1','/jeeadmin/jeecms/login.do','登录成功',NULL),(52,1,NULL,1,'2014-07-16 19:31:04','127.0.0.1','/jeeadmin/jeecms/login.do','登录成功',NULL),(53,1,NULL,1,'2014-07-16 22:01:50','127.0.0.1','/jeeadmin/jeecms/login.do','登录成功',NULL),(55,1,NULL,1,'2014-07-20 00:10:00','127.0.0.1','/jeeadmin/jeecms/login.do','登录成功',NULL),(56,1,NULL,1,'2014-07-20 15:05:04','127.0.0.1','/jeeadmin/jeecms/login.do','登录成功',NULL),(57,1,NULL,1,'2014-07-21 01:22:03','127.0.0.1','/jeeadmin/jeecms/login.do','登录成功',NULL),(58,1,NULL,1,'2014-07-21 15:55:15','127.0.0.1','/jeeadmin/jeecms/login.do','登录成功',NULL),(59,1,NULL,1,'2014-07-21 16:53:26','127.0.0.1','/jeeadmin/jeecms/login.do','登录成功',NULL),(60,1,NULL,1,'2014-07-21 18:57:09','127.0.0.1','/jeeadmin/jeecms/login.do','登录成功',NULL),(61,1,NULL,1,'2014-07-22 08:47:55','127.0.0.1','/jeeadmin/jeecms/login.do','登录成功',NULL),(62,1,NULL,1,'2014-07-29 11:43:41','127.0.0.1','/jeeadmin/jeecms/login.do','登录成功',NULL),(63,1,NULL,1,'2014-07-29 20:59:37','127.0.0.1','/jeeadmin/jeecms/login.do','登录成功',NULL),(64,1,NULL,1,'2014-07-31 20:11:00','127.0.0.1','/jeeadmin/jeecms/login.do','登录成功',NULL),(65,1,NULL,1,'2014-07-31 22:26:35','127.0.0.1','/jeeadmin/jeecms/login.do','登录成功',NULL),(66,1,NULL,1,'2014-08-02 16:18:12','127.0.0.1','/jeeadmin/jeecms/login.do','登录成功',NULL),(67,1,NULL,1,'2014-08-02 20:02:33','127.0.0.1','/jeeadmin/jeecms/login.do','登录成功',NULL),(68,1,NULL,1,'2014-08-02 20:42:12','127.0.0.1','/jeeadmin/jeecms/login.do','登录成功',NULL),(69,1,NULL,1,'2014-08-02 22:12:25','127.0.0.1','/jeeadmin/jeecms/login.do','登录成功',NULL),(164,1,NULL,1,'2014-08-08 21:46:02','127.0.0.1','/jeeadmin/jeecms/login.do','登录成功',NULL),(165,1,NULL,1,'2014-08-12 10:33:05','127.0.0.1','/jeeadmin/jeecms/login.do','登录成功',NULL),(166,1,NULL,1,'2014-08-12 16:42:38','127.0.0.1','/jeeadmin/jeecms/login.do','登录成功',NULL),(167,1,NULL,1,'2014-08-16 19:08:53','127.0.0.1','/jeeadmin/jeecms/login.do','登录成功',NULL),(168,1,NULL,1,'2014-08-17 13:52:44','127.0.0.1','/jeeadmin/jeecms/login.do','登录成功',NULL),(169,1,NULL,1,'2014-08-23 13:17:43','127.0.0.1','/jeeadmin/jeecms/login.do','登录成功',NULL),(170,1,NULL,1,'2014-08-23 16:00:11','127.0.0.1','/jeeadmin/jeecms/login.do','登录成功',NULL),(171,1,NULL,1,'2014-08-23 23:53:12','127.0.0.1','/jeeadmin/jeecms/login.do','登录成功',NULL),(172,1,NULL,1,'2014-08-26 10:29:46','127.0.0.1','/jeeadmin/jeecms/login.do','登录成功',NULL),(174,1,NULL,1,'2014-08-27 11:27:13','127.0.0.1','/jeeadmin/jeecms/login.do','登录成功',NULL),(175,1,NULL,1,'2014-08-27 13:24:11','127.0.0.1','/jeeadmin/jeecms/login.do','登录成功',NULL),(176,1,NULL,1,'2014-08-27 13:34:14','127.0.0.1','/jeeadmin/jeecms/login.do','登录成功',NULL),(177,1,NULL,1,'2014-08-27 17:10:32','127.0.0.1','/jeeadmin/jeecms/login.do','登录成功',NULL),(178,1,NULL,1,'2014-08-28 14:19:55','127.0.0.1','/jeeadmin/jeecms/login.do','登录成功',NULL),(179,1,NULL,1,'2014-08-28 14:31:25','127.0.0.1','/jeeadmin/jeecms/login.do','登录成功',NULL),(180,1,NULL,1,'2014-08-30 11:02:05','127.0.0.1','/jeeadmin/jeecms/login.do','登录成功',NULL),(181,NULL,NULL,2,'2014-08-30 11:02:35','127.0.0.1','/jeeadmin/jeecms/login.do','登录失败','username=admin'),(182,1,NULL,1,'2014-08-30 11:02:41','127.0.0.1','/jeeadmin/jeecms/login.do','登录成功',NULL),(185,1,NULL,1,'2014-08-30 12:20:22','127.0.0.1','/jeeadmin/jeecms/login.do','登录成功',NULL),(278,1,NULL,1,'2014-08-31 09:45:51','127.0.0.1','/jeeadmin/jeecms/login.do','登录成功',NULL),(279,1,NULL,1,'2014-08-31 10:18:15','127.0.0.1','/jeeadmin/jeecms/login.do','登录成功',NULL),(281,1,NULL,1,'2014-09-10 22:55:18','0:0:0:0:0:0:0:1','/xjadmin/xunjian/login.do','登录成功',NULL),(282,1,NULL,1,'2014-09-10 22:55:56','0:0:0:0:0:0:0:1','/xjadmin/xunjian/login.do','登录成功',NULL),(283,1,NULL,1,'2014-09-18 23:35:05','0:0:0:0:0:0:0:1','/xjadmin/xunjian/login.do','登录成功',NULL),(284,1,NULL,1,'2014-09-19 00:52:32','0:0:0:0:0:0:0:1','/xjadmin/xunjian/login.do','登录成功',NULL),(285,1,NULL,1,'2014-09-19 03:06:22','0:0:0:0:0:0:0:1','/xjadmin/xunjian/login.do','登录成功',NULL),(286,1,NULL,1,'2014-09-19 16:20:40','0:0:0:0:0:0:0:1','/xjadmin/xunjian/login.do','登录成功',NULL),(287,1,NULL,1,'2014-09-20 05:11:40','0:0:0:0:0:0:0:1','/xjadmin/xunjian/login.do','登录成功',NULL),(288,1,NULL,1,'2014-09-20 09:48:18','0:0:0:0:0:0:0:1','/xjadmin/xunjian/login.do','登录成功',NULL),(289,1,NULL,1,'2014-09-20 10:48:55','0:0:0:0:0:0:0:1','/xjadmin/xunjian/login.do','登录成功',NULL),(290,1,NULL,1,'2014-10-02 14:58:21','0:0:0:0:0:0:0:1','/xjadmin/xunjian/login.do','登录成功',NULL),(307,NULL,NULL,2,'2014-10-02 19:38:02','0:0:0:0:0:0:0:1','/xjadmin/xunjian/login.do','登录失败','username=admin'),(308,1,NULL,1,'2014-10-02 19:38:10','0:0:0:0:0:0:0:1','/xjadmin/xunjian/login.do','登录成功',NULL),(309,1,NULL,1,'2014-10-03 09:23:52','0:0:0:0:0:0:0:1','/xjadmin/xunjian/login.do','登录成功',NULL),(310,1,NULL,1,'2014-10-03 20:39:06','0:0:0:0:0:0:0:1','/xjadmin/xunjian/login.do','登录成功',NULL),(311,1,NULL,1,'2014-10-04 00:55:50','0:0:0:0:0:0:0:1','/xjadmin/xunjian/login.do','登录成功',NULL),(312,1,NULL,1,'2014-10-04 01:43:19','0:0:0:0:0:0:0:1','/xjadmin/xunjian/login.do','登录成功',NULL),(313,1,NULL,1,'2014-10-04 12:31:00','0:0:0:0:0:0:0:1','/xjadmin/xunjian/login.do','登录成功',NULL),(314,1,NULL,1,'2014-10-04 12:45:51','0:0:0:0:0:0:0:1','/xjadmin/xunjian/login.do','登录成功',NULL),(315,1,NULL,1,'2014-10-05 19:52:49','0:0:0:0:0:0:0:1','/xjadmin/xunjian/login.do','登录成功',NULL),(316,1,NULL,1,'2014-10-18 11:17:28','0:0:0:0:0:0:0:1','/xjadmin/xunjian/login.do','登录成功',NULL),(318,1,NULL,1,'2014-10-19 18:44:47','0:0:0:0:0:0:0:1','/xjadmin/xunjian/login.do','登录成功',NULL),(319,1,NULL,1,'2014-10-20 20:25:53','0:0:0:0:0:0:0:1','/xjadmin/xunjian/login.do','登录成功',NULL),(320,1,NULL,1,'2014-10-22 14:23:41','0:0:0:0:0:0:0:1','/xjadmin/xunjian/login.do','登录成功',NULL),(323,2,NULL,1,'2014-10-22 14:37:59','0:0:0:0:0:0:0:1','/xjadmin/xunjian/login.do','登录成功',NULL),(326,1,NULL,1,'2014-10-22 15:30:05','0:0:0:0:0:0:0:1','/xjadmin/xunjian/login.do','登录成功',NULL),(329,2,NULL,1,'2014-10-22 15:33:25','0:0:0:0:0:0:0:1','/xjadmin/xunjian/login.do','登录成功',NULL),(330,1,NULL,1,'2014-10-22 15:35:17','0:0:0:0:0:0:0:1','/xjadmin/xunjian/login.do','登录成功',NULL),(331,1,NULL,1,'2014-10-22 15:42:22','0:0:0:0:0:0:0:1','/xjadmin/xunjian/login.do','登录成功',NULL),(332,2,NULL,1,'2014-10-22 15:42:40','0:0:0:0:0:0:0:1','/xjadmin/xunjian/login.do','登录成功',NULL),(333,2,NULL,1,'2014-10-22 15:43:58','0:0:0:0:0:0:0:1','/xjadmin/xunjian/login.do','登录成功',NULL),(334,1,NULL,1,'2014-10-22 15:44:12','0:0:0:0:0:0:0:1','/xjadmin/xunjian/login.do','登录成功',NULL),(335,1,NULL,1,'2014-10-22 20:21:53','0:0:0:0:0:0:0:1','/xjadmin/xunjian/login.do','登录成功',NULL),(338,2,NULL,1,'2014-10-22 20:24:33','0:0:0:0:0:0:0:1','/xjadmin/xunjian/login.do','登录成功',NULL),(339,1,NULL,1,'2014-10-22 20:28:53','0:0:0:0:0:0:0:1','/xjadmin/xunjian/login.do','登录成功',NULL),(342,2,NULL,1,'2014-10-22 20:30:00','0:0:0:0:0:0:0:1','/xjadmin/xunjian/login.do','登录成功',NULL),(343,1,NULL,1,'2014-10-22 20:30:57','0:0:0:0:0:0:0:1','/xjadmin/xunjian/login.do','登录成功',NULL),(344,1,NULL,1,'2014-10-22 22:03:50','0:0:0:0:0:0:0:1','/xjadmin/xunjian/login.do','登录成功',NULL),(345,1,NULL,1,'2014-10-22 23:34:06','0:0:0:0:0:0:0:1','/xjadmin/xunjian/login.do','登录成功',NULL),(346,1,NULL,1,'2014-10-23 14:42:23','0:0:0:0:0:0:0:1','/xjadmin/xunjian/login.do','登录成功',NULL),(347,1,NULL,1,'2014-10-23 17:30:50','0:0:0:0:0:0:0:1','/xjadmin/xunjian/login.do','登录成功',NULL),(348,1,NULL,1,'2014-10-25 12:44:30','0:0:0:0:0:0:0:1','/xjadmin/xunjian/login.do','登录成功',NULL),(349,1,NULL,1,'2014-10-25 20:21:42','0:0:0:0:0:0:0:1','/xjadmin/xunjian/login.do','登录成功',NULL),(350,1,NULL,1,'2014-10-26 20:35:54','0:0:0:0:0:0:0:1','/xjadmin/xunjian/login.do','登录成功',NULL),(351,1,NULL,1,'2014-10-26 23:31:08','0:0:0:0:0:0:0:1','/xjadmin/xunjian/login.do','登录成功',NULL),(352,1,NULL,1,'2014-10-27 12:32:29','0:0:0:0:0:0:0:1','/xjadmin/xunjian/login.do','登录成功',NULL),(353,1,NULL,1,'2014-10-27 18:35:11','0:0:0:0:0:0:0:1','/xjadmin/xunjian/login.do','登录成功',NULL),(354,1,NULL,1,'2014-10-28 02:24:06','0:0:0:0:0:0:0:1','/xjadmin/xunjian/login.do','登录成功',NULL),(355,1,NULL,1,'2014-10-28 04:04:37','0:0:0:0:0:0:0:1','/xjadmin/xunjian/login.do','登录成功',NULL),(356,1,NULL,1,'2014-10-28 07:21:07','0:0:0:0:0:0:0:1','/xjadmin/xunjian/login.do','登录成功',NULL),(357,1,NULL,1,'2014-10-28 09:06:05','0:0:0:0:0:0:0:1','/xjadmin/xunjian/login.do','登录成功',NULL),(358,1,NULL,1,'2014-10-28 15:02:59','0:0:0:0:0:0:0:1','/xjadmin/xunjian/login.do','登录成功',NULL),(359,1,NULL,1,'2014-10-29 00:28:29','0:0:0:0:0:0:0:1','/xjadmin/xunjian/login.do','登录成功',NULL),(360,1,NULL,1,'2014-10-29 14:02:24','0:0:0:0:0:0:0:1','/xjadmin/xunjian/login.do','登录成功',NULL),(361,1,NULL,1,'2014-10-29 20:31:50','0:0:0:0:0:0:0:1','/xjadmin/xunjian/login.do','登录成功',NULL),(362,1,NULL,1,'2014-10-29 21:06:18','0:0:0:0:0:0:0:1','/xjadmin/xunjian/login.do','登录成功',NULL),(363,1,NULL,1,'2014-10-30 03:58:09','0:0:0:0:0:0:0:1','/xjadmin/xunjian/login.do','登录成功',NULL),(364,1,NULL,1,'2014-10-30 08:50:08','0:0:0:0:0:0:0:1','/xjadmin/xunjian/login.do','登录成功',NULL),(366,1,NULL,1,'2014-10-31 08:45:48','192.168.1.100','/xjadmin/xunjian/login.do','登录成功',NULL),(367,1,NULL,1,'2014-10-31 08:50:04','0:0:0:0:0:0:0:1','/xjadmin/xunjian/login.do','登录成功',NULL),(368,1,NULL,1,'2014-11-11 18:52:32','0:0:0:0:0:0:0:1','/xjadmin/xunjian/login.do','登录成功',NULL),(369,NULL,NULL,2,'2014-11-16 23:42:16','0:0:0:0:0:0:0:1','/xjadmin/xunjian/login.do','登录失败','username=admin'),(370,1,NULL,1,'2014-11-16 23:42:25','0:0:0:0:0:0:0:1','/xjadmin/xunjian/login.do','登录成功',NULL),(371,1,NULL,1,'2014-11-16 23:49:28','0:0:0:0:0:0:0:1','/xjadmin/xunjian/login.do','登录成功',NULL),(373,1,NULL,1,'2014-11-30 14:52:53','0:0:0:0:0:0:0:1','/xjadmin/xunjian/login.do','登录成功',NULL),(374,1,NULL,1,'2014-11-30 16:04:37','0:0:0:0:0:0:0:1','/xjadmin/xunjian/login.do','登录成功',NULL),(375,1,NULL,1,'2014-12-03 21:09:19','0:0:0:0:0:0:0:1','/xjadmin/xunjian/login.do','登录成功',NULL),(376,1,NULL,1,'2014-12-04 01:04:09','0:0:0:0:0:0:0:1','/xjadmin/xunjian/login.do','登录成功',NULL),(377,1,NULL,1,'2014-12-04 01:34:27','0:0:0:0:0:0:0:1','/xjadmin/xunjian/login.do','登录成功',NULL),(378,1,NULL,1,'2014-12-11 00:47:52','0:0:0:0:0:0:0:1','/xjadmin/xunjian/login.do','登录成功',NULL),(379,1,NULL,1,'2014-12-12 20:48:14','0:0:0:0:0:0:0:1','/xjadmin/xunjian/login.do','登录成功',NULL),(380,1,NULL,1,'2014-12-13 00:17:44','0:0:0:0:0:0:0:1','/xjadmin/xunjian/login.do','登录成功',NULL),(381,1,NULL,1,'2014-12-13 12:00:21','0:0:0:0:0:0:0:1','/xjadmin/xunjian/login.do','登录成功',NULL),(382,1,NULL,1,'2014-12-13 12:30:02','0:0:0:0:0:0:0:1','/xjadmin/xunjian/login.do','登录成功',NULL),(383,1,NULL,1,'2014-12-13 13:48:59','0:0:0:0:0:0:0:1','/xjadmin/xunjian/login.do','登录成功',NULL),(384,1,NULL,1,'2014-12-13 13:54:25','0:0:0:0:0:0:0:1','/xjadmin/xunjian/login.do','登录成功',NULL),(385,1,NULL,1,'2014-12-15 15:49:23','0:0:0:0:0:0:0:1','/xjadmin/xunjian/login.do','登录成功',NULL),(398,1,NULL,1,'2014-12-16 19:30:48','0:0:0:0:0:0:0:1','/xjadmin/xunjian/login.do','登录成功',NULL),(399,1,NULL,1,'2014-12-17 20:37:01','0:0:0:0:0:0:0:1','/xjadmin/xunjian/login.do','登录成功',NULL),(400,1,NULL,1,'2014-12-17 21:56:46','0:0:0:0:0:0:0:1','/xjadmin/xunjian/login.do','登录成功',NULL),(401,1,NULL,1,'2014-12-17 21:57:33','0:0:0:0:0:0:0:1','/xjadmin/xunjian/login.do','登录成功',NULL),(402,1,NULL,1,'2014-12-18 17:40:52','0:0:0:0:0:0:0:1','/xjadmin/xunjian/login.do','登录成功',NULL),(403,1,NULL,1,'2014-12-18 20:11:18','0:0:0:0:0:0:0:1','/xjadmin/xunjian/login.do','登录成功',NULL),(404,1,NULL,1,'2014-12-18 20:41:07','0:0:0:0:0:0:0:1','/xjadmin/xunjian/login.do','登录成功',NULL),(405,1,NULL,1,'2014-12-18 23:19:31','0:0:0:0:0:0:0:1','/xjadmin/xunjian/login.do','登录成功',NULL),(406,1,NULL,1,'2014-12-19 07:56:55','0:0:0:0:0:0:0:1','/xjadmin/xunjian/login.do','登录成功',NULL),(407,1,NULL,1,'2014-12-19 07:59:52','0:0:0:0:0:0:0:1','/xjadmin/xunjian/login.do','登录成功',NULL),(408,1,NULL,1,'2014-12-19 08:02:41','0:0:0:0:0:0:0:1','/xjadmin/xunjian/login.do','登录成功',NULL),(409,1,NULL,1,'2014-12-19 08:18:40','0:0:0:0:0:0:0:1','/xjadmin/xunjian/login.do','登录成功',NULL),(410,1,NULL,1,'2014-12-20 18:35:24','0:0:0:0:0:0:0:1','/xjadmin/xunjian/login.do','登录成功',NULL),(411,1,NULL,1,'2014-12-21 19:08:18','0:0:0:0:0:0:0:1','/xjadmin/xunjian/login.do','登录成功',NULL),(423,1,NULL,1,'2014-12-21 21:28:50','0:0:0:0:0:0:0:1','/xjadmin/xunjian/login.do','登录成功',NULL),(424,1,NULL,1,'2014-12-21 22:18:17','0:0:0:0:0:0:0:1','/xjadmin/xunjian/login.do','登录成功',NULL),(436,1,NULL,1,'2014-12-22 02:02:14','0:0:0:0:0:0:0:1','/xjadmin/xunjian/login.do','登录成功',NULL),(437,1,NULL,1,'2014-12-22 08:01:52','0:0:0:0:0:0:0:1','/xjadmin/xunjian/login.do','登录成功',NULL),(438,1,NULL,1,'2014-12-22 11:13:47','0:0:0:0:0:0:0:1','/xjadmin/xunjian/login.do','登录成功',NULL),(439,1,NULL,1,'2014-12-22 15:33:28','192.168.63.83','/xjadmin/xunjian/login.do','登录成功',NULL),(440,1,NULL,1,'2014-12-22 16:05:43','192.168.63.81','/xjadmin/xunjian/login.do','登录成功',NULL),(441,1,NULL,1,'2014-12-23 08:18:36','0:0:0:0:0:0:0:1','/xjadmin/xunjian/login.do','登录成功',NULL),(442,1,NULL,1,'2014-12-23 08:47:15','192.168.63.83','/xjadmin/xunjian/login.do','登录成功',NULL),(444,1,NULL,1,'2014-12-23 09:46:31','192.168.63.83','/xjadmin/xunjian/login.do','登录成功',NULL),(445,1,NULL,1,'2014-12-23 23:52:02','192.168.63.83','/xjadmin/xunjian/login.do','登录成功',NULL),(446,1,NULL,1,'2014-12-24 05:59:53','192.168.63.81','/xjadmin/xunjian/login.do','登录成功',NULL),(447,1,NULL,1,'2014-12-24 06:29:28','192.168.63.81','/xjadmin/xunjian/login.do','登录成功',NULL),(448,1,NULL,1,'2014-12-24 06:29:28','192.168.63.81','/xjadmin/xunjian/login.do','登录成功',NULL),(449,1,NULL,1,'2014-12-24 07:24:15','192.168.63.83','/xjadmin/xunjian/login.do','登录成功',NULL),(450,1,NULL,1,'2014-12-24 07:44:06','192.168.63.83','/xjadmin/xunjian/login.do','登录成功',NULL),(451,1,NULL,1,'2014-12-24 07:44:06','192.168.63.83','/xjadmin/xunjian/login.do','登录成功',NULL),(452,1,NULL,1,'2014-12-24 07:54:29','192.168.63.83','/xjadmin/xunjian/login.do','登录成功',NULL),(453,1,NULL,1,'2014-12-24 07:54:30','192.168.63.83','/xjadmin/xunjian/login.do','登录成功',NULL),(455,1,NULL,1,'2014-12-25 08:29:57','192.168.63.81','/xjadmin/xunjian/login.do','登录成功',NULL),(456,1,NULL,1,'2014-12-25 09:22:21','192.168.63.83','/xjadmin/xunjian/login.do','登录成功',NULL),(457,1,NULL,1,'2014-12-25 10:01:33','192.168.63.81','/xjadmin/xunjian/login.do','登录成功',NULL),(458,1,NULL,1,'2014-12-25 10:03:23','192.168.63.81','/xjadmin/xunjian/login.do','登录成功',NULL),(459,1,NULL,1,'2014-12-25 10:07:33','192.168.63.81','/xjadmin/xunjian/login.do','登录成功',NULL),(460,1,NULL,1,'2014-12-25 14:16:09','192.168.63.83','/xjadmin/xunjian/login.do','登录成功',NULL),(465,1,NULL,1,'2014-12-26 08:07:34','192.168.63.81','/xjadmin/xunjian/login.do','登录成功',NULL),(471,1,NULL,1,'2014-12-29 09:09:34','192.168.63.81','/xjadmin/xunjian/login.do','登录成功',NULL),(472,NULL,NULL,2,'2014-12-29 14:40:47','0:0:0:0:0:0:0:1','/xjadmin/xunjian/login.do','登录失败','username=lj'),(474,1,NULL,1,'2014-12-30 07:59:25','192.168.63.83','/xjadmin/xunjian/login.do','登录成功',NULL),(475,1,NULL,1,'2014-12-30 07:59:25','192.168.63.83','/xjadmin/xunjian/login.do','登录成功',NULL),(478,NULL,NULL,2,'2014-12-31 07:30:16','192.168.63.83','/xjadmin/xunjian/login.do','登录失败','username=hw'),(481,1,NULL,1,'2015-01-01 07:45:39','192.168.63.81','/xjadmin/xunjian/login.do','登录成功',NULL),(482,1,NULL,1,'2015-01-01 10:12:32','192.168.63.83','/xjadmin/xunjian/login.do','登录成功',NULL),(483,NULL,NULL,2,'2015-01-01 23:00:45','192.168.63.83','/xjadmin/xunjian/login.do','登录失败','username=lj'),(484,NULL,NULL,2,'2015-01-01 23:00:54','192.168.63.83','/xjadmin/xunjian/login.do','登录失败','username=lj'),(485,NULL,NULL,2,'2015-01-01 23:02:23','192.168.63.83','/xjadmin/xunjian/login.do','登录失败','username=admin'),(486,1,NULL,1,'2015-01-01 23:19:29','192.168.63.83','/xjadmin/xunjian/login.do','登录成功',NULL),(487,1,NULL,1,'2015-01-01 23:33:07','192.168.63.83','/xjadmin/xunjian/login.do','登录成功',NULL),(488,1,NULL,1,'2015-01-02 06:26:46','192.168.63.83','/xjadmin/xunjian/login.do','登录成功',NULL),(489,1,NULL,1,'2015-01-02 07:11:03','192.168.63.83','/xjadmin/xunjian/login.do','登录成功',NULL),(495,1,NULL,1,'2015-01-04 07:10:49','192.168.63.83','/xjadmin/xunjian/login.do','登录成功',NULL),(496,1,NULL,1,'2015-01-05 07:12:00','127.0.0.1','/xjadmin/xunjian/login.do','登录成功',NULL),(499,1,NULL,1,'2015-01-07 06:35:17','127.0.0.1','/xjadmin/xunjian/login.do','登录成功',NULL),(500,1,NULL,1,'2015-01-07 07:47:38','192.168.63.81','/xjadmin/xunjian/login.do','登录成功',NULL),(501,1,NULL,1,'2015-01-07 08:00:02','192.168.63.81','/xjadmin/xunjian/login.do','登录成功',NULL),(503,1,NULL,1,'2015-01-08 07:45:10','192.168.63.81','/xjadmin/xunjian/login.do','登录成功',NULL),(504,NULL,NULL,2,'2015-01-08 15:44:13','127.0.0.1','/xjadmin/xunjian/login.do','登录失败','username=123456'),(509,NULL,NULL,2,'2015-01-11 07:17:31','0:0:0:0:0:0:0:1','/xjadmin/xunjian/login.do','登录失败','username=123456'),(510,1,NULL,1,'2015-01-11 07:17:41','0:0:0:0:0:0:0:1','/xjadmin/xunjian/login.do','登录成功',NULL),(512,1,NULL,1,'2015-01-14 07:33:47','192.168.63.83','/xjadmin/xunjian/login.do','登录成功',NULL),(513,1,NULL,1,'2015-01-14 08:39:47','0:0:0:0:0:0:0:1','/xjadmin/xunjian/login.do','登录成功',NULL),(514,1,NULL,1,'2015-01-14 09:19:25','0:0:0:0:0:0:0:1','/xjadmin/xunjian/login.do','登录成功',NULL),(515,1,NULL,1,'2015-01-14 09:19:25','0:0:0:0:0:0:0:1','/xjadmin/xunjian/login.do','登录成功',NULL),(516,1,NULL,1,'2015-01-15 06:42:09','192.168.63.83','/xjadmin/xunjian/login.do','登录成功',NULL),(519,1,NULL,1,'2015-01-16 05:37:41','192.168.63.83','/xjadmin/xunjian/login.do','登录成功',NULL),(521,1,NULL,1,'2015-01-17 08:09:03','192.168.63.83','/xjadmin/xunjian/login.do','登录成功',NULL),(525,1,NULL,1,'2015-01-19 07:12:56','192.168.63.83','/xjadmin/xunjian/login.do','登录成功',NULL),(527,1,NULL,1,'2015-01-20 07:27:35','192.168.63.83','/xjadmin/xunjian/login.do','登录成功',NULL),(533,1,NULL,1,'2015-01-22 05:41:15','192.168.63.83','/xjadmin/xunjian/login.do','登录成功',NULL),(534,1,NULL,1,'2015-01-22 05:59:29','192.168.63.83','/xjadmin/xunjian/login.do','登录成功',NULL),(535,NULL,NULL,2,'2015-01-23 06:10:58','192.168.63.83','/xjadmin/xunjian/login.do','登录失败','username=123456'),(536,1,NULL,1,'2015-01-23 06:11:13','192.168.63.83','/xjadmin/xunjian/login.do','登录成功',NULL),(537,1,NULL,1,'2015-01-23 09:26:28','192.168.63.83','/xjadmin/xunjian/login.do','登录成功',NULL),(538,1,NULL,1,'2015-01-23 09:26:28','192.168.63.83','/xjadmin/xunjian/login.do','登录成功',NULL),(543,1,NULL,1,'2015-01-25 07:39:58','192.168.63.83','/xjadmin/xunjian/login.do','登录成功',NULL),(551,1,NULL,1,'2015-02-01 07:49:54','192.168.63.83','/xjadmin/xunjian/login.do','登录成功',NULL),(553,1,NULL,1,'2015-02-03 07:34:59','192.168.63.83','/xjadmin/xunjian/login.do','登录成功',NULL),(555,1,NULL,1,'2015-02-04 07:39:42','0:0:0:0:0:0:0:1','/xjadmin/xunjian/login.do','登录成功',NULL),(561,1,NULL,1,'2015-02-10 07:07:35','0:0:0:0:0:0:0:1','/xjadmin/xunjian/login.do','登录成功',NULL),(564,NULL,NULL,2,'2015-02-11 15:01:21','192.168.63.83','/xjadmin/xunjian/login.do','登录失败','username=lq'),(566,1,NULL,1,'2015-02-13 08:24:47','192.168.63.83','/xjadmin/xunjian/login.do','登录成功',NULL),(567,1,NULL,1,'2015-02-13 08:26:31','192.168.63.83','/xjadmin/xunjian/login.do','登录成功',NULL),(568,1,NULL,1,'2015-02-13 08:33:55','192.168.63.83','/xjadmin/xunjian/login.do','登录成功',NULL),(569,1,NULL,1,'2015-02-13 08:56:57','192.168.63.83','/xjadmin/xunjian/login.do','登录成功',NULL),(570,1,NULL,1,'2015-02-13 09:24:08','192.168.63.83','/xjadmin/xunjian/login.do','登录成功',NULL),(574,1,NULL,1,'2015-04-04 19:29:34','0:0:0:0:0:0:0:1','/xjadmin/xunjian/login.do','登录成功',NULL),(575,1,NULL,1,'2015-04-04 19:40:03','0:0:0:0:0:0:0:1','/xjadmin/xunjian/login.do','登录成功',NULL),(576,1,NULL,1,'2015-04-06 01:20:01','0:0:0:0:0:0:0:1','/xjadmin/xunjian/login.do','登录成功',NULL),(577,1,NULL,1,'2015-04-07 01:54:14','192.168.1.101','/xjadmin/xunjian/login.do','登录成功',NULL),(578,1,NULL,1,'2015-04-07 18:23:36','0:0:0:0:0:0:0:1','/xjadmin/xunjian/login.do','登录成功',NULL),(579,1,NULL,1,'2015-04-07 20:55:42','0:0:0:0:0:0:0:1','/xjadmin/xunjian/login.do','登录成功',NULL),(580,1,NULL,1,'2015-04-07 22:09:35','0:0:0:0:0:0:0:1','/xjadmin/xunjian/login.do','登录成功',NULL),(581,1,NULL,1,'2015-04-07 23:51:27','0:0:0:0:0:0:0:1','/xjadmin/xunjian/login.do','登录成功',NULL),(583,1,NULL,1,'2015-04-08 00:37:15','0:0:0:0:0:0:0:1','/xjadmin/xunjian/login.do','登录成功',NULL),(584,1,NULL,1,'2015-04-08 01:59:01','0:0:0:0:0:0:0:1','/xjadmin/xunjian/login.do','登录成功',NULL),(586,1,NULL,1,'2015-04-09 21:32:23','0:0:0:0:0:0:0:1','/xjadmin/xunjian/login.do','登录成功',NULL),(589,1,NULL,1,'2015-04-10 01:37:59','0:0:0:0:0:0:0:1','/xjadmin/xunjian/login.do','登录成功',NULL),(590,1,NULL,1,'2015-04-10 01:50:54','0:0:0:0:0:0:0:1','/xjadmin/xunjian/login.do','登录成功',NULL),(597,1,NULL,1,'2015-04-10 03:03:42','0:0:0:0:0:0:0:1','/xjadmin/xunjian/login.do','登录成功',NULL),(598,1,NULL,1,'2016-03-13 19:37:56','127.0.0.1','/xunjian-web/xjadmin/xunjian/login.do','登录成功',NULL),(599,1,NULL,1,'2016-03-13 19:42:36','127.0.0.1','/xunjian/xjadmin/xunjian/login.do','登录成功',NULL),(600,1,NULL,1,'2016-03-15 21:08:49','127.0.0.1','/xunjian/xjadmin/xunjian/login.do','登录成功',NULL),(601,1,NULL,1,'2016-03-15 23:28:53','127.0.0.1','/xunjian/xjadmin/xunjian/login.do','登录成功',NULL),(602,1,NULL,1,'2016-03-18 00:42:32','0:0:0:0:0:0:0:1','/xjadmin/xunjian/login.do','登录成功',NULL),(603,1,NULL,1,'2016-03-18 00:50:54','0:0:0:0:0:0:0:1','/xunjian/xjadmin/xunjian/login.do','登录成功',NULL),(604,1,NULL,1,'2016-03-19 10:09:11','0:0:0:0:0:0:0:1','/xunjian/xjadmin/xunjian/login.do','登录成功',NULL),(605,1,1,3,'2016-03-19 11:30:09','0:0:0:0:0:0:0:1','/xunjian/xjadmin/xunjian/template/o_delete_single.do','删除模板','filename=/WEB-INF/t_d/www/.DS_Store'),(606,1,NULL,1,'2016-03-19 14:18:14','0:0:0:0:0:0:0:1','/xunjian/xjadmin/xunjian/login.do','登录成功',NULL),(607,1,1,3,'2016-03-19 14:45:09','0:0:0:0:0:0:0:1','/xunjian/xjadmin/xunjian/data/o_delete_single.do','删除资源','filename=/WEB-INF/backup/20141219081304.sql'),(608,1,NULL,1,'2016-03-19 21:39:20','0:0:0:0:0:0:0:1','/xunjian/xjadmin/xunjian/login.do','登录成功',NULL),(609,1,NULL,1,'2016-03-19 22:52:28','0:0:0:0:0:0:0:1','/xunjian-web/xjadmin/xunjian/login.do','登录成功',NULL),(610,1,NULL,1,'2016-03-22 19:41:07','0:0:0:0:0:0:0:1','/xunjian-web/xjadmin/xunjian/login.do','登录成功',NULL),(611,1,NULL,1,'2016-03-22 20:34:23','0:0:0:0:0:0:0:1','/xunjian-web/xjadmin/xunjian/login.do','登录成功',NULL),(612,1,NULL,1,'2016-03-22 20:41:07','192.168.1.106','/xjadmin/xunjian/login.do','登录成功',NULL),(613,1,NULL,1,'2016-03-22 21:49:02','0:0:0:0:0:0:0:1','/xjadmin/xunjian/login.do','登录成功',NULL),(614,1,NULL,1,'2016-03-23 08:38:42','0:0:0:0:0:0:0:1','/xjadmin/xunjian/login.do','登录成功',NULL),(615,1,NULL,1,'2016-03-23 08:43:23','192.168.0.101','/xjadmin/xunjian/login.do','登录成功',NULL),(616,1,NULL,1,'2016-03-23 08:44:33','192.168.0.100','/xjadmin/xunjian/login.do','登录成功',NULL),(617,1,NULL,1,'2016-03-23 10:26:59','192.168.0.100','/xjadmin/xunjian/login.do','登录成功',NULL),(618,1,NULL,1,'2016-03-24 08:42:59','0:0:0:0:0:0:0:1','/xjadmin/xunjian/login.do','登录成功',NULL),(619,1,NULL,1,'2016-04-19 21:24:07','0:0:0:0:0:0:0:1','/xjadmin/xunjian/login.do','登录成功',NULL),(620,1,NULL,1,'2016-04-20 22:30:25','0:0:0:0:0:0:0:1','/xjadmin/xunjian/login.do','登录成功',NULL),(621,NULL,NULL,2,'2016-04-23 18:59:35','0:0:0:0:0:0:0:1','/xjadmin/xunjian/login.do','登录失败','username=admin'),(622,1,NULL,1,'2016-04-23 18:59:42','0:0:0:0:0:0:0:1','/xjadmin/xunjian/login.do','登录成功',NULL),(623,1,NULL,1,'2016-09-03 18:01:01','0:0:0:0:0:0:0:1','/xjadmin/xunjian/login.do','登录成功',NULL),(624,1,NULL,1,'2016-09-10 14:43:04','0:0:0:0:0:0:0:1','/xjadmin/xunjian/login.do','登录成功',NULL),(625,1,NULL,1,'2016-09-10 16:34:07','0:0:0:0:0:0:0:1','/xjadmin/xunjian/login.do','登录成功',NULL),(626,1,NULL,1,'2016-10-01 22:50:02','0:0:0:0:0:0:0:1','/xunjian-web/xjadmin/xunjian/login.do','登录成功',NULL),(627,1,NULL,1,'2016-10-02 09:27:37','0:0:0:0:0:0:0:1','/xunjian-web/xjadmin/xunjian/login.do','登录成功',NULL),(628,1,NULL,1,'2016-10-02 09:40:46','0:0:0:0:0:0:0:1','/xunjian-web/xjadmin/xunjian/login.do','登录成功',NULL),(629,1,NULL,1,'2016-10-02 09:59:34','0:0:0:0:0:0:0:1','/xunjian-web/xjadmin/xunjian/login.do','登录成功',NULL),(630,1,NULL,1,'2016-10-02 15:29:33','0:0:0:0:0:0:0:1','/xunjian-web/xjadmin/xunjian/login.do','登录成功',NULL),(631,1,NULL,1,'2016-10-02 16:08:12','0:0:0:0:0:0:0:1','/xunjian-web/xjadmin/xunjian/login.do','登录成功',NULL),(632,1,NULL,1,'2016-10-02 23:14:49','0:0:0:0:0:0:0:1','/xunjian-web/xjadmin/xunjian/login.do','登录成功',NULL),(633,1,NULL,1,'2016-10-03 22:01:20','0:0:0:0:0:0:0:1','/xunjian-web/xjadmin/xunjian/login.do','登录成功',NULL),(634,1,NULL,1,'2016-10-05 15:45:32','0:0:0:0:0:0:0:1','/xunjian-web/xjadmin/xunjian/login.do','登录成功',NULL),(636,2,NULL,1,'2016-10-06 07:04:23','0:0:0:0:0:0:0:1','/xunjian-web/xjadmin/xunjian/login.do','登录成功',NULL),(637,1,NULL,1,'2016-10-06 07:04:43','0:0:0:0:0:0:0:1','/xunjian-web/xjadmin/xunjian/login.do','登录成功',NULL),(638,1,1,3,'2016-10-06 07:05:18','0:0:0:0:0:0:0:1','/xunjian-web/xjadmin/xunjian/admin_global/o_update.do','修改用户','id=31;username=zjw'),(640,1,NULL,1,'2016-10-06 07:06:06','0:0:0:0:0:0:0:1','/xunjian-web/xjadmin/xunjian/login.do','登录成功',NULL),(641,1,NULL,1,'2016-10-06 07:12:25','0:0:0:0:0:0:0:1','/xunjian-web/xjadmin/xunjian/login.do','登录成功',NULL),(642,1,1,3,'2016-10-06 08:14:22','0:0:0:0:0:0:0:1','/xunjian-web/xjadmin/xunjian/admin_global/o_update.do','修改用户','id=31;username=zjw'),(643,1,1,3,'2016-10-06 08:19:54','0:0:0:0:0:0:0:1','/xunjian-web/xjadmin/xunjian/admin_global/o_save.do','增加用户','id=32;username=test'),(644,1,NULL,1,'2016-10-06 08:48:35','0:0:0:0:0:0:0:1','/xunjian-web/xjadmin/xunjian/login.do','登录成功',NULL),(645,1,1,3,'2016-10-06 08:48:56','0:0:0:0:0:0:0:1','/xunjian-web/xjadmin/xunjian/admin_global/o_update.do','修改用户','id=32;username=test'),(646,1,1,3,'2016-10-06 08:49:06','0:0:0:0:0:0:0:1','/xunjian-web/xjadmin/xunjian/admin_global/o_delete.do','删除用户','id=32;username=test'),(647,1,1,3,'2016-10-06 08:49:45','0:0:0:0:0:0:0:1','/xunjian-web/xjadmin/xunjian/admin_global/o_save.do','增加用户','id=33;username=test'),(648,1,1,3,'2016-10-06 08:51:47','0:0:0:0:0:0:0:1','/xunjian-web/xjadmin/xunjian/admin_global/o_delete.do','删除用户','id=33;username=test'),(649,1,1,3,'2016-10-06 08:53:23','0:0:0:0:0:0:0:1','/xunjian-web/xjadmin/xunjian/admin_global/o_save.do','增加用户','id=34;username=test'),(650,1,NULL,1,'2016-10-06 08:56:53','0:0:0:0:0:0:0:1','/xunjian-web/xjadmin/xunjian/login.do','登录成功',NULL),(651,1,1,3,'2016-10-06 09:13:19','0:0:0:0:0:0:0:1','/xunjian-web/xjadmin/xunjian/admin_global/o_update.do','修改用户','id=34;username=test'),(652,1,1,3,'2016-10-06 09:13:55','0:0:0:0:0:0:0:1','/xunjian-web/xjadmin/xunjian/admin_global/o_update.do','修改用户','id=31;username=zjw'),(653,1,1,3,'2016-10-06 09:14:44','0:0:0:0:0:0:0:1','/xunjian-web/xjadmin/xunjian/admin_global/o_update.do','修改用户','id=34;username=test'),(654,1,1,3,'2016-10-06 09:17:38','0:0:0:0:0:0:0:1','/xunjian-web/xjadmin/xunjian/admin_global/o_delete.do','删除用户','id=34;username=test'),(655,1,1,3,'2016-10-06 09:18:18','0:0:0:0:0:0:0:1','/xunjian-web/xjadmin/xunjian/admin_global/o_save.do','增加用户','id=35;username=ttt'),(656,1,NULL,1,'2016-10-06 19:46:21','0:0:0:0:0:0:0:1','/xunjian-web/xjadmin/xunjian/login.do','登录成功',NULL),(657,1,NULL,1,'2016-10-07 09:28:28','0:0:0:0:0:0:0:1','/xunjian-web/xjadmin/xunjian/login.do','登录成功',NULL),(658,1,NULL,1,'2016-10-07 10:10:28','0:0:0:0:0:0:0:1','/xunjian-web/user_api/login.jspx','登录成功',NULL),(659,1,NULL,1,'2016-11-05 14:37:49','0:0:0:0:0:0:0:1','/xunjian-web/user_info/login.jspx','登录成功',NULL),(660,1,NULL,1,'2016-11-05 14:39:27','0:0:0:0:0:0:0:1','/xunjian-web/user_info/login.jspx','登录成功',NULL),(664,1,NULL,1,'2016-11-05 14:43:21','0:0:0:0:0:0:0:1','/xunjian-web/user_info/login.jspx','登录成功',NULL),(665,1,NULL,1,'2016-11-05 14:43:48','0:0:0:0:0:0:0:1','/xunjian-web/user_info/login.jspx','登录成功',NULL),(666,1,NULL,1,'2016-11-05 14:44:12','0:0:0:0:0:0:0:1','/xunjian-web/user_info/login.jspx','登录成功',NULL),(667,1,NULL,1,'2016-11-05 21:37:23','0:0:0:0:0:0:0:1','/xunjian-web/xjadmin/xunjian/login.do','登录成功',NULL),(668,1,1,3,'2016-11-05 21:38:24','0:0:0:0:0:0:0:1','/xunjian-web/xjadmin/xunjian/admin_global/o_delete.do','删除用户','id=35;username=ttt'),(669,1,1,3,'2016-11-05 21:38:31','0:0:0:0:0:0:0:1','/xunjian-web/xjadmin/xunjian/admin_global/o_delete.do','删除用户','id=51;username=test2'),(670,1,1,3,'2016-11-05 21:45:56','0:0:0:0:0:0:0:1','/xunjian-web/xjadmin/xunjian/admin_global/o_update.do','修改用户','id=54;username=test11'),(671,1,1,3,'2016-11-05 21:53:41','0:0:0:0:0:0:0:1','/xunjian-web/xjadmin/xunjian/admin_global/o_update.do','修改用户','id=54;username=test11'),(672,1,1,3,'2016-11-05 22:39:29','0:0:0:0:0:0:0:1','/xunjian-web/xjadmin/xunjian/config/o_login_update.do','修改登录设置',NULL),(673,1,1,3,'2016-11-05 22:39:47','0:0:0:0:0:0:0:1','/xunjian-web/xjadmin/xunjian/config/o_member_update.do','修改会员设置',NULL),(674,1,1,3,'2016-11-05 22:42:56','0:0:0:0:0:0:0:1','/xunjian-web/xjadmin/xunjian/config/o_login_update.do','修改登录设置',NULL),(675,NULL,NULL,2,'2016-11-05 22:43:51','0:0:0:0:0:0:0:1','/xunjian-web/xjadmin/xunjian/login.do','登录失败','username=ttt'),(677,1,1,3,'2016-11-05 22:45:34','0:0:0:0:0:0:0:1','/xunjian-web/xjadmin/xunjian/config/o_mark_update.do','修改水印设置',NULL),(678,1,1,3,'2016-11-05 22:45:39','0:0:0:0:0:0:0:1','/xunjian-web/xjadmin/xunjian/config/o_mark_update.do','修改水印设置',NULL),(679,1,NULL,1,'2016-11-05 23:56:01','0:0:0:0:0:0:0:1','/xunjian-web/xjadmin/xunjian/login.do','登录成功',NULL),(680,1,1,3,'2016-11-06 00:01:30','0:0:0:0:0:0:0:1','/xunjian-web/xjadmin/xunjian/admin_global/o_delete.do','删除用户','id=46;username=test1'),(681,1,1,3,'2016-11-06 00:10:50','0:0:0:0:0:0:0:1','/xunjian-web/xjadmin/xunjian/admin_global/o_delete.do','删除用户','id=26;username=ycz'),(682,1,1,3,'2016-11-06 00:11:02','0:0:0:0:0:0:0:1','/xunjian-web/xjadmin/xunjian/admin_global/o_delete.do','删除用户','id=23;username=fwy'),(683,1,NULL,1,'2016-11-06 00:12:26','0:0:0:0:0:0:0:1','/xunjian-web/xjadmin/xunjian/login.do','登录成功',NULL),(684,1,1,3,'2016-11-06 00:13:05','0:0:0:0:0:0:0:1','/xunjian-web/xjadmin/xunjian/admin_global/o_delete.do','删除用户','id=21;username=sl'),(685,1,NULL,1,'2016-11-06 14:49:25','0:0:0:0:0:0:0:1','/xunjian-web/xjadmin/xunjian/login.do','登录成功',NULL),(686,1,1,3,'2016-11-06 21:23:52','0:0:0:0:0:0:0:1','/xunjian-web/xjadmin/xunjian/config/o_login_update.do','修改登录设置',NULL),(687,1,NULL,1,'2016-11-08 21:57:23','0:0:0:0:0:0:0:1','/xunjian-web/xjadmin/xunjian/login.do','登录成功',NULL),(688,1,NULL,1,'2016-11-15 21:49:38','127.0.0.1','/xunjian-web/xjadmin/xunjian/login.do','登录成功',NULL),(689,1,1,3,'2016-11-15 22:13:34','127.0.0.1','/xunjian-web/xjadmin/xunjian/template/o_save.do','增加模板','filename=test'),(690,1,NULL,1,'2016-11-19 18:40:24','0:0:0:0:0:0:0:1','/xunjian-web/xjadmin/xunjian/login.do','登录成功',NULL),(691,1,NULL,1,'2016-11-19 23:17:31','0:0:0:0:0:0:0:1','/xunjian-web/xjadmin/xunjian/login.do','登录成功',NULL),(692,1,NULL,1,'2016-11-20 00:07:03','0:0:0:0:0:0:0:1','/xunjian-web/xjadmin/xunjian/login.do','登录成功',NULL),(693,1,1,3,'2016-11-20 01:18:37','0:0:0:0:0:0:0:1','/xunjian-web/xjadmin/xunjian/admin_global/o_delete.do','删除用户','id=13;username=gyq'),(694,1,1,3,'2016-11-20 01:18:50','0:0:0:0:0:0:0:1','/xunjian-web/xjadmin/xunjian/admin_global/o_delete.do','删除用户','id=12;username=gl'),(695,1,1,3,'2016-11-20 01:18:58','0:0:0:0:0:0:0:1','/xunjian-web/xjadmin/xunjian/admin_global/o_delete.do','删除用户','id=10;username=xt'),(696,1,1,3,'2016-11-20 01:19:07','0:0:0:0:0:0:0:1','/xunjian-web/xjadmin/xunjian/admin_global/o_delete.do','删除用户','id=8;username=zr'),(697,1,1,3,'2016-11-20 01:21:27','0:0:0:0:0:0:0:1','/xunjian-web/xjadmin/xunjian/admin_global/o_delete.do','删除用户','id=11;username=gx'),(698,1,1,3,'2016-11-20 01:27:17','0:0:0:0:0:0:0:1','/xunjian-web/xjadmin/xunjian/admin_global/o_delete.do','删除用户','id=27;username=hw'),(699,1,1,3,'2016-11-20 01:27:45','0:0:0:0:0:0:0:1','/xunjian-web/xjadmin/xunjian/admin_global/o_delete.do','删除用户','id=7;username=mj'),(700,1,1,3,'2016-11-20 01:58:52','0:0:0:0:0:0:0:1','/xunjian-web/xjadmin/xunjian/admin_global/o_delete.do','删除用户','id=31;username=zjw'),(701,1,1,3,'2016-11-20 01:58:57','0:0:0:0:0:0:0:1','/xunjian-web/xjadmin/xunjian/admin_global/o_delete.do','删除用户','id=19;username=wjj'),(702,1,1,3,'2016-11-20 01:59:02','0:0:0:0:0:0:0:1','/xunjian-web/xjadmin/xunjian/admin_global/o_delete.do','删除用户','id=28;username=lzz'),(703,1,1,3,'2016-11-20 01:59:07','0:0:0:0:0:0:0:1','/xunjian-web/xjadmin/xunjian/admin_global/o_delete.do','删除用户','id=24;username=lq'),(704,1,1,3,'2016-11-20 01:59:20','0:0:0:0:0:0:0:1','/xunjian-web/xjadmin/xunjian/admin_global/o_delete.do','删除用户','id=54;username=test11'),(705,1,1,3,'2016-11-20 01:59:26','0:0:0:0:0:0:0:1','/xunjian-web/xjadmin/xunjian/admin_global/o_delete.do','删除用户','id=40;username=test'),(706,1,1,3,'2016-11-20 01:59:37','0:0:0:0:0:0:0:1','/xunjian-web/xjadmin/xunjian/admin_global/o_delete.do','删除用户','id=25;username=ww'),(707,1,1,3,'2016-11-20 02:28:42','0:0:0:0:0:0:0:1','/xunjian-web/xjadmin/xunjian/admin_global/o_delete.do','删除用户','id=30;username=zbj'),(708,1,1,3,'2016-11-20 02:28:45','0:0:0:0:0:0:0:1','/xunjian-web/xjadmin/xunjian/admin_global/o_delete.do','删除用户','id=29;username=gbm'),(709,1,1,3,'2016-11-20 02:28:48','0:0:0:0:0:0:0:1','/xunjian-web/xjadmin/xunjian/admin_global/o_delete.do','删除用户','id=22;username=gyt'),(710,1,1,3,'2016-11-20 02:28:51','0:0:0:0:0:0:0:1','/xunjian-web/xjadmin/xunjian/admin_global/o_delete.do','删除用户','id=20;username=yqf'),(711,1,1,3,'2016-11-20 02:28:54','0:0:0:0:0:0:0:1','/xunjian-web/xjadmin/xunjian/admin_global/o_delete.do','删除用户','id=18;username=tqe'),(712,1,1,3,'2016-11-20 02:28:59','0:0:0:0:0:0:0:1','/xunjian-web/xjadmin/xunjian/admin_global/o_delete.do','删除用户','id=17;username=ljw'),(713,1,1,3,'2016-11-20 02:29:02','0:0:0:0:0:0:0:1','/xunjian-web/xjadmin/xunjian/admin_global/o_delete.do','删除用户','id=16;username=lw'),(714,1,1,3,'2016-11-20 02:29:08','0:0:0:0:0:0:0:1','/xunjian-web/xjadmin/xunjian/admin_global/o_delete.do','删除用户','id=15;username=nls'),(715,1,1,3,'2016-11-20 02:29:11','0:0:0:0:0:0:0:1','/xunjian-web/xjadmin/xunjian/admin_global/o_delete.do','删除用户','id=14;username=lp'),(716,1,1,3,'2016-11-20 02:29:14','0:0:0:0:0:0:0:1','/xunjian-web/xjadmin/xunjian/admin_global/o_delete.do','删除用户','id=9;username=lxw'),(717,1,1,3,'2016-11-20 02:29:17','0:0:0:0:0:0:0:1','/xunjian-web/xjadmin/xunjian/admin_global/o_delete.do','删除用户','id=6;username=lj'),(718,1,1,3,'2016-11-20 02:29:20','0:0:0:0:0:0:0:1','/xunjian-web/xjadmin/xunjian/admin_global/o_delete.do','删除用户','id=5;username=ps'),(719,1,1,3,'2016-11-20 02:29:23','0:0:0:0:0:0:0:1','/xunjian-web/xjadmin/xunjian/admin_global/o_delete.do','删除用户','id=4;username=lc'),(720,1,1,3,'2016-11-20 02:29:26','0:0:0:0:0:0:0:1','/xunjian-web/xjadmin/xunjian/admin_global/o_delete.do','删除用户','id=3;username=zhjd'),(721,1,1,3,'2016-11-20 02:29:41','0:0:0:0:0:0:0:1','/xunjian-web/xjadmin/xunjian/role/o_delete.do','删除角色','id=6;name=绞车司机'),(722,1,1,3,'2016-11-20 02:29:58','0:0:0:0:0:0:0:1','/xunjian-web/xjadmin/xunjian/role/o_delete.do','删除角色','id=5;name=电工'),(723,1,NULL,1,'2016-11-20 11:58:33','0:0:0:0:0:0:0:1','/xunjian-web/xjadmin/xunjian/login.do','登录成功',NULL),(724,1,1,3,'2016-11-20 11:59:43','0:0:0:0:0:0:0:1','/xunjian-web/xjadmin/xunjian/role/o_delete.do','删除角色','id=4;name=钳工'),(725,1,NULL,1,'2016-11-20 13:27:45','0:0:0:0:0:0:0:1','/xunjian-web/xjadmin/xunjian/login.do','登录成功',NULL),(726,1,NULL,1,'2016-11-20 18:03:29','0:0:0:0:0:0:0:1','/xunjian-web/xjadmin/xunjian/login.do','登录成功',NULL),(727,1,NULL,1,'2016-11-20 18:52:12','0:0:0:0:0:0:0:1','/xunjian-web/xjadmin/xunjian/login.do','登录成功',NULL),(728,1,NULL,1,'2016-11-27 18:14:46','0:0:0:0:0:0:0:1','/xunjian-web/xjadmin/xunjian/login.do','登录成功',NULL),(729,1,NULL,1,'2016-12-03 00:05:37','0:0:0:0:0:0:0:1','/xunjian-web/xjadmin/xunjian/login.do','登录成功',NULL);
/*!40000 ALTER TABLE `jc_log` ENABLE KEYS */;
UNLOCK TABLES;

--
-- Table structure for table `jc_message`
--

DROP TABLE IF EXISTS `jc_message`;
/*!40101 SET @saved_cs_client     = @@character_set_client */;
/*!40101 SET character_set_client = utf8 */;
CREATE TABLE `jc_message` (
  `msg_id` int(11) NOT NULL AUTO_INCREMENT COMMENT '消息id',
  `msg_title` varchar(255) NOT NULL DEFAULT '' COMMENT '标题',
  `msg_content` longtext COMMENT '站内信息内容',
  `send_time` timestamp NULL DEFAULT NULL COMMENT '发送时间',
  `msg_send_user` int(11) NOT NULL DEFAULT '1' COMMENT '发信息人',
  `msg_receiver_user` int(11) NOT NULL DEFAULT '0' COMMENT '接收人',
  `site_id` int(11) NOT NULL DEFAULT '1' COMMENT '站点',
  `msg_status` tinyint(1) NOT NULL DEFAULT '0' COMMENT '消息状态0未读，1已读',
  `msg_box` int(2) NOT NULL DEFAULT '1' COMMENT '消息信箱 0收件箱 1发件箱 2草稿箱 3垃圾箱',
  PRIMARY KEY (`msg_id`),
  KEY `fk_jc_message_user_send` (`msg_send_user`),
  KEY `fk_jc_message_user_receiver` (`msg_receiver_user`),
  KEY `fk_jc_message_site` (`site_id`),
  CONSTRAINT `fk_jc_message_site` FOREIGN KEY (`site_id`) REFERENCES `jc_site` (`site_id`),
  CONSTRAINT `fk_jc_message_user_receiver` FOREIGN KEY (`msg_receiver_user`) REFERENCES `jc_user` (`user_id`),
  CONSTRAINT `fk_jc_message_user_send` FOREIGN KEY (`msg_send_user`) REFERENCES `jc_user` (`user_id`)
) ENGINE=InnoDB AUTO_INCREMENT=2 DEFAULT CHARSET=utf8 COMMENT='站内信';
/*!40101 SET character_set_client = @saved_cs_client */;

--
-- Dumping data for table `jc_message`
--

LOCK TABLES `jc_message` WRITE;
/*!40000 ALTER TABLE `jc_message` DISABLE KEYS */;
INSERT INTO `jc_message` VALUES (1,'aa','aaaa','2014-07-16 14:09:53',1,1,1,0,1);
/*!40000 ALTER TABLE `jc_message` ENABLE KEYS */;
UNLOCK TABLES;

--
-- Table structure for table `jc_model`
--

DROP TABLE IF EXISTS `jc_model`;
/*!40101 SET @saved_cs_client     = @@character_set_client */;
/*!40101 SET character_set_client = utf8 */;
CREATE TABLE `jc_model` (
  `model_id` int(11) NOT NULL,
  `model_name` varchar(100) NOT NULL COMMENT '名称',
  `model_path` varchar(100) NOT NULL COMMENT '路径',
  `tpl_channel_prefix` varchar(20) DEFAULT NULL COMMENT '栏目模板前缀',
  `tpl_content_prefix` varchar(20) DEFAULT NULL COMMENT '内容模板前缀',
  `title_img_width` int(11) NOT NULL DEFAULT '139' COMMENT '栏目标题图宽度',
  `title_img_height` int(11) NOT NULL DEFAULT '139' COMMENT '栏目标题图高度',
  `content_img_width` int(11) NOT NULL DEFAULT '310' COMMENT '栏目内容图宽度',
  `content_img_height` int(11) NOT NULL DEFAULT '310' COMMENT '栏目内容图高度',
  `priority` int(11) NOT NULL DEFAULT '10' COMMENT '排列顺序',
  `has_content` tinyint(1) NOT NULL DEFAULT '1' COMMENT '是否有内容',
  `is_disabled` tinyint(1) NOT NULL DEFAULT '0' COMMENT '是否禁用',
  `is_def` tinyint(1) NOT NULL DEFAULT '0' COMMENT '是否默认模型',
  PRIMARY KEY (`model_id`)
) ENGINE=InnoDB DEFAULT CHARSET=utf8 COMMENT='CMS模型表';
/*!40101 SET character_set_client = @saved_cs_client */;

--
-- Dumping data for table `jc_model`
--

LOCK TABLES `jc_model` WRITE;
/*!40000 ALTER TABLE `jc_model` DISABLE KEYS */;
INSERT INTO `jc_model` VALUES (1,'新闻','1','新闻栏目','新闻内容',139,139,310,310,1,1,0,1),(2,'单页','2','单页','',139,139,310,310,2,0,0,0),(3,'作品','3','作品栏目','作品内容',139,139,310,310,3,1,0,0),(4,'下载','4','下载栏目','下载内容',139,139,310,310,4,1,0,0),(5,'图库','5','图库栏目','图库内容',139,139,310,310,5,1,0,0),(6,'视频','6','视频栏目','视频内容',139,139,310,310,10,1,0,0),(7,'产品','7','产品栏目','产品内容',139,139,310,310,10,1,0,0),(8,'招聘','job','招聘栏目','招聘内容',139,139,310,310,10,1,0,0);
/*!40000 ALTER TABLE `jc_model` ENABLE KEYS */;
UNLOCK TABLES;

--
-- Table structure for table `jc_model_item`
--

DROP TABLE IF EXISTS `jc_model_item`;
/*!40101 SET @saved_cs_client     = @@character_set_client */;
/*!40101 SET character_set_client = utf8 */;
CREATE TABLE `jc_model_item` (
  `modelitem_id` int(11) NOT NULL AUTO_INCREMENT,
  `model_id` int(11) NOT NULL,
  `field` varchar(50) NOT NULL COMMENT '字段',
  `item_label` varchar(100) NOT NULL COMMENT '名称',
  `priority` int(11) NOT NULL DEFAULT '70' COMMENT '排列顺序',
  `def_value` varchar(255) DEFAULT NULL COMMENT '默认值',
  `opt_value` varchar(255) DEFAULT NULL COMMENT '可选项',
  `text_size` varchar(20) DEFAULT NULL COMMENT '长度',
  `area_rows` varchar(3) DEFAULT NULL COMMENT '文本行数',
  `area_cols` varchar(3) DEFAULT NULL COMMENT '文本列数',
  `help` varchar(255) DEFAULT NULL COMMENT '帮助信息',
  `help_position` varchar(1) DEFAULT NULL COMMENT '帮助位置',
  `data_type` int(11) NOT NULL DEFAULT '1' COMMENT '数据类型',
  `is_single` tinyint(1) NOT NULL DEFAULT '1' COMMENT '是否独占一行',
  `is_channel` tinyint(1) NOT NULL DEFAULT '1' COMMENT '是否栏目模型项',
  `is_custom` tinyint(1) NOT NULL DEFAULT '1' COMMENT '是否自定义',
  `is_display` tinyint(1) NOT NULL DEFAULT '1' COMMENT '是否显示',
  PRIMARY KEY (`modelitem_id`),
  KEY `fk_jc_item_model` (`model_id`),
  CONSTRAINT `fk_jc_item_model` FOREIGN KEY (`model_id`) REFERENCES `jc_model` (`model_id`)
) ENGINE=InnoDB AUTO_INCREMENT=303 DEFAULT CHARSET=utf8 COMMENT='CMS模型项表';
/*!40101 SET character_set_client = @saved_cs_client */;

--
-- Dumping data for table `jc_model_item`
--

LOCK TABLES `jc_model_item` WRITE;
/*!40000 ALTER TABLE `jc_model_item` DISABLE KEYS */;
INSERT INTO `jc_model_item` VALUES (1,1,'name','栏目名称',10,NULL,NULL,NULL,NULL,NULL,NULL,NULL,1,0,1,0,1),(2,1,'path','访问路径',10,NULL,NULL,NULL,NULL,NULL,NULL,NULL,2,0,1,0,1),(3,1,'title','meta标题',10,NULL,NULL,NULL,NULL,NULL,NULL,NULL,1,0,1,0,1),(4,1,'keywords','meta关键字',10,NULL,NULL,NULL,NULL,NULL,NULL,NULL,1,0,1,0,1),(5,1,'description','meta描述',10,NULL,NULL,NULL,NULL,NULL,NULL,NULL,4,1,1,0,1),(6,1,'tplChannel','栏目模板',10,NULL,NULL,NULL,NULL,NULL,NULL,NULL,6,0,1,0,1),(7,1,'tplContent','选择模型模板',10,NULL,NULL,NULL,NULL,NULL,NULL,NULL,6,0,1,0,1),(8,1,'channelStatic','栏目静态化',10,NULL,NULL,NULL,NULL,NULL,NULL,NULL,4,1,1,0,1),(9,1,'contentStatic','内容静态化',10,NULL,NULL,NULL,NULL,NULL,NULL,NULL,4,1,1,0,1),(10,1,'priority','排列顺序',10,NULL,NULL,NULL,NULL,NULL,NULL,NULL,2,0,1,0,1),(11,1,'display','显示',10,NULL,NULL,NULL,NULL,NULL,NULL,NULL,8,0,1,0,1),(12,1,'docImg','文档图片',10,NULL,NULL,NULL,NULL,NULL,NULL,NULL,8,1,1,0,1),(13,1,'finalStep','终审级别',10,NULL,NULL,NULL,NULL,NULL,NULL,NULL,2,0,1,0,1),(14,1,'afterCheck','审核后',10,NULL,NULL,NULL,NULL,NULL,NULL,NULL,6,0,1,0,1),(15,1,'commentControl','评论',10,NULL,NULL,NULL,NULL,NULL,NULL,NULL,8,0,1,0,1),(16,1,'allowUpdown','顶踩',10,NULL,NULL,NULL,NULL,NULL,NULL,NULL,8,0,1,0,1),(17,1,'viewGroupIds','浏览权限',10,NULL,NULL,NULL,NULL,NULL,NULL,NULL,7,0,1,0,1),(18,1,'contriGroupIds','投稿权限',10,NULL,NULL,NULL,NULL,NULL,NULL,NULL,7,0,1,0,1),(19,1,'userIds','管理权限',10,NULL,NULL,NULL,NULL,NULL,NULL,NULL,7,1,1,0,1),(20,1,'link','外部链接',10,NULL,NULL,NULL,NULL,NULL,NULL,NULL,1,1,1,0,1),(21,1,'titleImg','标题图',10,NULL,NULL,NULL,NULL,NULL,NULL,NULL,1,1,1,0,1),(22,1,'channelId','栏目',10,NULL,NULL,NULL,NULL,NULL,NULL,NULL,6,1,0,0,1),(23,1,'title','标题',10,NULL,NULL,NULL,NULL,NULL,NULL,NULL,1,1,0,0,1),(24,1,'shortTitle','简短标题',10,NULL,NULL,NULL,NULL,NULL,NULL,NULL,1,0,0,0,1),(25,1,'titleColor','标题颜色',10,NULL,NULL,NULL,NULL,NULL,NULL,NULL,6,0,0,0,1),(26,1,'tagStr','Tag标签',10,NULL,NULL,NULL,NULL,NULL,NULL,NULL,1,1,0,0,1),(27,1,'description','摘要',10,NULL,NULL,NULL,NULL,NULL,NULL,NULL,4,1,0,0,1),(28,1,'author','作者',10,NULL,NULL,NULL,NULL,NULL,NULL,NULL,1,0,0,0,1),(29,1,'origin','来源',10,NULL,NULL,NULL,NULL,NULL,NULL,NULL,1,0,0,0,1),(30,1,'viewGroupIds','浏览权限',10,NULL,NULL,NULL,NULL,NULL,NULL,NULL,7,1,0,0,1),(31,1,'topLevel','固顶级别',10,NULL,NULL,NULL,NULL,NULL,NULL,NULL,6,0,0,0,1),(32,1,'releaseDate','发布时间',10,NULL,NULL,NULL,NULL,NULL,NULL,NULL,5,0,0,0,1),(33,1,'typeId','内容类型',10,NULL,NULL,NULL,NULL,NULL,NULL,NULL,6,0,0,0,1),(34,1,'tplContent','指定模板',10,NULL,NULL,NULL,NULL,NULL,NULL,NULL,6,0,0,0,1),(35,1,'typeImg','类型图',10,NULL,NULL,NULL,NULL,NULL,NULL,NULL,1,1,0,0,1),(36,1,'titleImg','标题图',10,NULL,NULL,NULL,NULL,NULL,NULL,NULL,1,1,0,0,1),(37,1,'contentImg','内容图',10,NULL,NULL,NULL,NULL,NULL,NULL,NULL,1,1,0,0,1),(38,1,'attachments','附件',10,NULL,NULL,NULL,NULL,NULL,NULL,NULL,1,1,0,0,1),(39,1,'media','多媒体',10,NULL,NULL,NULL,NULL,NULL,NULL,NULL,1,1,0,0,1),(40,1,'txt','内容',10,NULL,NULL,NULL,NULL,NULL,NULL,NULL,4,1,0,0,1),(42,2,'name','栏目名称',10,NULL,NULL,NULL,NULL,NULL,NULL,NULL,1,0,1,0,1),(43,2,'path','访问路径',10,NULL,NULL,NULL,NULL,NULL,NULL,NULL,2,0,1,0,1),(44,2,'title','meta标题',10,NULL,NULL,NULL,NULL,NULL,NULL,NULL,1,0,1,0,1),(45,2,'keywords','meta关键字',10,NULL,NULL,NULL,NULL,NULL,NULL,NULL,1,0,1,0,1),(46,2,'description','meta描述',10,NULL,NULL,NULL,NULL,NULL,NULL,NULL,4,1,1,0,1),(47,2,'tplChannel','栏目模板',10,NULL,NULL,NULL,NULL,NULL,NULL,NULL,6,0,1,0,1),(48,2,'priority','排列顺序',10,NULL,NULL,NULL,NULL,NULL,NULL,NULL,2,0,1,0,1),(49,2,'display','显示',10,NULL,NULL,NULL,NULL,NULL,NULL,NULL,8,0,1,0,1),(50,2,'viewGroupIds','浏览权限',10,NULL,NULL,NULL,NULL,NULL,NULL,NULL,7,0,1,0,1),(51,2,'link','外部链接',10,NULL,NULL,NULL,NULL,NULL,NULL,NULL,1,1,1,0,1),(52,2,'contentImg','内容图',10,NULL,NULL,NULL,NULL,NULL,NULL,NULL,1,1,1,0,1),(53,2,'txt','内容',10,NULL,NULL,NULL,NULL,NULL,NULL,NULL,4,1,1,0,1),(54,3,'name','栏目名称',10,NULL,NULL,NULL,NULL,NULL,NULL,NULL,1,0,1,0,1),(55,3,'path','访问路径',10,NULL,NULL,NULL,NULL,NULL,NULL,NULL,2,0,1,0,1),(56,3,'title','meta标题',10,NULL,NULL,NULL,NULL,NULL,NULL,NULL,1,0,1,0,1),(57,3,'keywords','meta关键字',10,NULL,NULL,NULL,NULL,NULL,NULL,NULL,1,0,1,0,1),(58,3,'description','meta描述',10,NULL,NULL,NULL,NULL,NULL,NULL,NULL,4,1,1,0,1),(59,3,'tplChannel','栏目模板',10,NULL,NULL,NULL,NULL,NULL,NULL,NULL,6,0,1,0,1),(60,3,'tplContent','选择模型模板',10,NULL,NULL,NULL,NULL,NULL,NULL,NULL,6,0,1,0,1),(61,3,'priority','排列顺序',10,NULL,NULL,NULL,NULL,NULL,NULL,NULL,2,0,1,0,1),(62,3,'display','显示',10,NULL,NULL,NULL,NULL,NULL,NULL,NULL,8,0,1,0,1),(63,3,'docImg','文档图片',10,NULL,NULL,NULL,NULL,NULL,NULL,NULL,8,1,1,0,1),(64,3,'commentControl','评论',10,NULL,NULL,NULL,NULL,NULL,NULL,NULL,8,0,1,0,1),(65,3,'allowUpdown','顶踩',10,NULL,NULL,NULL,NULL,NULL,NULL,NULL,8,0,1,0,1),(66,3,'viewGroupIds','浏览权限',10,NULL,NULL,NULL,NULL,NULL,NULL,NULL,7,0,1,0,1),(67,3,'contriGroupIds','投稿权限',10,NULL,NULL,NULL,NULL,NULL,NULL,NULL,7,0,1,0,1),(68,3,'userIds','管理权限',10,NULL,NULL,NULL,NULL,NULL,NULL,NULL,7,1,1,0,1),(69,3,'link','外部链接',10,NULL,NULL,NULL,NULL,NULL,NULL,NULL,1,1,1,0,1),(70,3,'titleImg','标题图',10,NULL,NULL,NULL,NULL,NULL,NULL,NULL,1,1,1,0,1),(73,3,'channelId','栏目',10,NULL,NULL,NULL,NULL,NULL,NULL,NULL,6,1,0,0,1),(74,3,'title','标题',10,NULL,NULL,NULL,NULL,NULL,NULL,NULL,1,1,0,0,1),(75,3,'shortTitle','简短标题',10,NULL,NULL,NULL,NULL,NULL,NULL,NULL,1,0,0,0,1),(76,3,'titleColor','标题颜色',10,NULL,NULL,NULL,NULL,NULL,NULL,NULL,6,0,0,0,1),(77,3,'tagStr','Tag标签',10,NULL,NULL,NULL,NULL,NULL,NULL,NULL,1,1,0,0,1),(78,3,'description','摘要',10,NULL,NULL,NULL,NULL,NULL,NULL,NULL,4,1,0,0,1),(79,3,'author','作者',10,NULL,NULL,NULL,NULL,NULL,NULL,NULL,1,0,0,0,1),(80,3,'origin','来源',10,NULL,NULL,NULL,NULL,NULL,NULL,NULL,1,0,0,0,1),(81,3,'viewGroupIds','浏览权限',10,NULL,NULL,NULL,NULL,NULL,NULL,NULL,7,1,0,0,1),(82,3,'topLevel','固顶级别',10,NULL,NULL,NULL,NULL,NULL,NULL,NULL,6,0,0,0,1),(83,3,'releaseDate','发布时间',10,NULL,NULL,NULL,NULL,NULL,NULL,NULL,5,0,0,0,1),(84,3,'typeId','内容类型',10,NULL,NULL,NULL,NULL,NULL,NULL,NULL,6,0,0,0,1),(85,3,'tplContent','指定模板',10,NULL,NULL,NULL,NULL,NULL,NULL,NULL,6,0,0,0,1),(86,3,'typeImg','类型图',10,NULL,NULL,NULL,NULL,NULL,NULL,NULL,1,1,0,0,1),(87,3,'titleImg','标题图',10,NULL,NULL,NULL,NULL,NULL,NULL,NULL,1,1,0,0,1),(88,3,'contentImg','内容图',10,NULL,NULL,NULL,NULL,NULL,NULL,NULL,1,1,0,0,1),(89,3,'attachments','附件',10,NULL,NULL,NULL,NULL,NULL,NULL,NULL,1,1,0,0,1),(90,3,'media','多媒体',10,NULL,NULL,NULL,NULL,NULL,NULL,NULL,1,1,0,0,1),(91,3,'txt','内容',10,NULL,NULL,NULL,NULL,NULL,NULL,NULL,4,1,0,0,1),(92,3,'pictures','图片集',10,NULL,NULL,NULL,NULL,NULL,NULL,NULL,4,1,0,0,1),(93,4,'name','栏目名称',10,NULL,NULL,NULL,NULL,NULL,NULL,NULL,1,0,1,0,1),(94,4,'path','访问路径',10,NULL,NULL,NULL,NULL,NULL,NULL,NULL,2,0,1,0,1),(95,4,'title','meta标题',10,NULL,NULL,NULL,NULL,NULL,NULL,NULL,1,0,1,0,1),(96,4,'keywords','meta关键字',10,NULL,NULL,NULL,NULL,NULL,NULL,NULL,1,0,1,0,1),(97,4,'description','meta描述',10,NULL,NULL,NULL,NULL,NULL,NULL,NULL,4,1,1,0,1),(98,4,'tplChannel','栏目模板',10,NULL,NULL,NULL,NULL,NULL,NULL,NULL,6,0,1,0,1),(99,4,'tplContent','选择模型模板',10,NULL,NULL,NULL,NULL,NULL,NULL,NULL,6,0,1,0,1),(100,4,'priority','排列顺序',10,NULL,NULL,NULL,NULL,NULL,NULL,NULL,2,0,1,0,1),(101,4,'display','显示',10,NULL,NULL,NULL,NULL,NULL,NULL,NULL,8,0,1,0,1),(102,4,'docImg','文档图片',10,NULL,NULL,NULL,NULL,NULL,NULL,NULL,8,1,1,0,1),(103,4,'commentControl','评论',10,NULL,NULL,NULL,NULL,NULL,NULL,NULL,8,0,1,0,1),(104,4,'allowUpdown','顶踩',10,NULL,NULL,NULL,NULL,NULL,NULL,NULL,8,0,1,0,1),(105,4,'viewGroupIds','浏览权限',10,NULL,NULL,NULL,NULL,NULL,NULL,NULL,7,1,1,0,1),(106,4,'userIds','管理权限',10,NULL,NULL,NULL,NULL,NULL,NULL,NULL,7,1,1,0,1),(107,4,'channelId','栏目',1,NULL,NULL,NULL,NULL,NULL,NULL,NULL,6,1,0,0,1),(108,4,'title','软件名称',2,NULL,NULL,NULL,NULL,NULL,NULL,NULL,1,1,0,0,1),(109,4,'shortTitle','软件简称',3,NULL,NULL,NULL,NULL,NULL,NULL,NULL,1,0,0,0,1),(110,4,'titleColor','标题颜色',4,NULL,NULL,NULL,NULL,NULL,NULL,NULL,6,0,0,0,1),(111,4,'description','摘要',5,NULL,NULL,NULL,NULL,NULL,NULL,NULL,4,1,0,0,1),(112,4,'author','发布人',6,NULL,NULL,NULL,NULL,NULL,NULL,NULL,1,0,0,0,1),(113,4,'viewGroupIds','浏览权限',7,NULL,NULL,NULL,NULL,NULL,NULL,NULL,7,0,0,0,1),(114,4,'topLevel','固顶级别',8,NULL,NULL,NULL,NULL,NULL,NULL,NULL,6,0,0,0,1),(115,4,'releaseDate','发布时间',9,NULL,NULL,NULL,NULL,NULL,NULL,NULL,5,0,0,0,1),(116,4,'typeId','内容类型',21,NULL,NULL,NULL,NULL,NULL,NULL,NULL,6,0,0,0,1),(117,4,'tplContent','指定模板',22,NULL,NULL,NULL,NULL,NULL,NULL,NULL,6,0,0,0,1),(118,4,'contentImg','内容图',10,NULL,NULL,NULL,NULL,NULL,NULL,NULL,1,1,0,0,1),(119,4,'attachments','资源上传',11,NULL,NULL,NULL,NULL,NULL,NULL,NULL,1,1,0,0,1),(120,4,'txt','软件介绍',20,NULL,NULL,NULL,NULL,NULL,NULL,NULL,4,1,0,0,1),(121,4,'softType','软件类型',12,'国产软件','国产软件,国外软件','100','3','30',NULL,NULL,6,0,0,1,1),(122,4,'warrant','软件授权',13,'免费版','免费版,共享版','','3','30','','',6,0,0,1,1),(123,4,'relatedLink','相关链接',14,'http://','','50','3','30','','',1,0,0,1,1),(124,4,'demoUrl','演示地址',15,'http://',NULL,'60','3','30',NULL,NULL,1,0,0,1,1),(125,5,'name','栏目名称',10,NULL,NULL,NULL,NULL,NULL,NULL,NULL,1,0,1,0,1),(126,5,'path','访问路径',10,NULL,NULL,NULL,NULL,NULL,NULL,NULL,2,0,1,0,1),(127,5,'title','meta标题',10,NULL,NULL,NULL,NULL,NULL,NULL,NULL,1,0,1,0,1),(128,5,'keywords','meta关键字',10,NULL,NULL,NULL,NULL,NULL,NULL,NULL,1,0,1,0,1),(129,5,'description','meta描述',10,NULL,NULL,NULL,NULL,NULL,NULL,NULL,4,1,1,0,1),(130,5,'tplChannel','栏目模板',10,NULL,NULL,NULL,NULL,NULL,NULL,NULL,6,0,1,0,1),(131,5,'tplContent','选择模型模板',10,NULL,NULL,NULL,NULL,NULL,NULL,NULL,6,0,1,0,1),(132,5,'channelStatic','栏目静态化',10,NULL,NULL,NULL,NULL,NULL,NULL,NULL,4,1,1,0,1),(133,5,'contentStatic','内容静态化',10,NULL,NULL,NULL,NULL,NULL,NULL,NULL,4,1,1,0,1),(134,5,'priority','排列顺序',10,NULL,NULL,NULL,NULL,NULL,NULL,NULL,2,0,1,0,1),(135,5,'display','显示',10,NULL,NULL,NULL,NULL,NULL,NULL,NULL,8,0,1,0,1),(136,5,'docImg','文档图片',10,NULL,NULL,NULL,NULL,NULL,NULL,NULL,8,1,1,0,1),(137,5,'finalStep','终审级别',10,NULL,NULL,NULL,NULL,NULL,NULL,NULL,2,0,1,0,1),(138,5,'afterCheck','审核后',10,NULL,NULL,NULL,NULL,NULL,NULL,NULL,6,0,1,0,1),(139,5,'commentControl','评论',10,NULL,NULL,NULL,NULL,NULL,NULL,NULL,8,0,1,0,1),(140,5,'allowUpdown','顶踩',10,NULL,NULL,NULL,NULL,NULL,NULL,NULL,8,0,1,0,1),(141,5,'viewGroupIds','浏览权限',10,NULL,NULL,NULL,NULL,NULL,NULL,NULL,7,0,1,0,1),(142,5,'contriGroupIds','投稿权限',10,NULL,NULL,NULL,NULL,NULL,NULL,NULL,7,0,1,0,1),(143,5,'userIds','管理权限',10,NULL,NULL,NULL,NULL,NULL,NULL,NULL,7,1,1,0,1),(144,5,'link','外部链接',10,NULL,NULL,NULL,NULL,NULL,NULL,NULL,1,1,1,0,1),(145,5,'titleImg','标题图',10,NULL,NULL,NULL,NULL,NULL,NULL,NULL,1,1,1,0,1),(146,5,'contentImg','内容图',10,NULL,NULL,NULL,NULL,NULL,NULL,NULL,1,1,1,0,1),(147,5,'channelId','栏目',10,NULL,NULL,NULL,NULL,NULL,NULL,NULL,6,1,0,0,1),(148,5,'title','标题',10,NULL,NULL,NULL,NULL,NULL,NULL,NULL,1,1,0,0,1),(149,5,'shortTitle','简短标题',10,NULL,NULL,NULL,NULL,NULL,NULL,NULL,1,0,0,0,1),(150,5,'titleColor','标题颜色',10,NULL,NULL,NULL,NULL,NULL,NULL,NULL,6,0,0,0,1),(151,5,'tagStr','Tag标签',10,NULL,NULL,NULL,NULL,NULL,NULL,NULL,1,1,0,0,1),(152,5,'description','摘要',10,NULL,NULL,NULL,NULL,NULL,NULL,NULL,4,1,0,0,1),(153,5,'author','作者',10,NULL,NULL,NULL,NULL,NULL,NULL,NULL,1,0,0,0,1),(154,5,'origin','来源',10,NULL,NULL,NULL,NULL,NULL,NULL,NULL,1,0,0,0,1),(155,5,'viewGroupIds','浏览权限',10,NULL,NULL,NULL,NULL,NULL,NULL,NULL,7,1,0,0,1),(156,5,'topLevel','固顶级别',10,NULL,NULL,NULL,NULL,NULL,NULL,NULL,6,0,0,0,1),(157,5,'releaseDate','发布时间',10,NULL,NULL,NULL,NULL,NULL,NULL,NULL,5,0,0,0,1),(158,5,'typeId','内容类型',10,NULL,NULL,NULL,NULL,NULL,NULL,NULL,6,0,0,0,1),(159,5,'tplContent','指定模板',10,NULL,NULL,NULL,NULL,NULL,NULL,NULL,6,0,0,0,1),(160,5,'typeImg','类型图',10,NULL,NULL,NULL,NULL,NULL,NULL,NULL,1,1,0,0,1),(161,5,'titleImg','标题图',10,NULL,NULL,NULL,NULL,NULL,NULL,NULL,1,1,0,0,1),(162,5,'contentImg','内容图',10,NULL,NULL,NULL,NULL,NULL,NULL,NULL,1,1,0,0,1),(163,5,'pictures','图片集',10,NULL,NULL,NULL,NULL,NULL,NULL,NULL,4,1,0,0,1),(164,6,'name','栏目名称',10,NULL,NULL,NULL,NULL,NULL,NULL,NULL,1,0,1,0,1),(165,6,'path','访问路径',10,NULL,NULL,NULL,NULL,NULL,NULL,NULL,2,0,1,0,1),(166,6,'title','meta标题',10,NULL,NULL,NULL,NULL,NULL,NULL,NULL,1,0,1,0,1),(167,6,'keywords','meta关键字',10,NULL,NULL,NULL,NULL,NULL,NULL,NULL,1,0,1,0,1),(168,6,'description','meta描述',10,NULL,NULL,NULL,NULL,NULL,NULL,NULL,4,1,1,0,1),(169,6,'tplChannel','栏目模板',10,NULL,NULL,NULL,NULL,NULL,NULL,NULL,6,0,1,0,1),(170,6,'tplContent','选择模型模板',10,NULL,NULL,NULL,NULL,NULL,NULL,NULL,6,0,1,0,1),(171,6,'channelStatic','栏目静态化',10,NULL,NULL,NULL,NULL,NULL,NULL,NULL,4,1,1,0,1),(172,6,'contentStatic','内容静态化',10,NULL,NULL,NULL,NULL,NULL,NULL,NULL,4,1,1,0,1),(173,6,'priority','排列顺序',10,NULL,NULL,NULL,NULL,NULL,NULL,NULL,2,0,1,0,1),(174,6,'display','显示',10,NULL,NULL,NULL,NULL,NULL,NULL,NULL,8,0,1,0,1),(175,6,'docImg','文档图片',10,NULL,NULL,NULL,NULL,NULL,NULL,NULL,8,1,1,0,1),(176,6,'finalStep','终审级别',10,NULL,NULL,NULL,NULL,NULL,NULL,NULL,2,0,1,0,1),(177,6,'afterCheck','审核后',10,NULL,NULL,NULL,NULL,NULL,NULL,NULL,6,0,1,0,1),(178,6,'commentControl','评论',10,NULL,NULL,NULL,NULL,NULL,NULL,NULL,8,0,1,0,1),(179,6,'allowUpdown','顶踩',10,NULL,NULL,NULL,NULL,NULL,NULL,NULL,8,0,1,0,1),(180,6,'viewGroupIds','浏览权限',10,NULL,NULL,NULL,NULL,NULL,NULL,NULL,7,0,1,0,1),(181,6,'contriGroupIds','投稿权限',10,NULL,NULL,NULL,NULL,NULL,NULL,NULL,7,0,1,0,1),(182,6,'userIds','管理权限',10,NULL,NULL,NULL,NULL,NULL,NULL,NULL,7,1,1,0,1),(183,6,'link','外部链接',10,NULL,NULL,NULL,NULL,NULL,NULL,NULL,1,1,1,0,1),(184,6,'titleImg','标题图',10,NULL,NULL,NULL,NULL,NULL,NULL,NULL,1,1,1,0,1),(185,6,'contentImg','内容图',10,NULL,NULL,NULL,NULL,NULL,NULL,NULL,1,1,1,0,1),(186,6,'channelId','栏目',10,NULL,NULL,NULL,NULL,NULL,NULL,NULL,6,1,0,0,1),(187,6,'title','标题',10,NULL,NULL,NULL,NULL,NULL,NULL,NULL,1,1,0,0,1),(188,6,'shortTitle','简短标题',10,NULL,NULL,NULL,NULL,NULL,NULL,NULL,1,0,0,0,1),(189,6,'titleColor','标题颜色',10,NULL,NULL,NULL,NULL,NULL,NULL,NULL,6,0,0,0,1),(190,6,'tagStr','Tag标签',10,NULL,NULL,NULL,NULL,NULL,NULL,NULL,1,1,0,0,1),(191,6,'description','内容简介',10,NULL,NULL,NULL,NULL,NULL,NULL,NULL,4,1,0,0,1),(192,6,'author','作者',10,NULL,NULL,NULL,NULL,NULL,NULL,NULL,1,0,0,0,0),(193,6,'origin','来源',10,NULL,NULL,NULL,NULL,NULL,NULL,NULL,1,0,0,0,0),(194,6,'viewGroupIds','浏览权限',10,NULL,NULL,NULL,NULL,NULL,NULL,NULL,7,1,0,0,1),(195,6,'topLevel','固顶级别',10,NULL,NULL,NULL,NULL,NULL,NULL,NULL,6,0,0,0,1),(196,6,'releaseDate','发布时间',10,NULL,NULL,NULL,NULL,NULL,NULL,NULL,5,0,0,0,1),(197,6,'typeId','内容类型',10,NULL,NULL,NULL,NULL,NULL,NULL,NULL,6,0,0,0,1),(198,6,'tplContent','指定模板',10,NULL,NULL,NULL,NULL,NULL,NULL,NULL,6,0,0,0,1),(199,6,'typeImg','类型图',10,NULL,NULL,NULL,NULL,NULL,NULL,NULL,1,1,0,0,1),(200,6,'titleImg','标题图',10,NULL,NULL,NULL,NULL,NULL,NULL,NULL,1,1,0,0,1),(201,6,'contentImg','内容图',10,NULL,NULL,NULL,NULL,NULL,NULL,NULL,1,1,0,0,1),(202,6,'attachments','附件',10,NULL,NULL,NULL,NULL,NULL,NULL,NULL,1,0,0,0,0),(203,6,'media','多媒体',10,NULL,NULL,NULL,NULL,NULL,NULL,NULL,1,1,0,0,1),(204,7,'name','栏目名称',10,NULL,NULL,NULL,NULL,NULL,NULL,NULL,1,0,1,0,1),(205,7,'path','访问路径',10,NULL,NULL,NULL,NULL,NULL,NULL,NULL,2,0,1,0,1),(206,7,'title','meta标题',10,NULL,NULL,NULL,NULL,NULL,NULL,NULL,1,0,1,0,1),(207,7,'keywords','meta关键字',10,NULL,NULL,NULL,NULL,NULL,NULL,NULL,1,0,1,0,1),(208,7,'description','meta描述',10,NULL,NULL,NULL,NULL,NULL,NULL,NULL,4,1,1,0,1),(209,7,'tplChannel','栏目模板',10,NULL,NULL,NULL,NULL,NULL,NULL,NULL,6,0,1,0,1),(210,7,'tplContent','选择模型模板',10,NULL,NULL,NULL,NULL,NULL,NULL,NULL,6,0,1,0,1),(211,7,'channelStatic','栏目静态化',10,NULL,NULL,NULL,NULL,NULL,NULL,NULL,4,1,1,0,1),(212,7,'contentStatic','内容静态化',10,NULL,NULL,NULL,NULL,NULL,NULL,NULL,4,1,1,0,1),(213,7,'priority','排列顺序',10,NULL,NULL,NULL,NULL,NULL,NULL,NULL,2,0,1,0,1),(214,7,'display','显示',10,NULL,NULL,NULL,NULL,NULL,NULL,NULL,8,0,1,0,1),(215,7,'docImg','文档图片',10,NULL,NULL,NULL,NULL,NULL,NULL,NULL,8,1,1,0,1),(216,7,'finalStep','终审级别',10,NULL,NULL,NULL,NULL,NULL,NULL,NULL,2,0,1,0,1),(217,7,'afterCheck','审核后',10,NULL,NULL,NULL,NULL,NULL,NULL,NULL,6,0,1,0,1),(218,7,'commentControl','评论',10,NULL,NULL,NULL,NULL,NULL,NULL,NULL,8,0,1,0,1),(219,7,'allowUpdown','顶踩',10,NULL,NULL,NULL,NULL,NULL,NULL,NULL,8,0,1,0,1),(220,7,'viewGroupIds','浏览权限',10,NULL,NULL,NULL,NULL,NULL,NULL,NULL,7,0,1,0,1),(221,7,'contriGroupIds','投稿权限',10,NULL,NULL,NULL,NULL,NULL,NULL,NULL,7,0,1,0,1),(222,7,'userIds','管理权限',10,NULL,NULL,NULL,NULL,NULL,NULL,NULL,7,1,1,0,1),(223,7,'link','外部链接',10,NULL,NULL,NULL,NULL,NULL,NULL,NULL,1,1,1,0,1),(224,7,'titleImg','标题图',10,NULL,NULL,NULL,NULL,NULL,NULL,NULL,1,1,1,0,1),(225,7,'contentImg','内容图',10,NULL,NULL,NULL,NULL,NULL,NULL,NULL,1,1,1,0,1),(226,7,'channelId','栏目',10,NULL,NULL,NULL,NULL,NULL,NULL,NULL,6,1,0,0,1),(227,7,'title','标题',10,NULL,NULL,NULL,NULL,NULL,NULL,NULL,1,1,0,0,1),(228,7,'shortTitle','简短标题',10,NULL,NULL,NULL,NULL,NULL,NULL,NULL,1,0,0,0,1),(229,7,'titleColor','标题颜色',10,NULL,NULL,NULL,NULL,NULL,NULL,NULL,6,0,0,0,1),(230,7,'tagStr','Tag标签',10,NULL,NULL,NULL,NULL,NULL,NULL,NULL,1,1,0,0,1),(231,7,'description','摘要',10,NULL,NULL,NULL,NULL,NULL,NULL,NULL,4,1,0,0,1),(232,7,'author','作者',10,NULL,NULL,NULL,NULL,NULL,NULL,NULL,1,0,0,0,1),(233,7,'origin','来源',10,NULL,NULL,NULL,NULL,NULL,NULL,NULL,1,0,0,0,1),(234,7,'viewGroupIds','浏览权限',10,NULL,NULL,NULL,NULL,NULL,NULL,NULL,7,1,0,0,1),(235,7,'topLevel','固顶级别',10,NULL,NULL,NULL,NULL,NULL,NULL,NULL,6,0,0,0,1),(236,7,'releaseDate','发布时间',10,NULL,NULL,NULL,NULL,NULL,NULL,NULL,5,0,0,0,1),(237,7,'typeId','内容类型',10,NULL,NULL,NULL,NULL,NULL,NULL,NULL,6,0,0,0,1),(238,7,'tplContent','指定模板',10,NULL,NULL,NULL,NULL,NULL,NULL,NULL,6,0,0,0,1),(239,7,'typeImg','类型图',10,NULL,NULL,NULL,NULL,NULL,NULL,NULL,1,1,0,0,1),(240,7,'titleImg','标题图',10,NULL,NULL,NULL,NULL,NULL,NULL,NULL,1,1,0,0,1),(241,7,'contentImg','内容图',10,NULL,NULL,NULL,NULL,NULL,NULL,NULL,1,1,0,0,1),(242,7,'txt','内容',10,NULL,NULL,NULL,NULL,NULL,NULL,NULL,4,1,0,0,1),(243,7,'marketprice','市场价',10,NULL,NULL,NULL,'3','30',NULL,NULL,3,1,0,1,1),(244,7,'price','价格',10,NULL,NULL,NULL,'3','30',NULL,NULL,3,1,0,1,1),(246,4,'titleImg','标题图',10,NULL,NULL,NULL,NULL,NULL,NULL,NULL,1,1,0,0,1),(248,7,'txt1','内容1',10,NULL,NULL,NULL,NULL,NULL,NULL,NULL,4,1,0,0,1),(249,8,'name','栏目名称',10,NULL,NULL,NULL,NULL,NULL,NULL,NULL,1,0,1,0,1),(250,8,'path','访问路径',10,NULL,NULL,NULL,NULL,NULL,NULL,NULL,2,0,1,0,1),(251,8,'title','meta标题',10,NULL,NULL,NULL,NULL,NULL,NULL,NULL,1,0,1,0,1),(252,8,'keywords','meta关键字',10,NULL,NULL,NULL,NULL,NULL,NULL,NULL,1,0,1,0,1),(253,8,'description','meta描述',10,NULL,NULL,NULL,NULL,NULL,NULL,NULL,4,1,1,0,1),(254,8,'tplChannel','栏目模板',10,NULL,NULL,NULL,NULL,NULL,NULL,NULL,6,0,1,0,1),(255,8,'tplContent','内容模板',10,NULL,NULL,NULL,NULL,NULL,NULL,NULL,6,0,1,0,1),(256,8,'channelStatic','栏目静态化',10,NULL,NULL,NULL,NULL,NULL,NULL,NULL,4,1,1,0,1),(257,8,'contentStatic','内容静态化',10,NULL,NULL,NULL,NULL,NULL,NULL,NULL,4,1,1,0,1),(258,8,'priority','排列顺序',10,NULL,NULL,NULL,NULL,NULL,NULL,NULL,2,0,1,0,1),(259,8,'display','显示',10,NULL,NULL,NULL,NULL,NULL,NULL,NULL,8,0,1,0,1),(260,8,'docImg','文档图片',10,NULL,NULL,NULL,NULL,NULL,NULL,NULL,8,1,1,0,1),(261,8,'finalStep','终审级别',10,NULL,NULL,NULL,NULL,NULL,NULL,NULL,2,0,1,0,1),(262,8,'afterCheck','审核后',10,NULL,NULL,NULL,NULL,NULL,NULL,NULL,6,0,1,0,1),(263,8,'commentControl','评论',10,NULL,NULL,NULL,NULL,NULL,NULL,NULL,8,0,1,0,1),(264,8,'allowUpdown','顶踩',10,NULL,NULL,NULL,NULL,NULL,NULL,NULL,8,0,1,0,1),(265,8,'viewGroupIds','浏览权限',10,NULL,NULL,NULL,NULL,NULL,NULL,NULL,7,0,1,0,1),(266,8,'contriGroupIds','投稿权限',10,NULL,NULL,NULL,NULL,NULL,NULL,NULL,7,0,1,0,1),(267,8,'userIds','管理权限',10,NULL,NULL,NULL,NULL,NULL,NULL,NULL,7,1,1,0,1),(268,8,'link','外部链接',10,NULL,NULL,NULL,NULL,NULL,NULL,NULL,1,1,1,0,1),(269,8,'titleImg','标题图',10,NULL,NULL,NULL,NULL,NULL,NULL,NULL,1,1,1,0,1),(270,8,'contentImg','内容图',10,NULL,NULL,NULL,NULL,NULL,NULL,NULL,1,1,1,0,1),(271,8,'channelId','栏目',1,NULL,NULL,NULL,NULL,NULL,NULL,NULL,6,1,0,0,1),(272,8,'title','岗位名称',1,NULL,NULL,NULL,NULL,NULL,NULL,NULL,1,1,0,0,1),(275,8,'tagStr','Tag标签',7,NULL,NULL,NULL,NULL,NULL,NULL,NULL,1,1,0,0,1),(279,8,'viewGroupIds','浏览权限',8,NULL,NULL,NULL,NULL,NULL,NULL,NULL,7,0,0,0,1),(280,8,'topLevel','固顶级别',7,NULL,NULL,NULL,NULL,NULL,NULL,NULL,6,0,0,0,1),(281,8,'releaseDate','发布时间',2,NULL,NULL,NULL,NULL,NULL,NULL,NULL,5,0,0,0,1),(282,8,'typeId','内容类型',7,NULL,NULL,NULL,NULL,NULL,NULL,NULL,6,0,0,0,1),(283,8,'tplContent','指定模板',8,NULL,NULL,NULL,NULL,NULL,NULL,NULL,6,0,0,0,1),(289,8,'txt','职位描述',10,NULL,NULL,NULL,NULL,NULL,NULL,NULL,4,1,0,0,1),(290,8,'deadline','截止日期',2,NULL,NULL,NULL,'3','30','留空永久有效',NULL,5,0,0,1,1),(291,8,'experience','工作经验',3,NULL,'1年以内,1年以上,2年以上,3年以上,4年以上,5年以上,不限',NULL,'3','30',NULL,NULL,6,0,0,1,1),(292,8,'education','最低学历',3,'','专科,本科,硕士,不限','','3','30','','',6,0,0,1,1),(293,8,'salary','职位月薪',4,NULL,'2000-3000,3000-5000,4000-6000,5000-7000,6000-8000,8000+,面议',NULL,'3','30',NULL,NULL,6,0,0,1,1),(294,8,'workplace','工作地点',4,'','北京,上海,深圳,广州,重庆,南京,杭州,西安,南昌','','3','30','','',7,0,0,1,1),(295,8,'nature','工作性质',5,'','全职,兼职','','3','30','','',8,0,0,1,1),(296,8,'hasmanage','管理经验',5,'','要求,不要求','','3','30','','',8,0,0,1,1),(297,8,'nums','招聘人数',6,'','1-3人,3-5人,5-10人,若干','','3','30','','',6,0,0,1,1),(298,8,'category','职位类别',6,NULL,'项目主管,java高级工程师,java工程师,网页设计师,测试人员,技术支持',NULL,'3','30',NULL,NULL,6,0,0,1,1),(299,6,'Director','导演',10,NULL,NULL,NULL,'1','2',NULL,NULL,1,0,0,1,1),(300,6,'Starring','主演',10,NULL,NULL,NULL,'1','30',NULL,'2',1,0,0,1,1),(301,6,'VideoType','视频类型',70,NULL,'历史,古装,都市,喜剧,悬疑,动作,谍战,伦理,战争,惊悚',NULL,'3','30',NULL,NULL,7,0,0,1,1),(302,6,'Video','影片信息',70,NULL,'正片,预告片',NULL,'3','30',NULL,NULL,6,0,0,1,1);
/*!40000 ALTER TABLE `jc_model_item` ENABLE KEYS */;
UNLOCK TABLES;

--
-- Table structure for table `jc_receiver_message`
--

DROP TABLE IF EXISTS `jc_receiver_message`;
/*!40101 SET @saved_cs_client     = @@character_set_client */;
/*!40101 SET character_set_client = utf8 */;
CREATE TABLE `jc_receiver_message` (
  `msg_re_id` int(11) NOT NULL AUTO_INCREMENT COMMENT '消息id',
  `msg_title` varchar(255) NOT NULL DEFAULT '' COMMENT '标题',
  `msg_content` longtext COMMENT '站内信息内容',
  `send_time` timestamp NULL DEFAULT NULL COMMENT '发送时间',
  `msg_send_user` int(11) NOT NULL DEFAULT '1' COMMENT '发信息人',
  `msg_receiver_user` int(11) NOT NULL DEFAULT '0' COMMENT '接收人',
  `site_id` int(11) NOT NULL DEFAULT '1' COMMENT '站点',
  `msg_status` tinyint(1) NOT NULL DEFAULT '0' COMMENT '消息状态0未读，1已读',
  `msg_box` int(2) NOT NULL DEFAULT '1' COMMENT '消息信箱 0收件箱 1发件箱 2草稿箱 3垃圾箱',
  `msg_id` int(11) DEFAULT NULL COMMENT '发信的信件id',
  PRIMARY KEY (`msg_re_id`),
  KEY `jc_receiver_message_user_send` (`msg_send_user`),
  KEY `jc_receiver_message_user_receiver` (`msg_receiver_user`),
  KEY `jc_receiver_message_site` (`site_id`),
  KEY `jc_receiver_message_message` (`msg_re_id`),
  KEY `fk_jc_receiver_message_message` (`msg_id`),
  CONSTRAINT `fk_jc_receiver_message_message` FOREIGN KEY (`msg_id`) REFERENCES `jc_message` (`msg_id`),
  CONSTRAINT `fk_jc_receiver_message_site` FOREIGN KEY (`site_id`) REFERENCES `jc_site` (`site_id`),
  CONSTRAINT `fk_jc_receiver_message_user_receiver` FOREIGN KEY (`msg_receiver_user`) REFERENCES `jc_user` (`user_id`),
  CONSTRAINT `fk_jc_receiver_message_user_send` FOREIGN KEY (`msg_send_user`) REFERENCES `jc_user` (`user_id`)
) ENGINE=InnoDB AUTO_INCREMENT=4 DEFAULT CHARSET=utf8 COMMENT='站内信收信表';
/*!40101 SET character_set_client = @saved_cs_client */;

--
-- Dumping data for table `jc_receiver_message`
--

LOCK TABLES `jc_receiver_message` WRITE;
/*!40000 ALTER TABLE `jc_receiver_message` DISABLE KEYS */;
INSERT INTO `jc_receiver_message` VALUES (1,'aa','aaaa','2014-07-15 18:35:46',1,1,1,1,0,NULL),(2,'aa','aaaa','2014-07-15 18:35:46',1,1,1,0,3,NULL),(3,'aa','aaaa','2014-07-16 14:09:53',1,1,1,1,0,1);
/*!40000 ALTER TABLE `jc_receiver_message` ENABLE KEYS */;
UNLOCK TABLES;

--
-- Table structure for table `jc_role`
--

DROP TABLE IF EXISTS `jc_role`;
/*!40101 SET @saved_cs_client     = @@character_set_client */;
/*!40101 SET character_set_client = utf8 */;
CREATE TABLE `jc_role` (
  `role_id` int(11) NOT NULL AUTO_INCREMENT,
  `site_id` int(11) DEFAULT NULL,
  `role_name` varchar(100) NOT NULL COMMENT '角色名称',
  `priority` int(11) NOT NULL DEFAULT '10' COMMENT '排列顺序',
  `is_super` char(1) NOT NULL DEFAULT '0' COMMENT '拥有所有权限',
  PRIMARY KEY (`role_id`),
  KEY `fk_jc_role_site` (`site_id`),
  CONSTRAINT `fk_jc_role_site` FOREIGN KEY (`site_id`) REFERENCES `jc_site` (`site_id`)
) ENGINE=InnoDB AUTO_INCREMENT=4 DEFAULT CHARSET=utf8 COMMENT='CMS角色表';
/*!40101 SET character_set_client = @saved_cs_client */;

--
-- Dumping data for table `jc_role`
--

LOCK TABLES `jc_role` WRITE;
/*!40000 ALTER TABLE `jc_role` DISABLE KEYS */;
INSERT INTO `jc_role` VALUES (1,NULL,'管理员',10,'1'),(2,NULL,'巡检管理员',10,'0'),(3,NULL,'起重工',10,'0');
/*!40000 ALTER TABLE `jc_role` ENABLE KEYS */;
UNLOCK TABLES;

--
-- Table structure for table `jc_role_permission`
--

DROP TABLE IF EXISTS `jc_role_permission`;
/*!40101 SET @saved_cs_client     = @@character_set_client */;
/*!40101 SET character_set_client = utf8 */;
CREATE TABLE `jc_role_permission` (
  `role_id` int(11) NOT NULL,
  `uri` varchar(100) NOT NULL,
  KEY `fk_jc_permission_role` (`role_id`),
  CONSTRAINT `fk_jc_permission_role` FOREIGN KEY (`role_id`) REFERENCES `jc_role` (`role_id`)
) ENGINE=InnoDB DEFAULT CHARSET=utf8 COMMENT='CMS角色授权表';
/*!40101 SET character_set_client = @saved_cs_client */;

--
-- Dumping data for table `jc_role_permission`
--

LOCK TABLES `jc_role_permission` WRITE;
/*!40000 ALTER TABLE `jc_role_permission` DISABLE KEYS */;
INSERT INTO `jc_role_permission` VALUES (2,'/top.do'),(2,'/right.do'),(2,'/main.do'),(2,'/left.do'),(2,'/personal/'),(2,'/index.do'),(2,'/report/'),(2,'/contents/'),(2,'/message/v_countUnreadMsg.do'),(2,'/content/o_generateTags.do'),(2,'/map.do'),(3,'/top.do'),(3,'/right.do'),(3,'/main.do'),(3,'/left.do'),(3,'/personal/'),(3,'/index.do'),(3,'/report/'),(3,'/contents/'),(3,'/message/v_countUnreadMsg.do'),(3,'/content/o_generateTags.do'),(3,'/map.do'),(1,'/top.do'),(1,'/right.do'),(1,'/message/v_countUnreadMsg.do，/contents/v_pic.do'),(1,'/main.do'),(1,'/left.do'),(1,'/index.do'),(1,'/content/o_generateTags.do'),(1,'/map.do');
/*!40000 ALTER TABLE `jc_role_permission` ENABLE KEYS */;
UNLOCK TABLES;

--
-- Table structure for table `jc_sensitivity`
--

DROP TABLE IF EXISTS `jc_sensitivity`;
/*!40101 SET @saved_cs_client     = @@character_set_client */;
/*!40101 SET character_set_client = utf8 */;
CREATE TABLE `jc_sensitivity` (
  `sensitivity_id` int(11) NOT NULL AUTO_INCREMENT,
  `search` varchar(255) NOT NULL COMMENT '敏感词',
  `replacement` varchar(255) NOT NULL COMMENT '替换词',
  PRIMARY KEY (`sensitivity_id`)
) ENGINE=InnoDB AUTO_INCREMENT=2 DEFAULT CHARSET=utf8 COMMENT='CMS敏感词表';
/*!40101 SET character_set_client = @saved_cs_client */;

--
-- Dumping data for table `jc_sensitivity`
--

LOCK TABLES `jc_sensitivity` WRITE;
/*!40000 ALTER TABLE `jc_sensitivity` DISABLE KEYS */;
INSERT INTO `jc_sensitivity` VALUES (1,'法论功','***');
/*!40000 ALTER TABLE `jc_sensitivity` ENABLE KEYS */;
UNLOCK TABLES;

--
-- Table structure for table `jc_site`
--

DROP TABLE IF EXISTS `jc_site`;
/*!40101 SET @saved_cs_client     = @@character_set_client */;
/*!40101 SET character_set_client = utf8 */;
CREATE TABLE `jc_site` (
  `site_id` int(11) NOT NULL AUTO_INCREMENT,
  `config_id` int(11) NOT NULL COMMENT '配置ID',
  `ftp_upload_id` int(11) DEFAULT NULL COMMENT '上传ftp',
  `domain` varchar(50) NOT NULL COMMENT '域名',
  `site_path` varchar(20) NOT NULL COMMENT '路径',
  `site_name` varchar(100) NOT NULL COMMENT '网站名称',
  `short_name` varchar(100) NOT NULL COMMENT '简短名称',
  `protocol` varchar(20) NOT NULL DEFAULT 'http://' COMMENT '协议',
  `dynamic_suffix` varchar(10) NOT NULL DEFAULT '.jhtml' COMMENT '动态页后缀',
  `static_suffix` varchar(10) NOT NULL DEFAULT '.html' COMMENT '静态页后缀',
  `static_dir` varchar(50) DEFAULT NULL COMMENT '静态页存放目录',
  `is_index_to_root` char(1) NOT NULL DEFAULT '0' COMMENT '是否使用将首页放在根目录下',
  `is_static_index` char(1) NOT NULL DEFAULT '0' COMMENT '是否静态化首页',
  `locale_admin` varchar(10) NOT NULL DEFAULT 'zh_CN' COMMENT '后台本地化',
  `locale_front` varchar(10) NOT NULL DEFAULT 'zh_CN' COMMENT '前台本地化',
  `tpl_solution` varchar(50) NOT NULL DEFAULT 'default' COMMENT '模板方案',
  `final_step` tinyint(4) NOT NULL DEFAULT '2' COMMENT '终审级别',
  `after_check` tinyint(4) NOT NULL DEFAULT '2' COMMENT '审核后(1:不能修改删除;2:修改后退回;3:修改后不变)',
  `is_relative_path` char(1) NOT NULL DEFAULT '1' COMMENT '是否使用相对路径',
  `is_recycle_on` char(1) NOT NULL DEFAULT '1' COMMENT '是否开启回收站',
  `domain_alias` varchar(255) DEFAULT NULL COMMENT '域名别名',
  `domain_redirect` varchar(255) DEFAULT NULL COMMENT '域名重定向',
  `is_master` tinyint(1) DEFAULT '0' COMMENT '是否主站',
  PRIMARY KEY (`site_id`),
  UNIQUE KEY `ak_domain` (`domain`),
  KEY `fk_jc_site_config` (`config_id`),
  KEY `fk_jc_site_upload_ftp` (`ftp_upload_id`),
  CONSTRAINT `fk_jc_site_config` FOREIGN KEY (`config_id`) REFERENCES `jc_config` (`config_id`),
  CONSTRAINT `fk_jc_site_upload_ftp` FOREIGN KEY (`ftp_upload_id`) REFERENCES `jo_ftp` (`ftp_id`)
) ENGINE=InnoDB AUTO_INCREMENT=2 DEFAULT CHARSET=utf8 COMMENT='CMS站点表';
/*!40101 SET character_set_client = @saved_cs_client */;

--
-- Dumping data for table `jc_site`
--

LOCK TABLES `jc_site` WRITE;
/*!40000 ALTER TABLE `jc_site` DISABLE KEYS */;
INSERT INTO `jc_site` VALUES (1,1,NULL,'localhost','www','电子巡检系统','电子巡检系统','http://','.jhtml','.html','/zhuzhan','0','0','zh_CN','zh_CN','red',2,1,'1','1','','',0);
/*!40000 ALTER TABLE `jc_site` ENABLE KEYS */;
UNLOCK TABLES;

--
-- Table structure for table `jc_site_attr`
--

DROP TABLE IF EXISTS `jc_site_attr`;
/*!40101 SET @saved_cs_client     = @@character_set_client */;
/*!40101 SET character_set_client = utf8 */;
CREATE TABLE `jc_site_attr` (
  `site_id` int(11) NOT NULL,
  `attr_name` varchar(30) NOT NULL COMMENT '名称',
  `attr_value` varchar(255) DEFAULT NULL COMMENT '值',
  KEY `fk_jc_attr_site` (`site_id`),
  CONSTRAINT `fk_jc_attr_site` FOREIGN KEY (`site_id`) REFERENCES `jc_site` (`site_id`)
) ENGINE=InnoDB DEFAULT CHARSET=utf8 COMMENT='CMS站点属性表';
/*!40101 SET character_set_client = @saved_cs_client */;

--
-- Dumping data for table `jc_site_attr`
--

LOCK TABLES `jc_site_attr` WRITE;
/*!40000 ALTER TABLE `jc_site_attr` DISABLE KEYS */;
/*!40000 ALTER TABLE `jc_site_attr` ENABLE KEYS */;
UNLOCK TABLES;

--
-- Table structure for table `jc_site_cfg`
--

DROP TABLE IF EXISTS `jc_site_cfg`;
/*!40101 SET @saved_cs_client     = @@character_set_client */;
/*!40101 SET character_set_client = utf8 */;
CREATE TABLE `jc_site_cfg` (
  `site_id` int(11) NOT NULL,
  `cfg_name` varchar(30) NOT NULL COMMENT '名称',
  `cfg_value` varchar(255) DEFAULT NULL COMMENT '值',
  KEY `fk_jc_cfg_site` (`site_id`),
  CONSTRAINT `fk_jc_cfg_site` FOREIGN KEY (`site_id`) REFERENCES `jc_site` (`site_id`)
) ENGINE=InnoDB DEFAULT CHARSET=utf8 COMMENT='CMS站点配置表';
/*!40101 SET character_set_client = @saved_cs_client */;

--
-- Dumping data for table `jc_site_cfg`
--

LOCK TABLES `jc_site_cfg` WRITE;
/*!40000 ALTER TABLE `jc_site_cfg` DISABLE KEYS */;
/*!40000 ALTER TABLE `jc_site_cfg` ENABLE KEYS */;
UNLOCK TABLES;

--
-- Table structure for table `jc_site_company`
--

DROP TABLE IF EXISTS `jc_site_company`;
/*!40101 SET @saved_cs_client     = @@character_set_client */;
/*!40101 SET character_set_client = utf8 */;
CREATE TABLE `jc_site_company` (
  `site_id` int(11) NOT NULL DEFAULT '0',
  `name` varchar(255) NOT NULL COMMENT '公司名称',
  `scale` varchar(255) DEFAULT NULL COMMENT '公司规模',
  `nature` varchar(255) DEFAULT NULL COMMENT '公司性质',
  `industry` varchar(1000) DEFAULT NULL COMMENT '公司行业',
  `contact` varchar(500) DEFAULT NULL COMMENT '联系方式',
  `description` text COMMENT '公司简介',
  `address` varchar(500) DEFAULT NULL COMMENT '公司地址',
  `longitude` float(5,2) DEFAULT NULL COMMENT '经度',
  `latitude` float(4,2) DEFAULT NULL COMMENT '纬度',
  PRIMARY KEY (`site_id`),
  CONSTRAINT `fk_jc_company_site` FOREIGN KEY (`site_id`) REFERENCES `jc_site` (`site_id`)
) ENGINE=InnoDB DEFAULT CHARSET=utf8 COMMENT='公司信息';
/*!40101 SET character_set_client = @saved_cs_client */;

--
-- Dumping data for table `jc_site_company`
--

LOCK TABLES `jc_site_company` WRITE;
/*!40000 ALTER TABLE `jc_site_company` DISABLE KEYS */;
INSERT INTO `jc_site_company` VALUES (1,'12345678990','20-50人','股份制','互联网','电话：12345678990','<p>12345678990</p>\r\n','12345678990',NULL,NULL);
/*!40000 ALTER TABLE `jc_site_company` ENABLE KEYS */;
UNLOCK TABLES;

--
-- Table structure for table `jc_site_flow`
--

DROP TABLE IF EXISTS `jc_site_flow`;
/*!40101 SET @saved_cs_client     = @@character_set_client */;
/*!40101 SET character_set_client = utf8 */;
CREATE TABLE `jc_site_flow` (
  `flow_id` int(11) NOT NULL AUTO_INCREMENT,
  `site_id` int(11) DEFAULT NULL,
  `access_ip` varchar(50) NOT NULL DEFAULT '127.0.0.1' COMMENT '访问者ip',
  `access_date` varchar(50) DEFAULT NULL COMMENT '访问日期',
  `access_time` datetime DEFAULT NULL COMMENT '访问时间',
  `access_page` varchar(255) NOT NULL DEFAULT '' COMMENT '访问页面',
  `referer_website` varchar(255) DEFAULT NULL COMMENT '来访网站',
  `referer_page` varchar(255) DEFAULT NULL COMMENT '来访页面',
  `referer_keyword` varchar(255) DEFAULT NULL COMMENT '来访关键字',
  `area` varchar(50) DEFAULT NULL COMMENT '地区',
  `session_id` varchar(50) NOT NULL DEFAULT '' COMMENT 'cookie信息',
  PRIMARY KEY (`flow_id`),
  KEY `fk_jc_flow_site` (`site_id`),
  CONSTRAINT `fk_jc_flow_site` FOREIGN KEY (`site_id`) REFERENCES `jc_site` (`site_id`)
) ENGINE=InnoDB AUTO_INCREMENT=13 DEFAULT CHARSET=utf8 COMMENT='站点流量统计表';
/*!40101 SET character_set_client = @saved_cs_client */;

--
-- Dumping data for table `jc_site_flow`
--

LOCK TABLES `jc_site_flow` WRITE;
/*!40000 ALTER TABLE `jc_site_flow` DISABLE KEYS */;
INSERT INTO `jc_site_flow` VALUES (1,1,'127.0.0.1','2014-8-25','2014-08-25 17:21:01','http：//localhost：8080/news/index.jhtml','http：//localhost：8080','http：//localhost：8080/member/index.jspx?res=r/cms/www/red&location=http：//localhost：8080/login.jspx&locale=zh_CN&base=&_start_time=1408958451281&resSys=/r/cms','','本机地址','48619D0D60A7408B47F71DB6779E9B63'),(2,1,'127.0.0.1','2014-8-30','2014-08-30 11:00:33','http：//localhost：8080/news/index.jhtml','http：//localhost：8080','http：//localhost：8080/member/index.jspx?res=r/cms/www/red&location=http：//localhost：8080/login.jspx&locale=zh_CN&base=&_start_time=1409367627437&resSys=/r/cms','','本机地址','BB2713E317E15D9B663681D78C6ED0D5'),(3,1,'127.0.0.1','2014-8-30','2014-08-30 11:28:43','http：//localhost：8080/news/index.jhtml','','','','本机地址','8F5B88F658D67C1DF95F865BBB429432'),(4,1,'127.0.0.1','2014-8-30','2014-08-30 11:29:02','http：//localhost：8080/picture/index.jhtml','http：//localhost：8080','http：//localhost：8080/news/index.jhtml','','本机地址','8F5B88F658D67C1DF95F865BBB429432'),(5,1,'127.0.0.1','2014-8-30','2014-08-30 11:29:15','http：//localhost：8080/job/index.jhtml','http：//localhost：8080','http：//localhost：8080/download/index.jhtml','','本机地址','8F5B88F658D67C1DF95F865BBB429432'),(6,1,'127.0.0.1','2014-8-30','2014-08-30 11:29:10','http：//localhost：8080/wldc/index.jhtml','http：//localhost：8080','http：//localhost：8080/download/index.jhtml','','本机地址','8F5B88F658D67C1DF95F865BBB429432'),(7,1,'127.0.0.1','2014-8-30','2014-08-30 11:29:08','http：//localhost：8080/download/index.jhtml','http：//localhost：8080','http：//localhost：8080/veido/index.jhtml','','本机地址','8F5B88F658D67C1DF95F865BBB429432'),(8,1,'127.0.0.1','2014-8-30','2014-08-30 11:29:05','http：//localhost：8080/veido/index.jhtml','http：//localhost：8080','http：//localhost：8080/picture/index.jhtml','','本机地址','8F5B88F658D67C1DF95F865BBB429432'),(9,1,'127.0.0.1','2014-8-30','2014-08-30 14:36:26','http：//localhost：8080/mrzx/536.jhtml','http：//localhost：8080','http：//localhost：8080/jeeadmin/jeecms/content/v_list.do?cid=44','','本机地址','36574F58F2513DEAA8CF3A82ED038729'),(10,1,'127.0.0.1','2014-8-30','2014-08-30 15:14:31','http：//localhost：8080/report/index.jhtml','','','','本机地址','36574F58F2513DEAA8CF3A82ED038729'),(11,1,'127.0.0.1','2014-8-30','2014-08-30 16:33:33','http：//localhost：8080/report/index.jhtml','http：//localhost：8080','http：//localhost：8080/report/index.jhtml','','本机地址','36574F58F2513DEAA8CF3A82ED038729'),(12,1,'127.0.0.1','2014-8-30','2014-08-30 16:49:50','http：//localhost：8080/report/index.jhtml','http：//localhost：8080','http：//localhost：8080/report/index.jhtml','','本机地址','36574F58F2513DEAA8CF3A82ED038729');
/*!40000 ALTER TABLE `jc_site_flow` ENABLE KEYS */;
UNLOCK TABLES;

--
-- Table structure for table `jc_site_model`
--

DROP TABLE IF EXISTS `jc_site_model`;
/*!40101 SET @saved_cs_client     = @@character_set_client */;
/*!40101 SET character_set_client = utf8 */;
CREATE TABLE `jc_site_model` (
  `model_id` int(11) NOT NULL AUTO_INCREMENT,
  `field` varchar(50) NOT NULL COMMENT '字段',
  `model_label` varchar(100) NOT NULL COMMENT '名称',
  `priority` int(11) NOT NULL DEFAULT '10' COMMENT '排列顺序',
  `upload_path` varchar(100) DEFAULT NULL COMMENT '上传路径',
  `text_size` varchar(20) DEFAULT NULL COMMENT '长度',
  `area_rows` varchar(3) DEFAULT NULL COMMENT '文本行数',
  `area_cols` varchar(3) DEFAULT NULL COMMENT '文本列数',
  `help` varchar(255) DEFAULT NULL COMMENT '帮助信息',
  `help_position` varchar(1) DEFAULT NULL COMMENT '帮助位置',
  `data_type` int(11) DEFAULT '1' COMMENT '0:编辑器;1:文本框;2:文本区;3:图片;4:附件',
  `is_single` tinyint(1) DEFAULT '1' COMMENT '是否独占一行',
  PRIMARY KEY (`model_id`),
  UNIQUE KEY `ak_field` (`field`)
) ENGINE=InnoDB DEFAULT CHARSET=utf8 COMMENT='CMS站点信息模型表';
/*!40101 SET character_set_client = @saved_cs_client */;

--
-- Dumping data for table `jc_site_model`
--

LOCK TABLES `jc_site_model` WRITE;
/*!40000 ALTER TABLE `jc_site_model` DISABLE KEYS */;
/*!40000 ALTER TABLE `jc_site_model` ENABLE KEYS */;
UNLOCK TABLES;

--
-- Table structure for table `jc_site_txt`
--

DROP TABLE IF EXISTS `jc_site_txt`;
/*!40101 SET @saved_cs_client     = @@character_set_client */;
/*!40101 SET character_set_client = utf8 */;
CREATE TABLE `jc_site_txt` (
  `site_id` int(11) NOT NULL,
  `txt_name` varchar(30) NOT NULL COMMENT '名称',
  `txt_value` longtext COMMENT '值',
  KEY `fk_jc_txt_site` (`site_id`),
  CONSTRAINT `fk_jc_txt_site` FOREIGN KEY (`site_id`) REFERENCES `jc_site` (`site_id`)
) ENGINE=InnoDB DEFAULT CHARSET=utf8 COMMENT='CMS站点文本表';
/*!40101 SET character_set_client = @saved_cs_client */;

--
-- Dumping data for table `jc_site_txt`
--

LOCK TABLES `jc_site_txt` WRITE;
/*!40000 ALTER TABLE `jc_site_txt` DISABLE KEYS */;
/*!40000 ALTER TABLE `jc_site_txt` ENABLE KEYS */;
UNLOCK TABLES;

--
-- Table structure for table `jc_task`
--

DROP TABLE IF EXISTS `jc_task`;
/*!40101 SET @saved_cs_client     = @@character_set_client */;
/*!40101 SET character_set_client = utf8 */;
CREATE TABLE `jc_task` (
  `task_id` int(11) NOT NULL AUTO_INCREMENT,
  `task_code` varchar(255) DEFAULT NULL COMMENT '任务执行代码',
  `task_type` tinyint(1) NOT NULL DEFAULT '0' COMMENT '任务类型(1首页静态化、2栏目页静态化、3内容页静态化、4采集、5分发)',
  `task_name` varchar(255) NOT NULL COMMENT '任务名称',
  `job_class` varchar(255) NOT NULL COMMENT '任务类',
  `execycle` tinyint(1) NOT NULL DEFAULT '1' COMMENT '执行周期分类(1非表达式 2 cron表达式)',
  `day_of_month` int(11) DEFAULT NULL COMMENT '每月的哪天',
  `day_of_week` tinyint(1) DEFAULT NULL COMMENT '周几',
  `hour` int(11) DEFAULT NULL COMMENT '小时',
  `minute` int(11) DEFAULT NULL COMMENT '分钟',
  `interval_hour` int(11) DEFAULT NULL COMMENT '间隔小时',
  `interval_minute` int(11) DEFAULT NULL COMMENT '间隔分钟',
  `task_interval_unit` tinyint(1) DEFAULT NULL COMMENT '1分钟、2小时、3日、4周、5月',
  `cron_expression` varchar(255) DEFAULT NULL COMMENT '规则表达式',
  `is_enable` tinyint(1) NOT NULL DEFAULT '1' COMMENT '是否启用',
  `task_remark` varchar(255) DEFAULT NULL COMMENT '任务说明',
  `site_id` int(11) NOT NULL COMMENT '站点',
  `user_id` int(11) NOT NULL COMMENT '创建者',
  `create_time` datetime NOT NULL COMMENT '创建时间',
  PRIMARY KEY (`task_id`),
  KEY `fk_jc_task_site` (`site_id`),
  CONSTRAINT `fk_jc_task_site` FOREIGN KEY (`site_id`) REFERENCES `jc_site` (`site_id`)
) ENGINE=InnoDB AUTO_INCREMENT=7 DEFAULT CHARSET=utf8 COMMENT='任务表';
/*!40101 SET character_set_client = @saved_cs_client */;

--
-- Dumping data for table `jc_task`
--

LOCK TABLES `jc_task` WRITE;
/*!40000 ALTER TABLE `jc_task` DISABLE KEYS */;
INSERT INTO `jc_task` VALUES (5,'c0a08e22-9eb6-4589-bd8f-abdac705be9c',1,'yb','com.xunjian.cms.task.job.TempletJob',1,NULL,NULL,NULL,NULL,NULL,5,1,'',1,'',1,1,'2014-07-29 23:05:15'),(6,'c5ac5599-64e2-4064-ad3b-6a81d9384c6d',1,'link','com.xunjian.cms.task.job.LinkJob',1,NULL,NULL,NULL,NULL,NULL,1,1,'',1,'',1,1,'2014-09-19 00:12:01');
/*!40000 ALTER TABLE `jc_task` ENABLE KEYS */;
UNLOCK TABLES;

--
-- Table structure for table `jc_task_attr`
--

DROP TABLE IF EXISTS `jc_task_attr`;
/*!40101 SET @saved_cs_client     = @@character_set_client */;
/*!40101 SET character_set_client = utf8 */;
CREATE TABLE `jc_task_attr` (
  `task_id` int(11) NOT NULL,
  `param_name` varchar(30) NOT NULL COMMENT '参数名称',
  `param_value` varchar(255) DEFAULT NULL COMMENT '参数值',
  KEY `fk_jc_attr_task` (`task_id`),
  CONSTRAINT `fk_jc_attr_task` FOREIGN KEY (`task_id`) REFERENCES `jc_task` (`task_id`)
) ENGINE=InnoDB DEFAULT CHARSET=utf8 COMMENT='任务参数表';
/*!40101 SET character_set_client = @saved_cs_client */;

--
-- Dumping data for table `jc_task_attr`
--

LOCK TABLES `jc_task_attr` WRITE;
/*!40000 ALTER TABLE `jc_task_attr` DISABLE KEYS */;
/*!40000 ALTER TABLE `jc_task_attr` ENABLE KEYS */;
UNLOCK TABLES;

--
-- Table structure for table `jc_topic`
--

DROP TABLE IF EXISTS `jc_topic`;
/*!40101 SET @saved_cs_client     = @@character_set_client */;
/*!40101 SET character_set_client = utf8 */;
CREATE TABLE `jc_topic` (
  `topic_id` int(11) NOT NULL AUTO_INCREMENT,
  `channel_id` int(11) DEFAULT NULL,
  `topic_name` varchar(150) NOT NULL COMMENT '名称',
  `short_name` varchar(150) DEFAULT NULL COMMENT '简称',
  `keywords` varchar(255) DEFAULT NULL COMMENT '关键字',
  `description` varchar(255) DEFAULT NULL COMMENT '描述',
  `title_img` varchar(100) DEFAULT NULL COMMENT '标题图',
  `content_img` varchar(100) DEFAULT NULL COMMENT '内容图',
  `tpl_content` varchar(100) DEFAULT NULL COMMENT '专题模板',
  `priority` int(11) NOT NULL DEFAULT '10' COMMENT '排列顺序',
  `is_recommend` tinyint(1) NOT NULL DEFAULT '0' COMMENT '是否推??',
  PRIMARY KEY (`topic_id`),
  KEY `fk_jc_topic_channel` (`channel_id`),
  CONSTRAINT `fk_jc_topic_channel` FOREIGN KEY (`channel_id`) REFERENCES `jc_channel` (`channel_id`)
) ENGINE=InnoDB DEFAULT CHARSET=utf8 COMMENT='CMS专题表';
/*!40101 SET character_set_client = @saved_cs_client */;

--
-- Dumping data for table `jc_topic`
--

LOCK TABLES `jc_topic` WRITE;
/*!40000 ALTER TABLE `jc_topic` DISABLE KEYS */;
/*!40000 ALTER TABLE `jc_topic` ENABLE KEYS */;
UNLOCK TABLES;

--
-- Table structure for table `jc_user`
--

DROP TABLE IF EXISTS `jc_user`;
/*!40101 SET @saved_cs_client     = @@character_set_client */;
/*!40101 SET character_set_client = utf8 */;
CREATE TABLE `jc_user` (
  `user_id` int(11) NOT NULL,
  `group_id` int(11) NOT NULL,
  `username` varchar(100) NOT NULL COMMENT '用户名',
  `email` varchar(100) DEFAULT NULL COMMENT '邮箱',
  `register_time` datetime NOT NULL COMMENT '注册时间',
  `register_ip` varchar(50) NOT NULL DEFAULT '127.0.0.1' COMMENT '注册IP',
  `last_login_time` datetime NOT NULL COMMENT '最后登录时间',
  `last_login_ip` varchar(50) NOT NULL DEFAULT '127.0.0.1' COMMENT '最后登录IP',
  `login_count` int(11) NOT NULL DEFAULT '0' COMMENT '登录次数',
  `rank` int(11) NOT NULL DEFAULT '0' COMMENT '管理员级别',
  `upload_total` bigint(20) NOT NULL DEFAULT '0' COMMENT '上传总大小',
  `upload_size` int(11) NOT NULL DEFAULT '0' COMMENT '上传大小',
  `upload_date` date DEFAULT NULL COMMENT '上传日期',
  `is_admin` tinyint(1) NOT NULL DEFAULT '0' COMMENT '是否管理员',
  `is_viewonly_admin` tinyint(1) NOT NULL DEFAULT '0' COMMENT '是否只读管理员',
  `is_self_admin` tinyint(1) NOT NULL DEFAULT '0' COMMENT '是否只管理自己的数据',
  `is_disabled` tinyint(1) NOT NULL DEFAULT '0' COMMENT '是否禁用',
  `phone` varchar(45) DEFAULT NULL,
  PRIMARY KEY (`user_id`),
  UNIQUE KEY `ak_username` (`username`),
  KEY `fk_jc_user_group` (`group_id`),
  CONSTRAINT `fk_jc_user_group` FOREIGN KEY (`group_id`) REFERENCES `jc_group` (`group_id`)
) ENGINE=InnoDB DEFAULT CHARSET=utf8 COMMENT='CMS用户表';
/*!40101 SET character_set_client = @saved_cs_client */;

--
-- Dumping data for table `jc_user`
--

LOCK TABLES `jc_user` WRITE;
/*!40000 ALTER TABLE `jc_user` DISABLE KEYS */;
INSERT INTO `jc_user` VALUES (1,1,'admin','youchouxia@163.com','2011-01-03 00:00:00','127.0.0.1','2016-12-03 00:05:37','0:0:0:0:0:0:0:1',780,9,63,63,'2013-07-10',1,0,0,0,NULL),(2,1,'xunjian','','2014-10-22 14:37:31','0:0:0:0:0:0:0:1','2016-10-06 07:04:23','0:0:0:0:0:0:0:1',7,8,0,0,'2014-10-22',1,0,1,0,NULL);
/*!40000 ALTER TABLE `jc_user` ENABLE KEYS */;
UNLOCK TABLES;

--
-- Table structure for table `jc_user_collection`
--

DROP TABLE IF EXISTS `jc_user_collection`;
/*!40101 SET @saved_cs_client     = @@character_set_client */;
/*!40101 SET character_set_client = utf8 */;
CREATE TABLE `jc_user_collection` (
  `user_id` int(11) NOT NULL DEFAULT '0' COMMENT '用户id',
  `content_id` int(11) NOT NULL DEFAULT '0' COMMENT '内容id',
  PRIMARY KEY (`user_id`,`content_id`),
  KEY `fk_jc_user_collection_con` (`content_id`),
  CONSTRAINT `fk_jc_user_collection_con` FOREIGN KEY (`content_id`) REFERENCES `jc_content` (`content_id`),
  CONSTRAINT `fk_jc_user_collection_user` FOREIGN KEY (`user_id`) REFERENCES `jc_user` (`user_id`)
) ENGINE=InnoDB DEFAULT CHARSET=utf8 COMMENT='用户收藏关联表';
/*!40101 SET character_set_client = @saved_cs_client */;

--
-- Dumping data for table `jc_user_collection`
--

LOCK TABLES `jc_user_collection` WRITE;
/*!40000 ALTER TABLE `jc_user_collection` DISABLE KEYS */;
/*!40000 ALTER TABLE `jc_user_collection` ENABLE KEYS */;
UNLOCK TABLES;

--
-- Table structure for table `jc_user_ext`
--

DROP TABLE IF EXISTS `jc_user_ext`;
/*!40101 SET @saved_cs_client     = @@character_set_client */;
/*!40101 SET character_set_client = utf8 */;
CREATE TABLE `jc_user_ext` (
  `user_id` int(11) NOT NULL,
  `realname` varchar(100) DEFAULT NULL COMMENT '真实姓名',
  `gender` tinyint(1) DEFAULT NULL COMMENT '性别',
  `birthday` datetime DEFAULT NULL COMMENT '出生日期',
  `intro` varchar(255) DEFAULT NULL COMMENT '个人介绍',
  `comefrom` varchar(150) DEFAULT NULL COMMENT '来自',
  `qq` varchar(100) DEFAULT NULL COMMENT 'QQ',
  `msn` varchar(100) DEFAULT NULL COMMENT 'MSN',
  `phone` varchar(50) DEFAULT NULL COMMENT '电话',
  `mobile` varchar(50) DEFAULT NULL COMMENT '手机',
  `user_img` varchar(255) DEFAULT NULL COMMENT '用户头像',
  `user_signature` varchar(255) DEFAULT NULL COMMENT '用户个性签名',
  PRIMARY KEY (`user_id`),
  CONSTRAINT `fk_jc_ext_user` FOREIGN KEY (`user_id`) REFERENCES `jc_user` (`user_id`)
) ENGINE=InnoDB DEFAULT CHARSET=utf8 COMMENT='CMS用户扩展信息表';
/*!40101 SET character_set_client = @saved_cs_client */;

--
-- Dumping data for table `jc_user_ext`
--

LOCK TABLES `jc_user_ext` WRITE;
/*!40000 ALTER TABLE `jc_user_ext` DISABLE KEYS */;
INSERT INTO `jc_user_ext` VALUES (1,'管理员',1,NULL,NULL,'上海',NULL,NULL,NULL,'15011111111','',''),(2,'巡检员',NULL,NULL,NULL,'上海',NULL,NULL,NULL,NULL,NULL,NULL);
/*!40000 ALTER TABLE `jc_user_ext` ENABLE KEYS */;
UNLOCK TABLES;

--
-- Table structure for table `jc_user_resume`
--

DROP TABLE IF EXISTS `jc_user_resume`;
/*!40101 SET @saved_cs_client     = @@character_set_client */;
/*!40101 SET character_set_client = utf8 */;
CREATE TABLE `jc_user_resume` (
  `user_id` int(11) NOT NULL,
  `resume_name` varchar(255) NOT NULL COMMENT '简历名称',
  `target_worknature` varchar(255) DEFAULT NULL COMMENT '期望工作性质',
  `target_workplace` varchar(255) DEFAULT NULL COMMENT '期望工作地点',
  `target_category` varchar(255) DEFAULT NULL COMMENT '期望职位类别',
  `target_salary` varchar(255) DEFAULT NULL COMMENT '期望月薪',
  `edu_school` varchar(255) DEFAULT NULL COMMENT '毕业学校',
  `edu_graduation` datetime DEFAULT NULL COMMENT '毕业时间',
  `edu_back` varchar(255) DEFAULT NULL COMMENT '学历',
  `edu_discipline` varchar(255) DEFAULT NULL COMMENT '专业',
  `recent_company` varchar(500) DEFAULT NULL COMMENT '最近工作公司名称',
  `company_industry` varchar(255) DEFAULT NULL COMMENT '最近公司所属行业',
  `company_scale` varchar(255) DEFAULT NULL COMMENT '公司规模',
  `job_name` varchar(255) DEFAULT NULL COMMENT '职位名称',
  `job_category` varchar(255) DEFAULT NULL COMMENT '职位类别',
  `job_start` datetime DEFAULT NULL COMMENT '工作起始时间',
  `subordinates` varchar(255) DEFAULT NULL COMMENT '下属人数',
  `job_description` text COMMENT '工作描述',
  `self_evaluation` varchar(2000) DEFAULT NULL COMMENT '自我评价',
  PRIMARY KEY (`user_id`),
  CONSTRAINT `fk_jc_resume_user` FOREIGN KEY (`user_id`) REFERENCES `jc_user` (`user_id`)
) ENGINE=InnoDB DEFAULT CHARSET=utf8 COMMENT='用户简历';
/*!40101 SET character_set_client = @saved_cs_client */;

--
-- Dumping data for table `jc_user_resume`
--

LOCK TABLES `jc_user_resume` WRITE;
/*!40000 ALTER TABLE `jc_user_resume` DISABLE KEYS */;
INSERT INTO `jc_user_resume` VALUES (1,'程序员','全职','上海','项目主管','','南昌大学','2009-07-01 00:00:00','本科','计算机','江西金磊科技发展有限公司',NULL,NULL,'程序员',NULL,'2009-10-01 00:00:00',NULL,'程序开发','小伙不错');
/*!40000 ALTER TABLE `jc_user_resume` ENABLE KEYS */;
UNLOCK TABLES;

--
-- Table structure for table `jc_user_role`
--

DROP TABLE IF EXISTS `jc_user_role`;
/*!40101 SET @saved_cs_client     = @@character_set_client */;
/*!40101 SET character_set_client = utf8 */;
CREATE TABLE `jc_user_role` (
  `role_id` int(11) NOT NULL,
  `user_id` int(11) NOT NULL,
  PRIMARY KEY (`role_id`,`user_id`),
  KEY `fk_jc_role_user` (`user_id`),
  CONSTRAINT `fk_jc_role_user` FOREIGN KEY (`user_id`) REFERENCES `jc_user` (`user_id`),
  CONSTRAINT `fk_jc_user_role` FOREIGN KEY (`role_id`) REFERENCES `jc_role` (`role_id`)
) ENGINE=InnoDB DEFAULT CHARSET=utf8 COMMENT='CMS用户角色关联表';
/*!40101 SET character_set_client = @saved_cs_client */;

--
-- Dumping data for table `jc_user_role`
--

LOCK TABLES `jc_user_role` WRITE;
/*!40000 ALTER TABLE `jc_user_role` DISABLE KEYS */;
INSERT INTO `jc_user_role` VALUES (1,1),(2,2);
/*!40000 ALTER TABLE `jc_user_role` ENABLE KEYS */;
UNLOCK TABLES;

--
-- Table structure for table `jc_user_site`
--

DROP TABLE IF EXISTS `jc_user_site`;
/*!40101 SET @saved_cs_client     = @@character_set_client */;
/*!40101 SET character_set_client = utf8 */;
CREATE TABLE `jc_user_site` (
  `usersite_id` int(11) NOT NULL AUTO_INCREMENT,
  `user_id` int(11) NOT NULL,
  `site_id` int(11) NOT NULL,
  `check_step` tinyint(4) NOT NULL DEFAULT '1' COMMENT '审核级别',
  `is_all_channel` tinyint(1) NOT NULL DEFAULT '1' COMMENT '是否拥有所有栏目的权限',
  PRIMARY KEY (`usersite_id`),
  KEY `fk_jc_site_user` (`user_id`),
  KEY `fk_jc_user_site` (`site_id`),
  CONSTRAINT `fk_jc_site_user` FOREIGN KEY (`user_id`) REFERENCES `jc_user` (`user_id`),
  CONSTRAINT `fk_jc_user_site` FOREIGN KEY (`site_id`) REFERENCES `jc_site` (`site_id`)
) ENGINE=InnoDB AUTO_INCREMENT=3 DEFAULT CHARSET=utf8 COMMENT='CMS管理员站点表';
/*!40101 SET character_set_client = @saved_cs_client */;

--
-- Dumping data for table `jc_user_site`
--

LOCK TABLES `jc_user_site` WRITE;
/*!40000 ALTER TABLE `jc_user_site` DISABLE KEYS */;
INSERT INTO `jc_user_site` VALUES (1,1,1,2,1),(2,2,1,1,1);
/*!40000 ALTER TABLE `jc_user_site` ENABLE KEYS */;
UNLOCK TABLES;

--
-- Table structure for table `jc_vote_item`
--

DROP TABLE IF EXISTS `jc_vote_item`;
/*!40101 SET @saved_cs_client     = @@character_set_client */;
/*!40101 SET character_set_client = utf8 */;
CREATE TABLE `jc_vote_item` (
  `voteitem_id` int(11) NOT NULL AUTO_INCREMENT,
  `votetopic_id` int(11) NOT NULL,
  `title` varchar(255) NOT NULL COMMENT '标题',
  `vote_count` int(11) NOT NULL DEFAULT '0' COMMENT '投票数量',
  `priority` int(11) NOT NULL DEFAULT '10' COMMENT '排列顺序',
  `subtopic_id` int(11) DEFAULT NULL,
  PRIMARY KEY (`voteitem_id`),
  KEY `fk_jc_vote_item_topic` (`votetopic_id`),
  KEY `FK_jc_vote_item_subtopic` (`subtopic_id`),
  CONSTRAINT `FK_jc_vote_item_subtopic` FOREIGN KEY (`subtopic_id`) REFERENCES `jc_vote_subtopic` (`subtopic_id`),
  CONSTRAINT `fk_jc_vote_item_topic` FOREIGN KEY (`votetopic_id`) REFERENCES `jc_vote_topic` (`votetopic_id`)
) ENGINE=InnoDB AUTO_INCREMENT=103 DEFAULT CHARSET=utf8 COMMENT='CMS投票项';
/*!40101 SET character_set_client = @saved_cs_client */;

--
-- Dumping data for table `jc_vote_item`
--

LOCK TABLES `jc_vote_item` WRITE;
/*!40000 ALTER TABLE `jc_vote_item` DISABLE KEYS */;
INSERT INTO `jc_vote_item` VALUES (13,3,'1111111111111111111',0,1,1),(14,3,'1111111111111122222222',0,4,1),(15,3,'111111111133333333333',0,5,1),(16,3,'22222222222222',0,2,2),(17,3,'222222222222222222',0,6,2),(18,3,'2222222222222222222222',0,7,2),(19,3,'33333333333333333333',0,3,3),(20,3,'3333333333333333333333',0,8,3),(21,3,'3333333333333333333333333333333333333333333333333',0,9,3),(85,4,'不喜欢',1,5,35),(86,4,'很喜欢',12,1,35),(87,4,'喜欢',5,4,35),(88,4,'改进很大',10,5,37),(89,4,'有改进',5,6,37),(90,4,'没有改进',2,8,37),(91,4,'差不多',1,7,37),(92,4,'还不够，很多功能都没有体现',3,10,39),(93,4,'很好的体现了系统的功能点',12,3,39),(94,4,'马马虎虎，比原来好点',3,9,39),(95,4,'留言本',0,15,36),(96,4,'排行榜',1,18,36),(97,4,'在线调查',2,16,36),(98,4,'视频',7,13,36),(99,4,'下载',1,14,36),(100,4,'图库',7,12,36),(101,4,'新闻',9,11,36),(102,4,'招聘',1,17,36);
/*!40000 ALTER TABLE `jc_vote_item` ENABLE KEYS */;
UNLOCK TABLES;

--
-- Table structure for table `jc_vote_record`
--

DROP TABLE IF EXISTS `jc_vote_record`;
/*!40101 SET @saved_cs_client     = @@character_set_client */;
/*!40101 SET character_set_client = utf8 */;
CREATE TABLE `jc_vote_record` (
  `voterecored_id` int(11) NOT NULL AUTO_INCREMENT,
  `user_id` int(11) DEFAULT NULL,
  `votetopic_id` int(11) NOT NULL,
  `vote_time` datetime NOT NULL COMMENT '投票时间',
  `vote_ip` varchar(50) NOT NULL COMMENT '投票IP',
  `vote_cookie` varchar(32) NOT NULL COMMENT '投票COOKIE',
  PRIMARY KEY (`voterecored_id`),
  KEY `fk_jc_vote_record_topic` (`votetopic_id`),
  KEY `fk_jc_voterecord_user` (`user_id`),
  CONSTRAINT `fk_jc_vote_record_topic` FOREIGN KEY (`votetopic_id`) REFERENCES `jc_vote_topic` (`votetopic_id`),
  CONSTRAINT `fk_jc_voterecord_user` FOREIGN KEY (`user_id`) REFERENCES `jc_user` (`user_id`)
) ENGINE=InnoDB AUTO_INCREMENT=2 DEFAULT CHARSET=utf8 COMMENT='CMS投票记录';
/*!40101 SET character_set_client = @saved_cs_client */;

--
-- Dumping data for table `jc_vote_record`
--

LOCK TABLES `jc_vote_record` WRITE;
/*!40000 ALTER TABLE `jc_vote_record` DISABLE KEYS */;
INSERT INTO `jc_vote_record` VALUES (1,NULL,4,'2013-07-05 09:19:46','127.0.0.1','1679939421824ee69ecffa3c6f5d56bd');
/*!40000 ALTER TABLE `jc_vote_record` ENABLE KEYS */;
UNLOCK TABLES;

--
-- Table structure for table `jc_vote_reply`
--

DROP TABLE IF EXISTS `jc_vote_reply`;
/*!40101 SET @saved_cs_client     = @@character_set_client */;
/*!40101 SET character_set_client = utf8 */;
CREATE TABLE `jc_vote_reply` (
  `votereply_id` int(11) NOT NULL AUTO_INCREMENT,
  `reply` text COMMENT '回复内容',
  `subtopic_id` int(11) DEFAULT NULL,
  PRIMARY KEY (`votereply_id`),
  KEY `FK_jc_vote_reply_sub` (`subtopic_id`),
  CONSTRAINT `FK_jc_vote_reply_sub` FOREIGN KEY (`subtopic_id`) REFERENCES `jc_vote_subtopic` (`subtopic_id`)
) ENGINE=InnoDB AUTO_INCREMENT=16 DEFAULT CHARSET=utf8 COMMENT='投票文本题目回复表';
/*!40101 SET character_set_client = @saved_cs_client */;

--
-- Dumping data for table `jc_vote_reply`
--

LOCK TABLES `jc_vote_reply` WRITE;
/*!40000 ALTER TABLE `jc_vote_reply` DISABLE KEYS */;
INSERT INTO `jc_vote_reply` VALUES (6,'希望能开发更多的功能模块来',38),(7,'希望能开发更多的功能模块来',38),(8,'希望能开发更多的功能模块来',38),(9,'希望能开发更多的功能模块来',38),(10,'希望能开发更多的功能模块来',38),(11,'121',38),(12,'121',38),(13,'11',38),(14,'感觉差不多',38),(15,'43er',38);
/*!40000 ALTER TABLE `jc_vote_reply` ENABLE KEYS */;
UNLOCK TABLES;

--
-- Table structure for table `jc_vote_subtopic`
--

DROP TABLE IF EXISTS `jc_vote_subtopic`;
/*!40101 SET @saved_cs_client     = @@character_set_client */;
/*!40101 SET character_set_client = utf8 */;
CREATE TABLE `jc_vote_subtopic` (
  `subtopic_id` int(11) NOT NULL AUTO_INCREMENT,
  `title` varchar(255) NOT NULL DEFAULT '' COMMENT '标题',
  `votetopic_id` int(11) NOT NULL DEFAULT '0' COMMENT '投票（调查）',
  `subtopic_type` int(2) NOT NULL DEFAULT '1' COMMENT '类型（1单选，2多选，3文本）',
  `priority` int(11) DEFAULT NULL,
  PRIMARY KEY (`subtopic_id`),
  KEY `FK_jc_vote_subtopic_vote` (`votetopic_id`),
  CONSTRAINT `FK_jc_vote_subtopic_vote` FOREIGN KEY (`votetopic_id`) REFERENCES `jc_vote_topic` (`votetopic_id`)
) ENGINE=InnoDB AUTO_INCREMENT=40 DEFAULT CHARSET=utf8 COMMENT='投票子题目';
/*!40101 SET character_set_client = @saved_cs_client */;

--
-- Dumping data for table `jc_vote_subtopic`
--

LOCK TABLES `jc_vote_subtopic` WRITE;
/*!40000 ALTER TABLE `jc_vote_subtopic` DISABLE KEYS */;
INSERT INTO `jc_vote_subtopic` VALUES (1,'444444444444',3,3,1),(2,'333333333333',3,2,2),(3,'222222222222222',3,2,3),(4,'1111111111',3,1,4),(35,'V5版本演示站网页的设计风格您喜欢吗？',4,1,1),(36,'您觉得V5演示站哪些模块做的比较好',4,2,5),(37,'V5版本比V2012sp1版的设计风格有改进吗？',4,1,2),(38,'我觉得这里完善一下：',4,3,4),(39,'V5版本演示站的体现出来系统的功能点吗？',4,1,3);
/*!40000 ALTER TABLE `jc_vote_subtopic` ENABLE KEYS */;
UNLOCK TABLES;

--
-- Table structure for table `jc_vote_topic`
--

DROP TABLE IF EXISTS `jc_vote_topic`;
/*!40101 SET @saved_cs_client     = @@character_set_client */;
/*!40101 SET character_set_client = utf8 */;
CREATE TABLE `jc_vote_topic` (
  `votetopic_id` int(11) NOT NULL AUTO_INCREMENT,
  `site_id` int(11) NOT NULL,
  `title` varchar(255) NOT NULL COMMENT '标题',
  `description` varchar(255) DEFAULT NULL COMMENT '描述',
  `start_time` datetime DEFAULT NULL COMMENT '开始时间',
  `end_time` datetime DEFAULT NULL COMMENT '结束时间',
  `repeate_hour` int(11) DEFAULT NULL COMMENT '重复投票限制时间，单位小时，为空不允许重复投票',
  `total_count` int(11) NOT NULL DEFAULT '0' COMMENT '总投票数',
  `multi_select` int(11) NOT NULL DEFAULT '1' COMMENT '最多可以选择几项',
  `is_restrict_member` tinyint(1) NOT NULL DEFAULT '0' COMMENT '是否限制会员',
  `is_restrict_ip` tinyint(1) NOT NULL DEFAULT '0' COMMENT '是否限制IP',
  `is_restrict_cookie` tinyint(1) NOT NULL DEFAULT '0' COMMENT '是否限制COOKIE',
  `is_disabled` tinyint(1) NOT NULL DEFAULT '0' COMMENT '是否禁用',
  `is_def` tinyint(1) NOT NULL DEFAULT '0' COMMENT '是否默认主题',
  PRIMARY KEY (`votetopic_id`),
  KEY `fk_jc_votetopic_site` (`site_id`),
  CONSTRAINT `fk_jc_votetopic_site` FOREIGN KEY (`site_id`) REFERENCES `jc_site` (`site_id`)
) ENGINE=InnoDB AUTO_INCREMENT=5 DEFAULT CHARSET=utf8 COMMENT='CMS投票主题';
/*!40101 SET character_set_client = @saved_cs_client */;

--
-- Dumping data for table `jc_vote_topic`
--

LOCK TABLES `jc_vote_topic` WRITE;
/*!40000 ALTER TABLE `jc_vote_topic` DISABLE KEYS */;
INSERT INTO `jc_vote_topic` VALUES (3,1,'腾讯新闻频道首页用户调查问卷','1212',NULL,NULL,NULL,0,1,0,0,1,0,0),(4,1,'JEECMS演示站改版用户问卷调查','JEECMSv5版正式发布了，伴随着系统的完善，jeecms演示站的模板也一直在不断的改版，针对此次改版，jeecms美工团队特邀您参与“JEECMS演示站改版用户问卷调查”，希望大家能提出宝贵的意见，我们一定认真改进，谢谢大家的支持！',NULL,NULL,NULL,23,1,0,0,0,0,1);
/*!40000 ALTER TABLE `jc_vote_topic` ENABLE KEYS */;
UNLOCK TABLES;

--
-- Table structure for table `jo_authentication`
--

DROP TABLE IF EXISTS `jo_authentication`;
/*!40101 SET @saved_cs_client     = @@character_set_client */;
/*!40101 SET character_set_client = utf8 */;
CREATE TABLE `jo_authentication` (
  `authentication_id` char(32) NOT NULL COMMENT '认证ID',
  `userid` int(11) NOT NULL COMMENT '用户ID',
  `username` varchar(100) NOT NULL COMMENT '用户名',
  `email` varchar(100) DEFAULT NULL COMMENT '邮箱',
  `login_time` datetime NOT NULL COMMENT '登录时间',
  `login_ip` varchar(50) NOT NULL COMMENT '登录ip',
  `update_time` datetime NOT NULL COMMENT '更新时间',
  PRIMARY KEY (`authentication_id`)
) ENGINE=InnoDB DEFAULT CHARSET=utf8 COMMENT='认证信息表';
/*!40101 SET character_set_client = @saved_cs_client */;

--
-- Dumping data for table `jo_authentication`
--

LOCK TABLES `jo_authentication` WRITE;
/*!40000 ALTER TABLE `jo_authentication` DISABLE KEYS */;
INSERT INTO `jo_authentication` VALUES ('070339a96e7949e2b77eb3ba3756e777',1,'admin','youchouxia@163.com','2016-11-20 13:27:45','0:0:0:0:0:0:0:1','2016-11-20 17:30:19'),('216b139aa1104ff9aa74d116f57ceb02',1,'admin','youchouxia@163.com','2016-11-20 18:03:29','0:0:0:0:0:0:0:1','2016-11-20 18:49:50'),('319f95e1de63468b9f1e48bf4d5dc30d',1,'admin','youchouxia@163.com','2016-12-03 00:05:37','0:0:0:0:0:0:0:1','2016-12-03 00:22:18'),('35ddbe3fd1e34d5c8699f98260693f13',1,'admin','youchouxia@163.com','2016-11-27 18:14:46','0:0:0:0:0:0:0:1','2016-11-27 18:24:47'),('b979b9072cd24942bc79a4c71b0c6380',1,'admin','youchouxia@163.com','2016-11-20 18:52:12','0:0:0:0:0:0:0:1','2016-11-20 22:11:26'),('caf5d7d9c11540a1ab8775419f31a313',1,'admin','youchouxia@163.com','2016-11-20 11:58:33','0:0:0:0:0:0:0:1','2016-11-20 12:40:21');
/*!40000 ALTER TABLE `jo_authentication` ENABLE KEYS */;
UNLOCK TABLES;

--
-- Table structure for table `jo_config`
--

DROP TABLE IF EXISTS `jo_config`;
/*!40101 SET @saved_cs_client     = @@character_set_client */;
/*!40101 SET character_set_client = utf8 */;
CREATE TABLE `jo_config` (
  `cfg_key` varchar(50) NOT NULL COMMENT '配置KEY',
  `cfg_value` varchar(255) DEFAULT NULL COMMENT '配置VALUE',
  PRIMARY KEY (`cfg_key`)
) ENGINE=InnoDB DEFAULT CHARSET=utf8 COMMENT='配置表';
/*!40101 SET character_set_client = @saved_cs_client */;

--
-- Dumping data for table `jo_config`
--

LOCK TABLES `jo_config` WRITE;
/*!40000 ALTER TABLE `jo_config` DISABLE KEYS */;
INSERT INTO `jo_config` VALUES ('email_encoding',''),('email_host','smtp.qq.com'),('email_password','chenfazhun1314'),('email_personal','cfz'),('email_port',NULL),('email_username','75489737@qq.com'),('login_error_interval','30'),('login_error_times','3'),('message_forgotpassword_subject','找回密码'),('message_forgotpassword_text','请记住以下找回信息：\r\n用户ID：${uid}\r\n用户名：${username}\r\n您的新密码为：${resetPwd}\r\n请访问如下链接新密码才能生效：\r\nhttp://localhost:port/name/member/password_reset.jspx?uid=${uid}&key=${resetKey}'),('message_register_subject','欢迎您注册'),('message_register_text','${username}您好：\r\n请点击以下链接进行激活\r\nhttp://localhost:port/name/active.jspx?username=${username}&key=${activationCode}'),('message_subject','JEECMS会员密码找回信息'),('message_text','感谢您使用JEECMS系统会员密码找回功能，请记住以下找回信息：\r\n用户ID：${uid}\r\n用户名：${username}\r\n您的新密码为：${resetPwd}\r\n请访问如下链接新密码才能生效：\r\nhttp://localhost/member/password_reset.jspx?uid=${uid}&key=${resetKey}\r\n');
/*!40000 ALTER TABLE `jo_config` ENABLE KEYS */;
UNLOCK TABLES;

--
-- Table structure for table `jo_ftp`
--

DROP TABLE IF EXISTS `jo_ftp`;
/*!40101 SET @saved_cs_client     = @@character_set_client */;
/*!40101 SET character_set_client = utf8 */;
CREATE TABLE `jo_ftp` (
  `ftp_id` int(11) NOT NULL AUTO_INCREMENT,
  `ftp_name` varchar(100) NOT NULL COMMENT '名称',
  `ip` varchar(50) NOT NULL COMMENT 'IP',
  `port` int(11) NOT NULL DEFAULT '21' COMMENT '端口号',
  `username` varchar(100) DEFAULT NULL COMMENT '登录名',
  `password` varchar(100) DEFAULT NULL COMMENT '登陆密码',
  `encoding` varchar(20) NOT NULL DEFAULT 'UTF-8' COMMENT '编码',
  `timeout` int(11) DEFAULT NULL COMMENT '超时时间',
  `ftp_path` varchar(255) DEFAULT NULL COMMENT '路径',
  `url` varchar(255) NOT NULL COMMENT '访问URL',
  PRIMARY KEY (`ftp_id`)
) ENGINE=InnoDB DEFAULT CHARSET=utf8 COMMENT='FTP表';
/*!40101 SET character_set_client = @saved_cs_client */;

--
-- Dumping data for table `jo_ftp`
--

LOCK TABLES `jo_ftp` WRITE;
/*!40000 ALTER TABLE `jo_ftp` DISABLE KEYS */;
/*!40000 ALTER TABLE `jo_ftp` ENABLE KEYS */;
UNLOCK TABLES;

--
-- Table structure for table `jo_template`
--

DROP TABLE IF EXISTS `jo_template`;
/*!40101 SET @saved_cs_client     = @@character_set_client */;
/*!40101 SET character_set_client = utf8 */;
CREATE TABLE `jo_template` (
  `tpl_name` varchar(150) NOT NULL COMMENT '模板名称',
  `tpl_source` longtext COMMENT '模板内容',
  `last_modified` bigint(20) NOT NULL COMMENT '最后修改时间',
  `is_directory` tinyint(1) NOT NULL DEFAULT '0' COMMENT '是否目录',
  PRIMARY KEY (`tpl_name`)
) ENGINE=InnoDB DEFAULT CHARSET=utf8 COMMENT='模板表';
/*!40101 SET character_set_client = @saved_cs_client */;

--
-- Dumping data for table `jo_template`
--

LOCK TABLES `jo_template` WRITE;
/*!40000 ALTER TABLE `jo_template` DISABLE KEYS */;
/*!40000 ALTER TABLE `jo_template` ENABLE KEYS */;
UNLOCK TABLES;

--
-- Table structure for table `jo_upload`
--

DROP TABLE IF EXISTS `jo_upload`;
/*!40101 SET @saved_cs_client     = @@character_set_client */;
/*!40101 SET character_set_client = utf8 */;
CREATE TABLE `jo_upload` (
  `filename` varchar(150) NOT NULL COMMENT '文件名',
  `length` int(11) NOT NULL COMMENT '文件大小(字节)',
  `last_modified` bigint(20) NOT NULL COMMENT '最后修改时间',
  `content` longblob NOT NULL COMMENT '内容',
  PRIMARY KEY (`filename`)
) ENGINE=InnoDB DEFAULT CHARSET=utf8 COMMENT='上传附件表';
/*!40101 SET character_set_client = @saved_cs_client */;

--
-- Dumping data for table `jo_upload`
--

LOCK TABLES `jo_upload` WRITE;
/*!40000 ALTER TABLE `jo_upload` DISABLE KEYS */;
/*!40000 ALTER TABLE `jo_upload` ENABLE KEYS */;
UNLOCK TABLES;

--
-- Table structure for table `jo_user`
--

DROP TABLE IF EXISTS `jo_user`;
/*!40101 SET @saved_cs_client     = @@character_set_client */;
/*!40101 SET character_set_client = utf8 */;
CREATE TABLE `jo_user` (
  `user_id` int(11) NOT NULL AUTO_INCREMENT COMMENT '用户ID',
  `username` varchar(100) NOT NULL COMMENT '用户名',
  `email` varchar(100) DEFAULT NULL COMMENT '电子邮箱',
  `password` char(32) NOT NULL COMMENT '密码',
  `register_time` datetime NOT NULL COMMENT '注册时间',
  `register_ip` varchar(50) NOT NULL DEFAULT '127.0.0.1' COMMENT '注册IP',
  `last_login_time` datetime NOT NULL COMMENT '最后登录时间',
  `last_login_ip` varchar(50) NOT NULL DEFAULT '127.0.0.1' COMMENT '最后登录IP',
  `login_count` int(11) NOT NULL DEFAULT '0' COMMENT '登录次数',
  `reset_key` char(32) DEFAULT NULL COMMENT '重置密码KEY',
  `reset_pwd` varchar(10) DEFAULT NULL COMMENT '重置密码VALUE',
  `error_time` datetime DEFAULT NULL COMMENT '登录错误时间',
  `error_count` int(11) NOT NULL DEFAULT '0' COMMENT '登录错误次数',
  `error_ip` varchar(50) DEFAULT NULL COMMENT '登录错误IP',
  `activation` tinyint(1) NOT NULL DEFAULT '1' COMMENT '激活状态',
  `activation_code` char(32) DEFAULT NULL COMMENT '激活码',
  PRIMARY KEY (`user_id`),
  UNIQUE KEY `ak_username` (`username`)
) ENGINE=InnoDB AUTO_INCREMENT=3 DEFAULT CHARSET=utf8 COMMENT='用户表';
/*!40101 SET character_set_client = @saved_cs_client */;

--
-- Dumping data for table `jo_user`
--

LOCK TABLES `jo_user` WRITE;
/*!40000 ALTER TABLE `jo_user` DISABLE KEYS */;
INSERT INTO `jo_user` VALUES (1,'admin','youchouxia@163.com','e10adc3949ba59abbe56e057f20f883e','2011-01-03 00:00:00','127.0.0.1','2016-12-03 00:05:37','0:0:0:0:0:0:0:1',755,NULL,NULL,NULL,0,NULL,1,NULL),(2,'xunjian','','e10adc3949ba59abbe56e057f20f883e','2014-10-22 14:37:31','0:0:0:0:0:0:0:1','2016-10-06 07:04:23','0:0:0:0:0:0:0:1',7,NULL,NULL,NULL,0,NULL,1,NULL);
/*!40000 ALTER TABLE `jo_user` ENABLE KEYS */;
UNLOCK TABLES;

--
-- Table structure for table `xj_content`
--

DROP TABLE IF EXISTS `xj_content`;
/*!40101 SET @saved_cs_client     = @@character_set_client */;
/*!40101 SET character_set_client = utf8 */;
CREATE TABLE `xj_content` (
  `content_id` int(11) NOT NULL AUTO_INCREMENT,
  `cycle_id` int(11) NOT NULL DEFAULT '0',
  `templet_id` int(11) NOT NULL,
  `templet_name` varchar(100) NOT NULL DEFAULT '',
  `user_id` int(11) NOT NULL DEFAULT '0',
  `user_name` varchar(100) NOT NULL DEFAULT '',
  `point_id` int(11) NOT NULL,
  `point_name` varchar(100) NOT NULL DEFAULT '',
  `point_no` varchar(50) NOT NULL DEFAULT '',
  `point_addr` varchar(255) DEFAULT '',
  `c_date` datetime NOT NULL DEFAULT '0000-00-00 00:00:00',
  `xj_status` varchar(50) DEFAULT '',
  `banci` varchar(11) DEFAULT '0',
  `p_status` varchar(50) NOT NULL DEFAULT '',
  `zipai` varchar(255) DEFAULT NULL,
  `adminname` varchar(100) DEFAULT NULL,
  `remark` varchar(255) DEFAULT NULL,
  PRIMARY KEY (`content_id`)
) ENGINE=InnoDB AUTO_INCREMENT=20843 DEFAULT CHARSET=utf8 COMMENT='内容表';
/*!40101 SET character_set_client = @saved_cs_client */;

--
-- Dumping data for table `xj_content`
--

LOCK TABLES `xj_content` WRITE;
/*!40000 ALTER TABLE `xj_content` DISABLE KEYS */;
INSERT INTO `xj_content` VALUES (15971,2,1,'多绳绞车钢丝绳查验记录',14,'刘鹏',1,'多绳绞车钢丝绳','001','多绳绞车钢丝绳','2014-10-20 00:00:00','准时','1','正常','14.png','杨磊',''),(15972,8,2,'提升系统钳工包机日检（一）',19,'王军军',4,'提升系统钳工包机日检（一）','004','提升系统钳工包机日检（一）','2014-10-20 00:00:00','准时','1','正常','19.png','null',''),(15973,7,3,'提升系统钳工包机日检（二）',19,'王军军',5,'提升系统钳工包机日检（二）','005','提升系统钳工包机日检（二）','2014-10-20 00:00:00','准时','1','正常','19.png','null',''),(15976,4,6,'绞车运行日志及巡回检查记录',23,'冯文彦',7,'绞车运行日志及巡回检查记录','007','绞车运行日志及巡回检查记录','2014-10-20 02:00:00','准时','1','正常','23.png','null',''),(15977,9,6,'绞车运行日志及巡回检查记录',23,'冯文彦',7,'绞车运行日志及巡回检查记录','007','绞车运行日志及巡回检查记录','2014-10-20 03:00:00','准时','2','正常','23.png','null',''),(15978,10,6,'绞车运行日志及巡回检查记录',23,'冯文彦',7,'绞车运行日志及巡回检查记录','007','绞车运行日志及巡回检查记录','2014-10-20 04:00:00','准时','3','正常','23.png','null',''),(15979,11,6,'绞车运行日志及巡回检查记录',23,'冯文彦',7,'绞车运行日志及巡回检查记录','007','绞车运行日志及巡回检查记录','2014-10-20 05:00:00','准时','4','正常','23.png','null',''),(15980,12,6,'绞车运行日志及巡回检查记录',23,'李乾',7,'绞车运行日志及巡回检查记录','007','绞车运行日志及巡回检查记录','2014-10-20 06:00:00','准时','5','正常','23.png','null',''),(15981,13,6,'绞车运行日志及巡回检查记录',23,'李乾',7,'绞车运行日志及巡回检查记录','007','绞车运行日志及巡回检查记录','2014-10-20 07:00:00','准时','6','正常','23.png','null',''),(15982,14,6,'绞车运行日志及巡回检查记录',23,'李乾',7,'绞车运行日志及巡回检查记录','007','绞车运行日志及巡回检查记录','2014-10-20 08:00:00','准时','7','正常','23.png','null',''),(15983,15,6,'绞车运行日志及巡回检查记录',23,'李乾',7,'绞车运行日志及巡回检查记录','007','绞车运行日志及巡回检查记录','2014-10-20 09:00:00','准时','8','正常','23.png','null',''),(15984,16,6,'绞车运行日志及巡回检查记录',23,'李乾',7,'绞车运行日志及巡回检查记录','007','绞车运行日志及巡回检查记录','2014-10-20 10:00:00','准时','9','正常','23.png','null',''),(15985,17,6,'绞车运行日志及巡回检查记录',23,'李乾',7,'绞车运行日志及巡回检查记录','007','绞车运行日志及巡回检查记录','2014-10-20 11:00:00','准时','10','正常','23.png','null',''),(15986,18,6,'绞车运行日志及巡回检查记录',23,'李乾',7,'绞车运行日志及巡回检查记录','007','绞车运行日志及巡回检查记录','2014-10-20 12:00:00','准时','11','正常','23.png','null',''),(15987,19,6,'绞车运行日志及巡回检查记录',23,'李乾',7,'绞车运行日志及巡回检查记录','007','绞车运行日志及巡回检查记录','2014-10-20 13:00:00','准时','12','正常','23.png','null',''),(15988,20,6,'绞车运行日志及巡回检查记录',23,'裴森',7,'绞车运行日志及巡回检查记录','007','绞车运行日志及巡回检查记录','2014-10-20 14:00:00','准时','13','正常','23.png','null',''),(15989,21,6,'绞车运行日志及巡回检查记录',23,'裴森',7,'绞车运行日志及巡回检查记录','007','绞车运行日志及巡回检查记录','2014-10-20 15:00:00','准时','14','正常','23.png','null',''),(15990,22,6,'绞车运行日志及巡回检查记录',23,'裴森',7,'绞车运行日志及巡回检查记录','007','绞车运行日志及巡回检查记录','2014-10-20 16:00:00','准时','15','正常','23.png','null',''),(15991,23,6,'绞车运行日志及巡回检查记录',23,'裴森',7,'绞车运行日志及巡回检查记录','007','绞车运行日志及巡回检查记录','2014-10-20 17:00:00','准时','16','正常','23.png','null',''),(15992,24,6,'绞车运行日志及巡回检查记录',23,'裴森',7,'绞车运行日志及巡回检查记录','007','绞车运行日志及巡回检查记录','2014-10-20 18:00:00','准时','17','正常','23.png','null',''),(15993,25,6,'绞车运行日志及巡回检查记录',23,'裴森',7,'绞车运行日志及巡回检查记录','007','绞车运行日志及巡回检查记录','2014-10-20 19:00:00','准时','18','正常','23.png','null',''),(15994,26,6,'绞车运行日志及巡回检查记录',23,'裴森',7,'绞车运行日志及巡回检查记录','007','绞车运行日志及巡回检查记录','2014-10-20 20:00:00','准时','19','正常','23.png','null',''),(15995,27,6,'绞车运行日志及巡回检查记录',23,'裴森',7,'绞车运行日志及巡回检查记录','007','绞车运行日志及巡回检查记录','2014-10-20 21:00:00','准时','20','正常','23.png','null',''),(15996,28,6,'绞车运行日志及巡回检查记录',23,'冯文彦',7,'绞车运行日志及巡回检查记录','007','绞车运行日志及巡回检查记录','2014-10-20 22:00:00','准时','21','正常','23.png','null',''),(15997,29,6,'绞车运行日志及巡回检查记录',23,'冯文彦',7,'绞车运行日志及巡回检查记录','007','绞车运行日志及巡回检查记录','2014-10-20 23:00:00','准时','22','正常','23.png','null',''),(15998,30,6,'绞车运行日志及巡回检查记录',23,'冯文彦',7,'绞车运行日志及巡回检查记录','007','绞车运行日志及巡回检查记录','2014-10-20 00:00:00','准时','23','正常','23.png','null',''),(15999,31,6,'绞车运行日志及巡回检查记录',23,'冯文彦',7,'绞车运行日志及巡回检查记录','007','绞车运行日志及巡回检查记录','2014-10-20 01:00:00','准时','24','正常','23.png','null',''),(16000,1,7,'提升机安全保护装置检查试验记录',21,'石磊',2,'提升机安全保护装置','002','提升机安全保护装置','2014-10-20 00:00:00','准时','1','正常','21.png','郑威',''),(16001,3,8,'车房电工定期维护检修记录',22,'高义涛',8,'车房电工定期维护检修记录','008','车房电工定期维护检修记录','2014-10-20 00:00:00','准时','1','正常','22.png','null',''),(16002,2,1,'多绳绞车钢丝绳查验记录',16,'李卫',1,'多绳绞车钢丝绳','001','多绳绞车钢丝绳','2014-10-21 00:00:00','准时','1','正常','16.png','刘超',''),(16003,8,2,'提升系统钳工包机日检（一）',17,'刘金伟',4,'提升系统钳工包机日检（一）','004','提升系统钳工包机日检（一）','2014-10-21 00:00:00','准时','1','正常','17.png','null',''),(16004,7,3,'提升系统钳工包机日检（二）',19,'王军军',5,'提升系统钳工包机日检（二）','005','提升系统钳工包机日检（二）','2014-10-21 00:00:00','准时','1','正常','19.png','null',''),(16007,4,6,'绞车运行日志及巡回检查记录',23,'冯文彦',7,'绞车运行日志及巡回检查记录','007','绞车运行日志及巡回检查记录','2014-10-21 02:00:00','准时','1','正常','23.png','null',''),(16008,9,6,'绞车运行日志及巡回检查记录',23,'冯文彦',7,'绞车运行日志及巡回检查记录','007','绞车运行日志及巡回检查记录','2014-10-21 03:00:00','准时','2','正常','23.png','null',''),(16009,10,6,'绞车运行日志及巡回检查记录',23,'冯文彦',7,'绞车运行日志及巡回检查记录','007','绞车运行日志及巡回检查记录','2014-10-21 04:00:00','准时','3','正常','23.png','null',''),(16010,11,6,'绞车运行日志及巡回检查记录',23,'冯文彦',7,'绞车运行日志及巡回检查记录','007','绞车运行日志及巡回检查记录','2014-10-21 05:00:00','准时','4','正常','23.png','null',''),(16011,12,6,'绞车运行日志及巡回检查记录',23,'李乾',7,'绞车运行日志及巡回检查记录','007','绞车运行日志及巡回检查记录','2014-10-21 06:00:00','准时','5','正常','23.png','null',''),(16012,13,6,'绞车运行日志及巡回检查记录',23,'李乾',7,'绞车运行日志及巡回检查记录','007','绞车运行日志及巡回检查记录','2014-10-21 07:00:00','准时','6','正常','23.png','null',''),(16013,14,6,'绞车运行日志及巡回检查记录',23,'李乾',7,'绞车运行日志及巡回检查记录','007','绞车运行日志及巡回检查记录','2014-10-21 08:00:00','准时','7','正常','23.png','null',''),(16014,15,6,'绞车运行日志及巡回检查记录',23,'李乾',7,'绞车运行日志及巡回检查记录','007','绞车运行日志及巡回检查记录','2014-10-21 09:00:00','准时','8','正常','23.png','null',''),(16015,16,6,'绞车运行日志及巡回检查记录',23,'李乾',7,'绞车运行日志及巡回检查记录','007','绞车运行日志及巡回检查记录','2014-10-21 10:00:00','准时','9','正常','23.png','null',''),(16016,17,6,'绞车运行日志及巡回检查记录',23,'李乾',7,'绞车运行日志及巡回检查记录','007','绞车运行日志及巡回检查记录','2014-10-21 11:00:00','准时','10','正常','23.png','null',''),(16017,18,6,'绞车运行日志及巡回检查记录',23,'李乾',7,'绞车运行日志及巡回检查记录','007','绞车运行日志及巡回检查记录','2014-10-21 12:00:00','准时','11','正常','23.png','null',''),(16018,19,6,'绞车运行日志及巡回检查记录',23,'李乾',7,'绞车运行日志及巡回检查记录','007','绞车运行日志及巡回检查记录','2014-10-21 13:00:00','准时','12','正常','23.png','null',''),(16019,20,6,'绞车运行日志及巡回检查记录',23,'裴森',7,'绞车运行日志及巡回检查记录','007','绞车运行日志及巡回检查记录','2014-10-21 14:00:00','准时','13','正常','23.png','null',''),(16020,21,6,'绞车运行日志及巡回检查记录',23,'裴森',7,'绞车运行日志及巡回检查记录','007','绞车运行日志及巡回检查记录','2014-10-21 15:00:00','准时','14','正常','23.png','null',''),(16021,22,6,'绞车运行日志及巡回检查记录',23,'裴森',7,'绞车运行日志及巡回检查记录','007','绞车运行日志及巡回检查记录','2014-10-21 16:00:00','准时','15','正常','23.png','null',''),(16022,23,6,'绞车运行日志及巡回检查记录',23,'裴森',7,'绞车运行日志及巡回检查记录','007','绞车运行日志及巡回检查记录','2014-10-21 17:00:00','准时','16','正常','23.png','null',''),(16023,24,6,'绞车运行日志及巡回检查记录',23,'裴森',7,'绞车运行日志及巡回检查记录','007','绞车运行日志及巡回检查记录','2014-10-21 18:00:00','准时','17','正常','23.png','null',''),(16024,25,6,'绞车运行日志及巡回检查记录',23,'裴森',7,'绞车运行日志及巡回检查记录','007','绞车运行日志及巡回检查记录','2014-10-21 19:00:00','准时','18','正常','23.png','null',''),(16025,26,6,'绞车运行日志及巡回检查记录',23,'裴森',7,'绞车运行日志及巡回检查记录','007','绞车运行日志及巡回检查记录','2014-10-21 20:00:00','准时','19','正常','23.png','null',''),(16026,27,6,'绞车运行日志及巡回检查记录',23,'裴森',7,'绞车运行日志及巡回检查记录','007','绞车运行日志及巡回检查记录','2014-10-21 21:00:00','准时','20','正常','23.png','null',''),(16027,28,6,'绞车运行日志及巡回检查记录',23,'冯文彦',7,'绞车运行日志及巡回检查记录','007','绞车运行日志及巡回检查记录','2014-10-21 22:00:00','准时','21','正常','23.png','null',''),(16028,29,6,'绞车运行日志及巡回检查记录',23,'冯文彦',7,'绞车运行日志及巡回检查记录','007','绞车运行日志及巡回检查记录','2014-10-21 23:00:00','准时','22','正常','23.png','null',''),(16029,30,6,'绞车运行日志及巡回检查记录',23,'冯文彦',7,'绞车运行日志及巡回检查记录','007','绞车运行日志及巡回检查记录','2014-10-21 00:00:00','准时','23','正常','23.png','null',''),(16030,31,6,'绞车运行日志及巡回检查记录',23,'冯文彦',7,'绞车运行日志及巡回检查记录','007','绞车运行日志及巡回检查记录','2014-10-21 01:00:00','准时','24','正常','23.png','null',''),(16031,1,7,'提升机安全保护装置检查试验记录',21,'石磊',2,'提升机安全保护装置','002','提升机安全保护装置','2014-10-21 00:00:00','准时','1','正常','21.png','王春青',''),(16032,3,8,'车房电工定期维护检修记录',20,'郁奇峰',8,'车房电工定期维护检修记录','008','车房电工定期维护检修记录','2014-10-21 00:00:00','准时','1','正常','20.png','null',''),(16033,2,1,'多绳绞车钢丝绳查验记录',11,'葛鑫',1,'多绳绞车钢丝绳','001','多绳绞车钢丝绳','2014-10-22 00:00:00','准时','1','正常','11.png','杨磊',''),(16034,8,2,'提升系统钳工包机日检（一）',18,'唐庆恩',4,'提升系统钳工包机日检（一）','004','提升系统钳工包机日检（一）','2014-10-22 00:00:00','准时','1','正常','18.png','null',''),(16035,7,3,'提升系统钳工包机日检（二）',18,'唐庆恩',5,'提升系统钳工包机日检（二）','005','提升系统钳工包机日检（二）','2014-10-22 00:00:00','准时','1','正常','18.png','null',''),(16038,4,6,'绞车运行日志及巡回检查记录',6,'李健',7,'绞车运行日志及巡回检查记录','007','绞车运行日志及巡回检查记录','2014-10-22 02:00:00','准时','1','正常','6.png','null',''),(16039,9,6,'绞车运行日志及巡回检查记录',6,'李健',7,'绞车运行日志及巡回检查记录','007','绞车运行日志及巡回检查记录','2014-10-22 03:00:00','准时','2','正常','6.png','null',''),(16040,10,6,'绞车运行日志及巡回检查记录',6,'李健',7,'绞车运行日志及巡回检查记录','007','绞车运行日志及巡回检查记录','2014-10-22 04:00:00','准时','3','正常','6.png','null',''),(16041,11,6,'绞车运行日志及巡回检查记录',6,'李健',7,'绞车运行日志及巡回检查记录','007','绞车运行日志及巡回检查记录','2014-10-22 05:00:00','准时','4','正常','6.png','null',''),(16042,12,6,'绞车运行日志及巡回检查记录',6,'王巍',7,'绞车运行日志及巡回检查记录','007','绞车运行日志及巡回检查记录','2014-10-22 06:00:00','准时','5','正常','6.png','null',''),(16043,13,6,'绞车运行日志及巡回检查记录',6,'王巍',7,'绞车运行日志及巡回检查记录','007','绞车运行日志及巡回检查记录','2014-10-22 07:00:00','准时','6','正常','6.png','null',''),(16044,14,6,'绞车运行日志及巡回检查记录',6,'王巍',7,'绞车运行日志及巡回检查记录','007','绞车运行日志及巡回检查记录','2014-10-22 08:00:00','准时','7','正常','6.png','null',''),(16045,15,6,'绞车运行日志及巡回检查记录',6,'王巍',7,'绞车运行日志及巡回检查记录','007','绞车运行日志及巡回检查记录','2014-10-22 09:00:00','准时','8','正常','6.png','null',''),(16046,16,6,'绞车运行日志及巡回检查记录',6,'王巍',7,'绞车运行日志及巡回检查记录','007','绞车运行日志及巡回检查记录','2014-10-22 10:00:00','准时','9','正常','6.png','null',''),(16047,17,6,'绞车运行日志及巡回检查记录',6,'王巍',7,'绞车运行日志及巡回检查记录','007','绞车运行日志及巡回检查记录','2014-10-22 11:00:00','准时','10','正常','6.png','null',''),(16048,18,6,'绞车运行日志及巡回检查记录',6,'王巍',7,'绞车运行日志及巡回检查记录','007','绞车运行日志及巡回检查记录','2014-10-22 12:00:00','准时','11','正常','6.png','null',''),(16049,19,6,'绞车运行日志及巡回检查记录',6,'王巍',7,'绞车运行日志及巡回检查记录','007','绞车运行日志及巡回检查记录','2014-10-22 13:00:00','准时','12','正常','6.png','null',''),(16050,20,6,'绞车运行日志及巡回检查记录',6,'苑成智',7,'绞车运行日志及巡回检查记录','007','绞车运行日志及巡回检查记录','2014-10-22 14:00:00','准时','13','正常','6.png','null',''),(16051,21,6,'绞车运行日志及巡回检查记录',6,'苑成智',7,'绞车运行日志及巡回检查记录','007','绞车运行日志及巡回检查记录','2014-10-22 15:00:00','准时','14','正常','6.png','null',''),(16052,22,6,'绞车运行日志及巡回检查记录',6,'苑成智',7,'绞车运行日志及巡回检查记录','007','绞车运行日志及巡回检查记录','2014-10-22 16:00:00','准时','15','正常','6.png','null',''),(16053,23,6,'绞车运行日志及巡回检查记录',6,'苑成智',7,'绞车运行日志及巡回检查记录','007','绞车运行日志及巡回检查记录','2014-10-22 17:00:00','准时','16','正常','6.png','null',''),(16054,24,6,'绞车运行日志及巡回检查记录',6,'苑成智',7,'绞车运行日志及巡回检查记录','007','绞车运行日志及巡回检查记录','2014-10-22 18:00:00','准时','17','正常','6.png','null',''),(16055,25,6,'绞车运行日志及巡回检查记录',6,'苑成智',7,'绞车运行日志及巡回检查记录','007','绞车运行日志及巡回检查记录','2014-10-22 19:00:00','准时','18','正常','6.png','null',''),(16056,26,6,'绞车运行日志及巡回检查记录',6,'苑成智',7,'绞车运行日志及巡回检查记录','007','绞车运行日志及巡回检查记录','2014-10-22 20:00:00','准时','19','正常','6.png','null',''),(16057,27,6,'绞车运行日志及巡回检查记录',6,'苑成智',7,'绞车运行日志及巡回检查记录','007','绞车运行日志及巡回检查记录','2014-10-22 21:00:00','准时','20','正常','6.png','null',''),(16058,28,6,'绞车运行日志及巡回检查记录',6,'李健',7,'绞车运行日志及巡回检查记录','007','绞车运行日志及巡回检查记录','2014-10-22 22:00:00','准时','21','正常','6.png','null',''),(16059,29,6,'绞车运行日志及巡回检查记录',6,'李健',7,'绞车运行日志及巡回检查记录','007','绞车运行日志及巡回检查记录','2014-10-22 23:00:00','准时','22','正常','6.png','null',''),(16060,30,6,'绞车运行日志及巡回检查记录',6,'李健',7,'绞车运行日志及巡回检查记录','007','绞车运行日志及巡回检查记录','2014-10-22 00:00:00','准时','23','正常','6.png','null',''),(16061,31,6,'绞车运行日志及巡回检查记录',6,'李健',7,'绞车运行日志及巡回检查记录','007','绞车运行日志及巡回检查记录','2014-10-22 01:00:00','准时','24','正常','6.png','null',''),(16062,1,7,'提升机安全保护装置检查试验记录',22,'高义涛',2,'提升机安全保护装置','002','提升机安全保护装置','2014-10-22 00:00:00','准时','1','正常','22.png','杨磊',''),(16063,3,8,'车房电工定期维护检修记录',20,'郁奇峰',8,'车房电工定期维护检修记录','008','车房电工定期维护检修记录','2014-10-22 00:00:00','准时','1','正常','20.png','null',''),(16064,2,1,'多绳绞车钢丝绳查验记录',16,'李卫',1,'多绳绞车钢丝绳','001','多绳绞车钢丝绳','2014-10-23 00:00:00','准时','1','正常','16.png','杨磊',''),(16065,8,2,'提升系统钳工包机日检（一）',18,'唐庆恩',4,'提升系统钳工包机日检（一）','004','提升系统钳工包机日检（一）','2014-10-23 00:00:00','准时','1','正常','18.png','null',''),(16066,7,3,'提升系统钳工包机日检（二）',8,'左睿',5,'提升系统钳工包机日检（二）','005','提升系统钳工包机日检（二）','2014-10-23 00:00:00','准时','1','正常','8.png','null',''),(16069,4,6,'绞车运行日志及巡回检查记录',23,'冯文彦',7,'绞车运行日志及巡回检查记录','007','绞车运行日志及巡回检查记录','2014-10-23 02:00:00','准时','1','正常','23.png','null',''),(16070,9,6,'绞车运行日志及巡回检查记录',23,'冯文彦',7,'绞车运行日志及巡回检查记录','007','绞车运行日志及巡回检查记录','2014-10-23 03:00:00','准时','2','正常','23.png','null',''),(16071,10,6,'绞车运行日志及巡回检查记录',23,'冯文彦',7,'绞车运行日志及巡回检查记录','007','绞车运行日志及巡回检查记录','2014-10-23 04:00:00','准时','3','正常','23.png','null',''),(16072,11,6,'绞车运行日志及巡回检查记录',23,'冯文彦',7,'绞车运行日志及巡回检查记录','007','绞车运行日志及巡回检查记录','2014-10-23 05:00:00','准时','4','正常','23.png','null',''),(16073,12,6,'绞车运行日志及巡回检查记录',23,'李乾',7,'绞车运行日志及巡回检查记录','007','绞车运行日志及巡回检查记录','2014-10-23 06:00:00','准时','5','正常','23.png','null',''),(16074,13,6,'绞车运行日志及巡回检查记录',23,'李乾',7,'绞车运行日志及巡回检查记录','007','绞车运行日志及巡回检查记录','2014-10-23 07:00:00','准时','6','正常','23.png','null',''),(16075,14,6,'绞车运行日志及巡回检查记录',23,'李乾',7,'绞车运行日志及巡回检查记录','007','绞车运行日志及巡回检查记录','2014-10-23 08:00:00','准时','7','正常','23.png','null',''),(16076,15,6,'绞车运行日志及巡回检查记录',23,'李乾',7,'绞车运行日志及巡回检查记录','007','绞车运行日志及巡回检查记录','2014-10-23 09:00:00','准时','8','正常','23.png','null',''),(16077,16,6,'绞车运行日志及巡回检查记录',23,'李乾',7,'绞车运行日志及巡回检查记录','007','绞车运行日志及巡回检查记录','2014-10-23 10:00:00','准时','9','正常','23.png','null',''),(16078,17,6,'绞车运行日志及巡回检查记录',23,'李乾',7,'绞车运行日志及巡回检查记录','007','绞车运行日志及巡回检查记录','2014-10-23 11:00:00','准时','10','正常','23.png','null',''),(16079,18,6,'绞车运行日志及巡回检查记录',23,'李乾',7,'绞车运行日志及巡回检查记录','007','绞车运行日志及巡回检查记录','2014-10-23 12:00:00','准时','11','正常','23.png','null',''),(16080,19,6,'绞车运行日志及巡回检查记录',23,'李乾',7,'绞车运行日志及巡回检查记录','007','绞车运行日志及巡回检查记录','2014-10-23 13:00:00','准时','12','正常','23.png','null',''),(16081,20,6,'绞车运行日志及巡回检查记录',23,'裴森',7,'绞车运行日志及巡回检查记录','007','绞车运行日志及巡回检查记录','2014-10-23 14:00:00','准时','13','正常','23.png','null',''),(16082,21,6,'绞车运行日志及巡回检查记录',23,'裴森',7,'绞车运行日志及巡回检查记录','007','绞车运行日志及巡回检查记录','2014-10-23 15:00:00','准时','14','正常','23.png','null',''),(16083,22,6,'绞车运行日志及巡回检查记录',23,'裴森',7,'绞车运行日志及巡回检查记录','007','绞车运行日志及巡回检查记录','2014-10-23 16:00:00','准时','15','正常','23.png','null',''),(16084,23,6,'绞车运行日志及巡回检查记录',23,'裴森',7,'绞车运行日志及巡回检查记录','007','绞车运行日志及巡回检查记录','2014-10-23 17:00:00','准时','16','正常','23.png','null',''),(16085,24,6,'绞车运行日志及巡回检查记录',23,'裴森',7,'绞车运行日志及巡回检查记录','007','绞车运行日志及巡回检查记录','2014-10-23 18:00:00','准时','17','正常','23.png','null',''),(16086,25,6,'绞车运行日志及巡回检查记录',23,'裴森',7,'绞车运行日志及巡回检查记录','007','绞车运行日志及巡回检查记录','2014-10-23 19:00:00','准时','18','正常','23.png','null',''),(16087,26,6,'绞车运行日志及巡回检查记录',23,'裴森',7,'绞车运行日志及巡回检查记录','007','绞车运行日志及巡回检查记录','2014-10-23 20:00:00','准时','19','正常','23.png','null',''),(16088,27,6,'绞车运行日志及巡回检查记录',23,'裴森',7,'绞车运行日志及巡回检查记录','007','绞车运行日志及巡回检查记录','2014-10-23 21:00:00','准时','20','正常','23.png','null',''),(16089,28,6,'绞车运行日志及巡回检查记录',23,'冯文彦',7,'绞车运行日志及巡回检查记录','007','绞车运行日志及巡回检查记录','2014-10-23 22:00:00','准时','21','正常','23.png','null',''),(16090,29,6,'绞车运行日志及巡回检查记录',23,'冯文彦',7,'绞车运行日志及巡回检查记录','007','绞车运行日志及巡回检查记录','2014-10-23 23:00:00','准时','22','正常','23.png','null',''),(16091,30,6,'绞车运行日志及巡回检查记录',23,'冯文彦',7,'绞车运行日志及巡回检查记录','007','绞车运行日志及巡回检查记录','2014-10-23 00:00:00','准时','23','正常','23.png','null',''),(16092,31,6,'绞车运行日志及巡回检查记录',23,'冯文彦',7,'绞车运行日志及巡回检查记录','007','绞车运行日志及巡回检查记录','2014-10-23 01:00:00','准时','24','正常','23.png','null',''),(16093,1,7,'提升机安全保护装置检查试验记录',21,'石磊',2,'提升机安全保护装置','002','提升机安全保护装置','2014-10-23 00:00:00','准时','1','正常','21.png','刘博',''),(16094,3,8,'车房电工定期维护检修记录',20,'郁奇峰',8,'车房电工定期维护检修记录','008','车房电工定期维护检修记录','2014-10-23 00:00:00','准时','1','正常','20.png','null',''),(16095,2,1,'多绳绞车钢丝绳查验记录',16,'李卫',1,'多绳绞车钢丝绳','001','多绳绞车钢丝绳','2014-10-24 00:00:00','准时','1','正常','16.png','刘超',''),(16096,8,2,'提升系统钳工包机日检（一）',17,'刘金伟',4,'提升系统钳工包机日检（一）','004','提升系统钳工包机日检（一）','2014-10-24 00:00:00','准时','1','正常','17.png','null',''),(16097,7,3,'提升系统钳工包机日检（二）',18,'唐庆恩',5,'提升系统钳工包机日检（二）','005','提升系统钳工包机日检（二）','2014-10-24 00:00:00','准时','1','正常','18.png','null',''),(16100,4,6,'绞车运行日志及巡回检查记录',5,'裴森',7,'绞车运行日志及巡回检查记录','007','绞车运行日志及巡回检查记录','2014-10-24 02:00:00','准时','1','正常','5.png','null',''),(16101,9,6,'绞车运行日志及巡回检查记录',5,'裴森',7,'绞车运行日志及巡回检查记录','007','绞车运行日志及巡回检查记录','2014-10-24 03:00:00','准时','2','正常','5.png','null',''),(16102,10,6,'绞车运行日志及巡回检查记录',5,'裴森',7,'绞车运行日志及巡回检查记录','007','绞车运行日志及巡回检查记录','2014-10-24 04:00:00','准时','3','正常','5.png','null',''),(16103,11,6,'绞车运行日志及巡回检查记录',5,'裴森',7,'绞车运行日志及巡回检查记录','007','绞车运行日志及巡回检查记录','2014-10-24 05:00:00','准时','4','正常','5.png','null',''),(16104,12,6,'绞车运行日志及巡回检查记录',5,'李健',7,'绞车运行日志及巡回检查记录','007','绞车运行日志及巡回检查记录','2014-10-24 06:00:00','准时','5','正常','5.png','null',''),(16105,13,6,'绞车运行日志及巡回检查记录',5,'李健',7,'绞车运行日志及巡回检查记录','007','绞车运行日志及巡回检查记录','2014-10-24 07:00:00','准时','6','正常','5.png','null',''),(16106,14,6,'绞车运行日志及巡回检查记录',5,'李健',7,'绞车运行日志及巡回检查记录','007','绞车运行日志及巡回检查记录','2014-10-24 08:00:00','准时','7','正常','5.png','null',''),(16107,15,6,'绞车运行日志及巡回检查记录',5,'李健',7,'绞车运行日志及巡回检查记录','007','绞车运行日志及巡回检查记录','2014-10-24 09:00:00','准时','8','正常','5.png','null',''),(16108,16,6,'绞车运行日志及巡回检查记录',5,'李健',7,'绞车运行日志及巡回检查记录','007','绞车运行日志及巡回检查记录','2014-10-24 10:00:00','准时','9','正常','5.png','null',''),(16109,17,6,'绞车运行日志及巡回检查记录',5,'李健',7,'绞车运行日志及巡回检查记录','007','绞车运行日志及巡回检查记录','2014-10-24 11:00:00','准时','10','正常','5.png','null',''),(16110,18,6,'绞车运行日志及巡回检查记录',5,'李健',7,'绞车运行日志及巡回检查记录','007','绞车运行日志及巡回检查记录','2014-10-24 12:00:00','准时','11','正常','5.png','null',''),(16111,19,6,'绞车运行日志及巡回检查记录',5,'李健',7,'绞车运行日志及巡回检查记录','007','绞车运行日志及巡回检查记录','2014-10-24 13:00:00','准时','12','正常','5.png','null',''),(16112,20,6,'绞车运行日志及巡回检查记录',5,'王巍',7,'绞车运行日志及巡回检查记录','007','绞车运行日志及巡回检查记录','2014-10-24 14:00:00','准时','13','正常','5.png','null',''),(16113,21,6,'绞车运行日志及巡回检查记录',5,'王巍',7,'绞车运行日志及巡回检查记录','007','绞车运行日志及巡回检查记录','2014-10-24 15:00:00','准时','14','正常','5.png','null',''),(16114,22,6,'绞车运行日志及巡回检查记录',5,'王巍',7,'绞车运行日志及巡回检查记录','007','绞车运行日志及巡回检查记录','2014-10-24 16:00:00','准时','15','正常','5.png','null',''),(16115,23,6,'绞车运行日志及巡回检查记录',5,'王巍',7,'绞车运行日志及巡回检查记录','007','绞车运行日志及巡回检查记录','2014-10-24 17:00:00','准时','16','正常','5.png','null',''),(16116,24,6,'绞车运行日志及巡回检查记录',5,'王巍',7,'绞车运行日志及巡回检查记录','007','绞车运行日志及巡回检查记录','2014-10-24 18:00:00','准时','17','正常','5.png','null',''),(16117,25,6,'绞车运行日志及巡回检查记录',5,'王巍',7,'绞车运行日志及巡回检查记录','007','绞车运行日志及巡回检查记录','2014-10-24 19:00:00','准时','18','正常','5.png','null',''),(16118,26,6,'绞车运行日志及巡回检查记录',5,'王巍',7,'绞车运行日志及巡回检查记录','007','绞车运行日志及巡回检查记录','2014-10-24 20:00:00','准时','19','正常','5.png','null',''),(16119,27,6,'绞车运行日志及巡回检查记录',5,'王巍',7,'绞车运行日志及巡回检查记录','007','绞车运行日志及巡回检查记录','2014-10-24 21:00:00','准时','20','正常','5.png','null',''),(16120,28,6,'绞车运行日志及巡回检查记录',5,'裴森',7,'绞车运行日志及巡回检查记录','007','绞车运行日志及巡回检查记录','2014-10-24 22:00:00','准时','21','正常','5.png','null',''),(16121,29,6,'绞车运行日志及巡回检查记录',5,'裴森',7,'绞车运行日志及巡回检查记录','007','绞车运行日志及巡回检查记录','2014-10-24 23:00:00','准时','22','正常','5.png','null',''),(16122,30,6,'绞车运行日志及巡回检查记录',5,'裴森',7,'绞车运行日志及巡回检查记录','007','绞车运行日志及巡回检查记录','2014-10-24 00:00:00','准时','23','正常','5.png','null',''),(16123,31,6,'绞车运行日志及巡回检查记录',5,'裴森',7,'绞车运行日志及巡回检查记录','007','绞车运行日志及巡回检查记录','2014-10-24 01:00:00','准时','24','正常','5.png','null',''),(16124,1,7,'提升机安全保护装置检查试验记录',22,'高义涛',2,'提升机安全保护装置','002','提升机安全保护装置','2014-10-24 00:00:00','准时','1','正常','22.png','郑威',''),(16125,3,8,'车房电工定期维护检修记录',20,'郁奇峰',8,'车房电工定期维护检修记录','008','车房电工定期维护检修记录','2014-10-24 00:00:00','准时','1','正常','20.png','null',''),(16126,2,1,'多绳绞车钢丝绳查验记录',13,'谷银桥',1,'多绳绞车钢丝绳','001','多绳绞车钢丝绳','2014-10-25 00:00:00','准时','1','正常','13.png','刘超',''),(16127,8,2,'提升系统钳工包机日检（一）',17,'刘金伟',4,'提升系统钳工包机日检（一）','004','提升系统钳工包机日检（一）','2014-10-25 00:00:00','准时','1','正常','17.png','null',''),(16128,7,3,'提升系统钳工包机日检（二）',8,'左睿',5,'提升系统钳工包机日检（二）','005','提升系统钳工包机日检（二）','2014-10-25 00:00:00','准时','1','正常','8.png','null',''),(16131,4,6,'绞车运行日志及巡回检查记录',24,'李乾',7,'绞车运行日志及巡回检查记录','007','绞车运行日志及巡回检查记录','2014-10-25 02:00:00','准时','1','正常','24.png','null',''),(16132,9,6,'绞车运行日志及巡回检查记录',24,'李乾',7,'绞车运行日志及巡回检查记录','007','绞车运行日志及巡回检查记录','2014-10-25 03:00:00','准时','2','正常','24.png','null',''),(16133,10,6,'绞车运行日志及巡回检查记录',24,'李乾',7,'绞车运行日志及巡回检查记录','007','绞车运行日志及巡回检查记录','2014-10-25 04:00:00','准时','3','正常','24.png','null',''),(16134,11,6,'绞车运行日志及巡回检查记录',24,'李乾',7,'绞车运行日志及巡回检查记录','007','绞车运行日志及巡回检查记录','2014-10-25 05:00:00','准时','4','正常','24.png','null',''),(16135,12,6,'绞车运行日志及巡回检查记录',24,'裴森',7,'绞车运行日志及巡回检查记录','007','绞车运行日志及巡回检查记录','2014-10-25 06:00:00','准时','5','正常','24.png','null',''),(16136,13,6,'绞车运行日志及巡回检查记录',24,'裴森',7,'绞车运行日志及巡回检查记录','007','绞车运行日志及巡回检查记录','2014-10-25 07:00:00','准时','6','正常','24.png','null',''),(16137,14,6,'绞车运行日志及巡回检查记录',24,'裴森',7,'绞车运行日志及巡回检查记录','007','绞车运行日志及巡回检查记录','2014-10-25 08:00:00','准时','7','正常','24.png','null',''),(16138,15,6,'绞车运行日志及巡回检查记录',24,'裴森',7,'绞车运行日志及巡回检查记录','007','绞车运行日志及巡回检查记录','2014-10-25 09:00:00','准时','8','正常','24.png','null',''),(16139,16,6,'绞车运行日志及巡回检查记录',24,'裴森',7,'绞车运行日志及巡回检查记录','007','绞车运行日志及巡回检查记录','2014-10-25 10:00:00','准时','9','正常','24.png','null',''),(16140,17,6,'绞车运行日志及巡回检查记录',24,'裴森',7,'绞车运行日志及巡回检查记录','007','绞车运行日志及巡回检查记录','2014-10-25 11:00:00','准时','10','正常','24.png','null',''),(16141,18,6,'绞车运行日志及巡回检查记录',24,'裴森',7,'绞车运行日志及巡回检查记录','007','绞车运行日志及巡回检查记录','2014-10-25 12:00:00','准时','11','正常','24.png','null',''),(16142,19,6,'绞车运行日志及巡回检查记录',24,'裴森',7,'绞车运行日志及巡回检查记录','007','绞车运行日志及巡回检查记录','2014-10-25 13:00:00','准时','12','正常','24.png','null',''),(16143,20,6,'绞车运行日志及巡回检查记录',24,'李健',7,'绞车运行日志及巡回检查记录','007','绞车运行日志及巡回检查记录','2014-10-25 14:00:00','准时','13','正常','24.png','null',''),(16144,21,6,'绞车运行日志及巡回检查记录',24,'李健',7,'绞车运行日志及巡回检查记录','007','绞车运行日志及巡回检查记录','2014-10-25 15:00:00','准时','14','正常','24.png','null',''),(16145,22,6,'绞车运行日志及巡回检查记录',24,'李健',7,'绞车运行日志及巡回检查记录','007','绞车运行日志及巡回检查记录','2014-10-25 16:00:00','准时','15','正常','24.png','null',''),(16146,23,6,'绞车运行日志及巡回检查记录',24,'李健',7,'绞车运行日志及巡回检查记录','007','绞车运行日志及巡回检查记录','2014-10-25 17:00:00','准时','16','正常','24.png','null',''),(16147,24,6,'绞车运行日志及巡回检查记录',24,'李健',7,'绞车运行日志及巡回检查记录','007','绞车运行日志及巡回检查记录','2014-10-25 18:00:00','准时','17','正常','24.png','null',''),(16148,25,6,'绞车运行日志及巡回检查记录',24,'李健',7,'绞车运行日志及巡回检查记录','007','绞车运行日志及巡回检查记录','2014-10-25 19:00:00','准时','18','正常','24.png','null',''),(16149,26,6,'绞车运行日志及巡回检查记录',24,'李健',7,'绞车运行日志及巡回检查记录','007','绞车运行日志及巡回检查记录','2014-10-25 20:00:00','准时','19','正常','24.png','null',''),(16150,27,6,'绞车运行日志及巡回检查记录',24,'李健',7,'绞车运行日志及巡回检查记录','007','绞车运行日志及巡回检查记录','2014-10-25 21:00:00','准时','20','正常','24.png','null',''),(16151,28,6,'绞车运行日志及巡回检查记录',24,'李乾',7,'绞车运行日志及巡回检查记录','007','绞车运行日志及巡回检查记录','2014-10-25 22:00:00','准时','21','正常','24.png','null',''),(16152,29,6,'绞车运行日志及巡回检查记录',24,'李乾',7,'绞车运行日志及巡回检查记录','007','绞车运行日志及巡回检查记录','2014-10-25 23:00:00','准时','22','正常','24.png','null',''),(16153,30,6,'绞车运行日志及巡回检查记录',24,'李乾',7,'绞车运行日志及巡回检查记录','007','绞车运行日志及巡回检查记录','2014-10-25 00:00:00','准时','23','正常','24.png','null',''),(16154,31,6,'绞车运行日志及巡回检查记录',24,'李乾',7,'绞车运行日志及巡回检查记录','007','绞车运行日志及巡回检查记录','2014-10-25 01:00:00','准时','24','正常','24.png','null',''),(16155,1,7,'提升机安全保护装置检查试验记录',21,'石磊',2,'提升机安全保护装置','002','提升机安全保护装置','2014-10-25 00:00:00','准时','1','正常','21.png','刘博',''),(16156,3,8,'车房电工定期维护检修记录',21,'石磊',8,'车房电工定期维护检修记录','008','车房电工定期维护检修记录','2014-10-25 00:00:00','准时','1','正常','21.png','null',''),(16157,2,1,'多绳绞车钢丝绳查验记录',11,'葛鑫',1,'多绳绞车钢丝绳','001','多绳绞车钢丝绳','2014-10-26 00:00:00','准时','1','正常','11.png','王春青',''),(16158,8,2,'提升系统钳工包机日检（一）',18,'唐庆恩',4,'提升系统钳工包机日检（一）','004','提升系统钳工包机日检（一）','2014-10-26 00:00:00','准时','1','正常','18.png','null',''),(16159,7,3,'提升系统钳工包机日检（二）',19,'王军军',5,'提升系统钳工包机日检（二）','005','提升系统钳工包机日检（二）','2014-10-26 00:00:00','准时','1','正常','19.png','null',''),(16160,6,4,'提升系统钳工周检',8,'左睿',6,'提升系统钳工周检','006','提升系统钳工周检','2014-10-20 00:00:00','准时','1','正常','8.png','null',''),(16161,5,5,'提升系统起重工周检',14,'刘鹏',3,'提升系统起重工周检','003','提升系统起重工周检','2014-10-20 00:00:00','准时','1','正常','14.png','null',''),(16162,4,6,'绞车运行日志及巡回检查记录',5,'裴森',7,'绞车运行日志及巡回检查记录','007','绞车运行日志及巡回检查记录','2014-10-26 02:00:00','准时','1','正常','5.png','null',''),(16163,9,6,'绞车运行日志及巡回检查记录',5,'裴森',7,'绞车运行日志及巡回检查记录','007','绞车运行日志及巡回检查记录','2014-10-26 03:00:00','准时','2','正常','5.png','null',''),(16164,10,6,'绞车运行日志及巡回检查记录',5,'裴森',7,'绞车运行日志及巡回检查记录','007','绞车运行日志及巡回检查记录','2014-10-26 04:00:00','准时','3','正常','5.png','null',''),(16165,11,6,'绞车运行日志及巡回检查记录',5,'裴森',7,'绞车运行日志及巡回检查记录','007','绞车运行日志及巡回检查记录','2014-10-26 05:00:00','准时','4','正常','5.png','null',''),(16166,12,6,'绞车运行日志及巡回检查记录',5,'李健',7,'绞车运行日志及巡回检查记录','007','绞车运行日志及巡回检查记录','2014-10-26 06:00:00','准时','5','正常','5.png','null',''),(16167,13,6,'绞车运行日志及巡回检查记录',5,'李健',7,'绞车运行日志及巡回检查记录','007','绞车运行日志及巡回检查记录','2014-10-26 07:00:00','准时','6','正常','5.png','null',''),(16168,14,6,'绞车运行日志及巡回检查记录',5,'李健',7,'绞车运行日志及巡回检查记录','007','绞车运行日志及巡回检查记录','2014-10-26 08:00:00','准时','7','正常','5.png','null',''),(16169,15,6,'绞车运行日志及巡回检查记录',5,'李健',7,'绞车运行日志及巡回检查记录','007','绞车运行日志及巡回检查记录','2014-10-26 09:00:00','准时','8','正常','5.png','null',''),(16170,16,6,'绞车运行日志及巡回检查记录',5,'李健',7,'绞车运行日志及巡回检查记录','007','绞车运行日志及巡回检查记录','2014-10-26 10:00:00','准时','9','正常','5.png','null',''),(16171,17,6,'绞车运行日志及巡回检查记录',5,'李健',7,'绞车运行日志及巡回检查记录','007','绞车运行日志及巡回检查记录','2014-10-26 11:00:00','准时','10','正常','5.png','null',''),(16172,18,6,'绞车运行日志及巡回检查记录',5,'李健',7,'绞车运行日志及巡回检查记录','007','绞车运行日志及巡回检查记录','2014-10-26 12:00:00','准时','11','正常','5.png','null',''),(16173,19,6,'绞车运行日志及巡回检查记录',5,'李健',7,'绞车运行日志及巡回检查记录','007','绞车运行日志及巡回检查记录','2014-10-26 13:00:00','准时','12','正常','5.png','null',''),(16174,20,6,'绞车运行日志及巡回检查记录',5,'王巍',7,'绞车运行日志及巡回检查记录','007','绞车运行日志及巡回检查记录','2014-10-26 14:00:00','准时','13','正常','5.png','null',''),(16175,21,6,'绞车运行日志及巡回检查记录',5,'王巍',7,'绞车运行日志及巡回检查记录','007','绞车运行日志及巡回检查记录','2014-10-26 15:00:00','准时','14','正常','5.png','null',''),(16176,22,6,'绞车运行日志及巡回检查记录',5,'王巍',7,'绞车运行日志及巡回检查记录','007','绞车运行日志及巡回检查记录','2014-10-26 16:00:00','准时','15','正常','5.png','null',''),(16177,23,6,'绞车运行日志及巡回检查记录',5,'王巍',7,'绞车运行日志及巡回检查记录','007','绞车运行日志及巡回检查记录','2014-10-26 17:00:00','准时','16','正常','5.png','null',''),(16178,24,6,'绞车运行日志及巡回检查记录',5,'王巍',7,'绞车运行日志及巡回检查记录','007','绞车运行日志及巡回检查记录','2014-10-26 18:00:00','准时','17','正常','5.png','null',''),(16179,25,6,'绞车运行日志及巡回检查记录',5,'王巍',7,'绞车运行日志及巡回检查记录','007','绞车运行日志及巡回检查记录','2014-10-26 19:00:00','准时','18','正常','5.png','null',''),(16180,26,6,'绞车运行日志及巡回检查记录',5,'王巍',7,'绞车运行日志及巡回检查记录','007','绞车运行日志及巡回检查记录','2014-10-26 20:00:00','准时','19','正常','5.png','null',''),(16181,27,6,'绞车运行日志及巡回检查记录',5,'王巍',7,'绞车运行日志及巡回检查记录','007','绞车运行日志及巡回检查记录','2014-10-26 21:00:00','准时','20','正常','5.png','null',''),(16182,28,6,'绞车运行日志及巡回检查记录',5,'裴森',7,'绞车运行日志及巡回检查记录','007','绞车运行日志及巡回检查记录','2014-10-26 22:00:00','准时','21','正常','5.png','null',''),(16183,29,6,'绞车运行日志及巡回检查记录',5,'裴森',7,'绞车运行日志及巡回检查记录','007','绞车运行日志及巡回检查记录','2014-10-26 23:00:00','准时','22','正常','5.png','null',''),(16184,30,6,'绞车运行日志及巡回检查记录',5,'裴森',7,'绞车运行日志及巡回检查记录','007','绞车运行日志及巡回检查记录','2014-10-26 00:00:00','准时','23','正常','5.png','null',''),(16185,31,6,'绞车运行日志及巡回检查记录',5,'裴森',7,'绞车运行日志及巡回检查记录','007','绞车运行日志及巡回检查记录','2014-10-26 01:00:00','准时','24','正常','5.png','null',''),(16186,1,7,'提升机安全保护装置检查试验记录',22,'高义涛',2,'提升机安全保护装置','002','提升机安全保护装置','2014-10-26 00:00:00','准时','1','正常','22.png','刘博',''),(16187,3,8,'车房电工定期维护检修记录',20,'郁奇峰',8,'车房电工定期维护检修记录','008','车房电工定期维护检修记录','2014-10-26 00:00:00','准时','1','正常','20.png','null',''),(16188,2,1,'多绳绞车钢丝绳查验记录',13,'谷银桥',1,'多绳绞车钢丝绳','001','多绳绞车钢丝绳','2014-10-27 00:00:00','准时','1','正常','13.png','刘超',''),(16189,8,2,'提升系统钳工包机日检（一）',17,'刘金伟',4,'提升系统钳工包机日检（一）','004','提升系统钳工包机日检（一）','2014-10-27 00:00:00','准时','1','正常','17.png','null',''),(16190,7,3,'提升系统钳工包机日检（二）',18,'唐庆恩',5,'提升系统钳工包机日检（二）','005','提升系统钳工包机日检（二）','2014-10-27 00:00:00','准时','1','正常','18.png','null',''),(16193,4,6,'绞车运行日志及巡回检查记录',5,'裴森',7,'绞车运行日志及巡回检查记录','007','绞车运行日志及巡回检查记录','2014-10-27 02:00:00','准时','1','正常','5.png','null',''),(16194,9,6,'绞车运行日志及巡回检查记录',5,'裴森',7,'绞车运行日志及巡回检查记录','007','绞车运行日志及巡回检查记录','2014-10-27 03:00:00','准时','2','正常','5.png','null',''),(16195,10,6,'绞车运行日志及巡回检查记录',5,'裴森',7,'绞车运行日志及巡回检查记录','007','绞车运行日志及巡回检查记录','2014-10-27 04:00:00','准时','3','正常','5.png','null',''),(16196,11,6,'绞车运行日志及巡回检查记录',5,'裴森',7,'绞车运行日志及巡回检查记录','007','绞车运行日志及巡回检查记录','2014-10-27 05:00:00','准时','4','正常','5.png','null',''),(16197,12,6,'绞车运行日志及巡回检查记录',5,'李健',7,'绞车运行日志及巡回检查记录','007','绞车运行日志及巡回检查记录','2014-10-27 06:00:00','准时','5','正常','5.png','null',''),(16198,13,6,'绞车运行日志及巡回检查记录',5,'李健',7,'绞车运行日志及巡回检查记录','007','绞车运行日志及巡回检查记录','2014-10-27 07:00:00','准时','6','正常','5.png','null',''),(16199,14,6,'绞车运行日志及巡回检查记录',5,'李健',7,'绞车运行日志及巡回检查记录','007','绞车运行日志及巡回检查记录','2014-10-27 08:00:00','准时','7','正常','5.png','null',''),(16200,15,6,'绞车运行日志及巡回检查记录',5,'李健',7,'绞车运行日志及巡回检查记录','007','绞车运行日志及巡回检查记录','2014-10-27 09:00:00','准时','8','正常','5.png','null',''),(16201,16,6,'绞车运行日志及巡回检查记录',5,'李健',7,'绞车运行日志及巡回检查记录','007','绞车运行日志及巡回检查记录','2014-10-27 10:00:00','准时','9','正常','5.png','null',''),(16202,17,6,'绞车运行日志及巡回检查记录',5,'李健',7,'绞车运行日志及巡回检查记录','007','绞车运行日志及巡回检查记录','2014-10-27 11:00:00','准时','10','正常','5.png','null',''),(16203,18,6,'绞车运行日志及巡回检查记录',5,'李健',7,'绞车运行日志及巡回检查记录','007','绞车运行日志及巡回检查记录','2014-10-27 12:00:00','准时','11','正常','5.png','null',''),(16204,19,6,'绞车运行日志及巡回检查记录',5,'李健',7,'绞车运行日志及巡回检查记录','007','绞车运行日志及巡回检查记录','2014-10-27 13:00:00','准时','12','正常','5.png','null',''),(16205,20,6,'绞车运行日志及巡回检查记录',5,'王巍',7,'绞车运行日志及巡回检查记录','007','绞车运行日志及巡回检查记录','2014-10-27 14:00:00','准时','13','正常','5.png','null',''),(16206,21,6,'绞车运行日志及巡回检查记录',5,'王巍',7,'绞车运行日志及巡回检查记录','007','绞车运行日志及巡回检查记录','2014-10-27 15:00:00','准时','14','正常','5.png','null',''),(16207,22,6,'绞车运行日志及巡回检查记录',5,'王巍',7,'绞车运行日志及巡回检查记录','007','绞车运行日志及巡回检查记录','2014-10-27 16:00:00','准时','15','正常','5.png','null',''),(16208,23,6,'绞车运行日志及巡回检查记录',5,'王巍',7,'绞车运行日志及巡回检查记录','007','绞车运行日志及巡回检查记录','2014-10-27 17:00:00','准时','16','正常','5.png','null',''),(16209,24,6,'绞车运行日志及巡回检查记录',5,'王巍',7,'绞车运行日志及巡回检查记录','007','绞车运行日志及巡回检查记录','2014-10-27 18:00:00','准时','17','正常','5.png','null',''),(16210,25,6,'绞车运行日志及巡回检查记录',5,'王巍',7,'绞车运行日志及巡回检查记录','007','绞车运行日志及巡回检查记录','2014-10-27 19:00:00','准时','18','正常','5.png','null',''),(16211,26,6,'绞车运行日志及巡回检查记录',5,'王巍',7,'绞车运行日志及巡回检查记录','007','绞车运行日志及巡回检查记录','2014-10-27 20:00:00','准时','19','正常','5.png','null',''),(16212,27,6,'绞车运行日志及巡回检查记录',5,'王巍',7,'绞车运行日志及巡回检查记录','007','绞车运行日志及巡回检查记录','2014-10-27 21:00:00','准时','20','正常','5.png','null',''),(16213,28,6,'绞车运行日志及巡回检查记录',5,'裴森',7,'绞车运行日志及巡回检查记录','007','绞车运行日志及巡回检查记录','2014-10-27 22:00:00','准时','21','正常','5.png','null',''),(16214,29,6,'绞车运行日志及巡回检查记录',5,'裴森',7,'绞车运行日志及巡回检查记录','007','绞车运行日志及巡回检查记录','2014-10-27 23:00:00','准时','22','正常','5.png','null',''),(16215,30,6,'绞车运行日志及巡回检查记录',5,'裴森',7,'绞车运行日志及巡回检查记录','007','绞车运行日志及巡回检查记录','2014-10-27 00:00:00','准时','23','正常','5.png','null',''),(16216,31,6,'绞车运行日志及巡回检查记录',5,'裴森',7,'绞车运行日志及巡回检查记录','007','绞车运行日志及巡回检查记录','2014-10-27 01:00:00','准时','24','正常','5.png','null',''),(16217,1,7,'提升机安全保护装置检查试验记录',20,'郁奇峰',2,'提升机安全保护装置','002','提升机安全保护装置','2014-10-27 00:00:00','准时','1','正常','20.png','刘博',''),(16218,3,8,'车房电工定期维护检修记录',22,'高义涛',8,'车房电工定期维护检修记录','008','车房电工定期维护检修记录','2014-10-27 00:00:00','准时','1','正常','22.png','null',''),(16219,2,1,'多绳绞车钢丝绳查验记录',15,'牛利生',1,'多绳绞车钢丝绳','001','多绳绞车钢丝绳','2014-10-28 00:00:00','准时','1','正常','15.png','刘博',''),(16220,8,2,'提升系统钳工包机日检（一）',18,'唐庆恩',4,'提升系统钳工包机日检（一）','004','提升系统钳工包机日检（一）','2014-10-28 00:00:00','准时','1','正常','18.png','null',''),(16221,7,3,'提升系统钳工包机日检（二）',12,'高岭',5,'提升系统钳工包机日检（二）','005','提升系统钳工包机日检（二）','2014-10-28 00:00:00','准时','1','正常','12.png','null',''),(16224,4,6,'绞车运行日志及巡回检查记录',23,'冯文彦',7,'绞车运行日志及巡回检查记录','007','绞车运行日志及巡回检查记录','2014-10-28 02:00:00','准时','1','正常','23.png','null',''),(16225,9,6,'绞车运行日志及巡回检查记录',23,'冯文彦',7,'绞车运行日志及巡回检查记录','007','绞车运行日志及巡回检查记录','2014-10-28 03:00:00','准时','2','正常','23.png','null',''),(16226,10,6,'绞车运行日志及巡回检查记录',23,'冯文彦',7,'绞车运行日志及巡回检查记录','007','绞车运行日志及巡回检查记录','2014-10-28 04:00:00','准时','3','正常','23.png','null',''),(16227,11,6,'绞车运行日志及巡回检查记录',23,'冯文彦',7,'绞车运行日志及巡回检查记录','007','绞车运行日志及巡回检查记录','2014-10-28 05:00:00','准时','4','正常','23.png','null',''),(16228,12,6,'绞车运行日志及巡回检查记录',23,'李乾',7,'绞车运行日志及巡回检查记录','007','绞车运行日志及巡回检查记录','2014-10-28 06:00:00','准时','5','正常','23.png','null',''),(16229,13,6,'绞车运行日志及巡回检查记录',23,'李乾',7,'绞车运行日志及巡回检查记录','007','绞车运行日志及巡回检查记录','2014-10-28 07:00:00','准时','6','正常','23.png','null',''),(16230,14,6,'绞车运行日志及巡回检查记录',23,'李乾',7,'绞车运行日志及巡回检查记录','007','绞车运行日志及巡回检查记录','2014-10-28 08:00:00','准时','7','正常','23.png','null',''),(16231,15,6,'绞车运行日志及巡回检查记录',23,'李乾',7,'绞车运行日志及巡回检查记录','007','绞车运行日志及巡回检查记录','2014-10-28 09:00:00','准时','8','正常','23.png','null',''),(16232,16,6,'绞车运行日志及巡回检查记录',23,'李乾',7,'绞车运行日志及巡回检查记录','007','绞车运行日志及巡回检查记录','2014-10-28 10:00:00','准时','9','正常','23.png','null',''),(16233,17,6,'绞车运行日志及巡回检查记录',23,'李乾',7,'绞车运行日志及巡回检查记录','007','绞车运行日志及巡回检查记录','2014-10-28 11:00:00','准时','10','正常','23.png','null',''),(16234,18,6,'绞车运行日志及巡回检查记录',23,'李乾',7,'绞车运行日志及巡回检查记录','007','绞车运行日志及巡回检查记录','2014-10-28 12:00:00','准时','11','正常','23.png','null',''),(16235,19,6,'绞车运行日志及巡回检查记录',23,'李乾',7,'绞车运行日志及巡回检查记录','007','绞车运行日志及巡回检查记录','2014-10-28 13:00:00','准时','12','正常','23.png','null',''),(16236,20,6,'绞车运行日志及巡回检查记录',23,'裴森',7,'绞车运行日志及巡回检查记录','007','绞车运行日志及巡回检查记录','2014-10-28 14:00:00','准时','13','正常','23.png','null',''),(16237,21,6,'绞车运行日志及巡回检查记录',23,'裴森',7,'绞车运行日志及巡回检查记录','007','绞车运行日志及巡回检查记录','2014-10-28 15:00:00','准时','14','正常','23.png','null',''),(16238,22,6,'绞车运行日志及巡回检查记录',23,'裴森',7,'绞车运行日志及巡回检查记录','007','绞车运行日志及巡回检查记录','2014-10-28 16:00:00','准时','15','正常','23.png','null',''),(16239,23,6,'绞车运行日志及巡回检查记录',23,'裴森',7,'绞车运行日志及巡回检查记录','007','绞车运行日志及巡回检查记录','2014-10-28 17:00:00','准时','16','正常','23.png','null',''),(16240,24,6,'绞车运行日志及巡回检查记录',23,'裴森',7,'绞车运行日志及巡回检查记录','007','绞车运行日志及巡回检查记录','2014-10-28 18:00:00','准时','17','正常','23.png','null',''),(16241,25,6,'绞车运行日志及巡回检查记录',23,'裴森',7,'绞车运行日志及巡回检查记录','007','绞车运行日志及巡回检查记录','2014-10-28 19:00:00','准时','18','正常','23.png','null',''),(16242,26,6,'绞车运行日志及巡回检查记录',23,'裴森',7,'绞车运行日志及巡回检查记录','007','绞车运行日志及巡回检查记录','2014-10-28 20:00:00','准时','19','正常','23.png','null',''),(16243,27,6,'绞车运行日志及巡回检查记录',23,'裴森',7,'绞车运行日志及巡回检查记录','007','绞车运行日志及巡回检查记录','2014-10-28 21:00:00','准时','20','正常','23.png','null',''),(16244,28,6,'绞车运行日志及巡回检查记录',23,'冯文彦',7,'绞车运行日志及巡回检查记录','007','绞车运行日志及巡回检查记录','2014-10-28 22:00:00','准时','21','正常','23.png','null',''),(16245,29,6,'绞车运行日志及巡回检查记录',23,'冯文彦',7,'绞车运行日志及巡回检查记录','007','绞车运行日志及巡回检查记录','2014-10-28 23:00:00','准时','22','正常','23.png','null',''),(16246,30,6,'绞车运行日志及巡回检查记录',23,'冯文彦',7,'绞车运行日志及巡回检查记录','007','绞车运行日志及巡回检查记录','2014-10-28 00:00:00','准时','23','正常','23.png','null',''),(16247,31,6,'绞车运行日志及巡回检查记录',23,'冯文彦',7,'绞车运行日志及巡回检查记录','007','绞车运行日志及巡回检查记录','2014-10-28 01:00:00','准时','24','正常','23.png','null',''),(16248,1,7,'提升机安全保护装置检查试验记录',21,'石磊',2,'提升机安全保护装置','002','提升机安全保护装置','2014-10-28 00:00:00','准时','1','正常','21.png','刘博',''),(16249,3,8,'车房电工定期维护检修记录',21,'石磊',8,'车房电工定期维护检修记录','008','车房电工定期维护检修记录','2014-10-28 00:00:00','准时','1','正常','21.png','null',''),(16250,2,1,'多绳绞车钢丝绳查验记录',14,'刘鹏',1,'多绳绞车钢丝绳','001','多绳绞车钢丝绳','2014-10-29 00:00:00','准时','1','正常','14.png','王春青',''),(16251,8,2,'提升系统钳工包机日检（一）',19,'王军军',4,'提升系统钳工包机日检（一）','004','提升系统钳工包机日检（一）','2014-10-29 00:00:00','准时','1','正常','19.png','null',''),(16252,7,3,'提升系统钳工包机日检（二）',12,'高岭',5,'提升系统钳工包机日检（二）','005','提升系统钳工包机日检（二）','2014-10-29 00:00:00','准时','1','正常','12.png','null',''),(16255,4,6,'绞车运行日志及巡回检查记录',5,'裴森',7,'绞车运行日志及巡回检查记录','007','绞车运行日志及巡回检查记录','2014-10-29 02:00:00','准时','1','正常','5.png','null',''),(16256,9,6,'绞车运行日志及巡回检查记录',5,'裴森',7,'绞车运行日志及巡回检查记录','007','绞车运行日志及巡回检查记录','2014-10-29 03:00:00','准时','2','正常','5.png','null',''),(16257,10,6,'绞车运行日志及巡回检查记录',5,'裴森',7,'绞车运行日志及巡回检查记录','007','绞车运行日志及巡回检查记录','2014-10-29 04:00:00','准时','3','正常','5.png','null',''),(16258,11,6,'绞车运行日志及巡回检查记录',5,'裴森',7,'绞车运行日志及巡回检查记录','007','绞车运行日志及巡回检查记录','2014-10-29 05:00:00','准时','4','正常','5.png','null',''),(16259,12,6,'绞车运行日志及巡回检查记录',5,'李健',7,'绞车运行日志及巡回检查记录','007','绞车运行日志及巡回检查记录','2014-10-29 06:00:00','准时','5','正常','5.png','null',''),(16260,13,6,'绞车运行日志及巡回检查记录',5,'李健',7,'绞车运行日志及巡回检查记录','007','绞车运行日志及巡回检查记录','2014-10-29 07:00:00','准时','6','正常','5.png','null',''),(16261,14,6,'绞车运行日志及巡回检查记录',5,'李健',7,'绞车运行日志及巡回检查记录','007','绞车运行日志及巡回检查记录','2014-10-29 08:00:00','准时','7','正常','5.png','null',''),(16262,15,6,'绞车运行日志及巡回检查记录',5,'李健',7,'绞车运行日志及巡回检查记录','007','绞车运行日志及巡回检查记录','2014-10-29 09:00:00','准时','8','正常','5.png','null',''),(16263,16,6,'绞车运行日志及巡回检查记录',5,'李健',7,'绞车运行日志及巡回检查记录','007','绞车运行日志及巡回检查记录','2014-10-29 10:00:00','准时','9','正常','5.png','null',''),(16264,17,6,'绞车运行日志及巡回检查记录',5,'李健',7,'绞车运行日志及巡回检查记录','007','绞车运行日志及巡回检查记录','2014-10-29 11:00:00','准时','10','正常','5.png','null',''),(16265,18,6,'绞车运行日志及巡回检查记录',5,'李健',7,'绞车运行日志及巡回检查记录','007','绞车运行日志及巡回检查记录','2014-10-29 12:00:00','准时','11','正常','5.png','null',''),(16266,19,6,'绞车运行日志及巡回检查记录',5,'李健',7,'绞车运行日志及巡回检查记录','007','绞车运行日志及巡回检查记录','2014-10-29 13:00:00','准时','12','正常','5.png','null',''),(16267,20,6,'绞车运行日志及巡回检查记录',5,'王巍',7,'绞车运行日志及巡回检查记录','007','绞车运行日志及巡回检查记录','2014-10-29 14:00:00','准时','13','正常','5.png','null',''),(16268,21,6,'绞车运行日志及巡回检查记录',5,'王巍',7,'绞车运行日志及巡回检查记录','007','绞车运行日志及巡回检查记录','2014-10-29 15:00:00','准时','14','正常','5.png','null',''),(16269,22,6,'绞车运行日志及巡回检查记录',5,'王巍',7,'绞车运行日志及巡回检查记录','007','绞车运行日志及巡回检查记录','2014-10-29 16:00:00','准时','15','正常','5.png','null',''),(16270,23,6,'绞车运行日志及巡回检查记录',5,'王巍',7,'绞车运行日志及巡回检查记录','007','绞车运行日志及巡回检查记录','2014-10-29 17:00:00','准时','16','正常','5.png','null',''),(16271,24,6,'绞车运行日志及巡回检查记录',5,'王巍',7,'绞车运行日志及巡回检查记录','007','绞车运行日志及巡回检查记录','2014-10-29 18:00:00','准时','17','正常','5.png','null',''),(16272,25,6,'绞车运行日志及巡回检查记录',5,'王巍',7,'绞车运行日志及巡回检查记录','007','绞车运行日志及巡回检查记录','2014-10-29 19:00:00','准时','18','正常','5.png','null',''),(16273,26,6,'绞车运行日志及巡回检查记录',5,'王巍',7,'绞车运行日志及巡回检查记录','007','绞车运行日志及巡回检查记录','2014-10-29 20:00:00','准时','19','正常','5.png','null',''),(16274,27,6,'绞车运行日志及巡回检查记录',5,'王巍',7,'绞车运行日志及巡回检查记录','007','绞车运行日志及巡回检查记录','2014-10-29 21:00:00','准时','20','正常','5.png','null',''),(16275,28,6,'绞车运行日志及巡回检查记录',5,'裴森',7,'绞车运行日志及巡回检查记录','007','绞车运行日志及巡回检查记录','2014-10-29 22:00:00','准时','21','正常','5.png','null',''),(16276,29,6,'绞车运行日志及巡回检查记录',5,'裴森',7,'绞车运行日志及巡回检查记录','007','绞车运行日志及巡回检查记录','2014-10-29 23:00:00','准时','22','正常','5.png','null',''),(16277,30,6,'绞车运行日志及巡回检查记录',5,'裴森',7,'绞车运行日志及巡回检查记录','007','绞车运行日志及巡回检查记录','2014-10-29 00:00:00','准时','23','正常','5.png','null',''),(16278,31,6,'绞车运行日志及巡回检查记录',5,'裴森',7,'绞车运行日志及巡回检查记录','007','绞车运行日志及巡回检查记录','2014-10-29 01:00:00','准时','24','正常','5.png','null',''),(16279,1,7,'提升机安全保护装置检查试验记录',22,'高义涛',2,'提升机安全保护装置','002','提升机安全保护装置','2014-10-29 00:00:00','准时','1','正常','22.png','孟志坚',''),(16280,3,8,'车房电工定期维护检修记录',21,'石磊',8,'车房电工定期维护检修记录','008','车房电工定期维护检修记录','2014-10-29 00:00:00','准时','1','正常','21.png','null',''),(16281,2,1,'多绳绞车钢丝绳查验记录',15,'牛利生',1,'多绳绞车钢丝绳','001','多绳绞车钢丝绳','2014-10-30 00:00:00','准时','1','正常','15.png','孟志坚',''),(16282,8,2,'提升系统钳工包机日检（一）',8,'左睿',4,'提升系统钳工包机日检（一）','004','提升系统钳工包机日检（一）','2014-10-30 00:00:00','准时','1','正常','8.png','null',''),(16283,7,3,'提升系统钳工包机日检（二）',12,'高岭',5,'提升系统钳工包机日检（二）','005','提升系统钳工包机日检（二）','2014-10-30 00:00:00','准时','1','正常','12.png','null',''),(16286,4,6,'绞车运行日志及巡回检查记录',23,'冯文彦',7,'绞车运行日志及巡回检查记录','007','绞车运行日志及巡回检查记录','2014-10-30 02:00:00','准时','1','正常','23.png','null',''),(16287,9,6,'绞车运行日志及巡回检查记录',23,'冯文彦',7,'绞车运行日志及巡回检查记录','007','绞车运行日志及巡回检查记录','2014-10-30 03:00:00','准时','2','正常','23.png','null',''),(16288,10,6,'绞车运行日志及巡回检查记录',23,'冯文彦',7,'绞车运行日志及巡回检查记录','007','绞车运行日志及巡回检查记录','2014-10-30 04:00:00','准时','3','正常','23.png','null',''),(16289,11,6,'绞车运行日志及巡回检查记录',23,'冯文彦',7,'绞车运行日志及巡回检查记录','007','绞车运行日志及巡回检查记录','2014-10-30 05:00:00','准时','4','正常','23.png','null',''),(16290,12,6,'绞车运行日志及巡回检查记录',23,'李乾',7,'绞车运行日志及巡回检查记录','007','绞车运行日志及巡回检查记录','2014-10-30 06:00:00','准时','5','正常','23.png','null',''),(16291,13,6,'绞车运行日志及巡回检查记录',23,'李乾',7,'绞车运行日志及巡回检查记录','007','绞车运行日志及巡回检查记录','2014-10-30 07:00:00','准时','6','正常','23.png','null',''),(16292,14,6,'绞车运行日志及巡回检查记录',23,'李乾',7,'绞车运行日志及巡回检查记录','007','绞车运行日志及巡回检查记录','2014-10-30 08:00:00','准时','7','正常','23.png','null',''),(16293,15,6,'绞车运行日志及巡回检查记录',23,'李乾',7,'绞车运行日志及巡回检查记录','007','绞车运行日志及巡回检查记录','2014-10-30 09:00:00','准时','8','正常','23.png','null',''),(16294,16,6,'绞车运行日志及巡回检查记录',23,'李乾',7,'绞车运行日志及巡回检查记录','007','绞车运行日志及巡回检查记录','2014-10-30 10:00:00','准时','9','正常','23.png','null',''),(16295,17,6,'绞车运行日志及巡回检查记录',23,'李乾',7,'绞车运行日志及巡回检查记录','007','绞车运行日志及巡回检查记录','2014-10-30 11:00:00','准时','10','正常','23.png','null',''),(16296,18,6,'绞车运行日志及巡回检查记录',23,'李乾',7,'绞车运行日志及巡回检查记录','007','绞车运行日志及巡回检查记录','2014-10-30 12:00:00','准时','11','正常','23.png','null',''),(16297,19,6,'绞车运行日志及巡回检查记录',23,'李乾',7,'绞车运行日志及巡回检查记录','007','绞车运行日志及巡回检查记录','2014-10-30 13:00:00','准时','12','正常','23.png','null',''),(16298,20,6,'绞车运行日志及巡回检查记录',23,'裴森',7,'绞车运行日志及巡回检查记录','007','绞车运行日志及巡回检查记录','2014-10-30 14:00:00','准时','13','正常','23.png','null',''),(16299,21,6,'绞车运行日志及巡回检查记录',23,'裴森',7,'绞车运行日志及巡回检查记录','007','绞车运行日志及巡回检查记录','2014-10-30 15:00:00','准时','14','正常','23.png','null',''),(16300,22,6,'绞车运行日志及巡回检查记录',23,'裴森',7,'绞车运行日志及巡回检查记录','007','绞车运行日志及巡回检查记录','2014-10-30 16:00:00','准时','15','正常','23.png','null',''),(16301,23,6,'绞车运行日志及巡回检查记录',23,'裴森',7,'绞车运行日志及巡回检查记录','007','绞车运行日志及巡回检查记录','2014-10-30 17:00:00','准时','16','正常','23.png','null',''),(16302,24,6,'绞车运行日志及巡回检查记录',23,'裴森',7,'绞车运行日志及巡回检查记录','007','绞车运行日志及巡回检查记录','2014-10-30 18:00:00','准时','17','正常','23.png','null',''),(16303,25,6,'绞车运行日志及巡回检查记录',23,'裴森',7,'绞车运行日志及巡回检查记录','007','绞车运行日志及巡回检查记录','2014-10-30 19:00:00','准时','18','正常','23.png','null',''),(16304,26,6,'绞车运行日志及巡回检查记录',23,'裴森',7,'绞车运行日志及巡回检查记录','007','绞车运行日志及巡回检查记录','2014-10-30 20:00:00','准时','19','正常','23.png','null',''),(16305,27,6,'绞车运行日志及巡回检查记录',23,'裴森',7,'绞车运行日志及巡回检查记录','007','绞车运行日志及巡回检查记录','2014-10-30 21:00:00','准时','20','正常','23.png','null',''),(16306,28,6,'绞车运行日志及巡回检查记录',23,'冯文彦',7,'绞车运行日志及巡回检查记录','007','绞车运行日志及巡回检查记录','2014-10-30 22:00:00','准时','21','正常','23.png','null',''),(16307,29,6,'绞车运行日志及巡回检查记录',23,'冯文彦',7,'绞车运行日志及巡回检查记录','007','绞车运行日志及巡回检查记录','2014-10-30 23:00:00','准时','22','正常','23.png','null',''),(16308,30,6,'绞车运行日志及巡回检查记录',23,'冯文彦',7,'绞车运行日志及巡回检查记录','007','绞车运行日志及巡回检查记录','2014-10-30 00:00:00','准时','23','正常','23.png','null',''),(16309,31,6,'绞车运行日志及巡回检查记录',23,'冯文彦',7,'绞车运行日志及巡回检查记录','007','绞车运行日志及巡回检查记录','2014-10-30 01:00:00','准时','24','正常','23.png','null',''),(16310,1,7,'提升机安全保护装置检查试验记录',20,'郁奇峰',2,'提升机安全保护装置','002','提升机安全保护装置','2014-10-30 00:00:00','准时','1','正常','20.png','刘博',''),(16311,3,8,'车房电工定期维护检修记录',20,'郁奇峰',8,'车房电工定期维护检修记录','008','车房电工定期维护检修记录','2014-10-30 00:00:00','准时','1','正常','20.png','null',''),(16312,2,1,'多绳绞车钢丝绳查验记录',16,'李卫',1,'多绳绞车钢丝绳','001','多绳绞车钢丝绳','2014-10-31 00:00:00','准时','1','正常','16.png','郑威',''),(16313,8,2,'提升系统钳工包机日检（一）',18,'唐庆恩',4,'提升系统钳工包机日检（一）','004','提升系统钳工包机日检（一）','2014-10-31 00:00:00','准时','1','正常','18.png','null',''),(16314,7,3,'提升系统钳工包机日检（二）',8,'左睿',5,'提升系统钳工包机日检（二）','005','提升系统钳工包机日检（二）','2014-10-31 00:00:00','准时','1','正常','8.png','null',''),(16317,4,6,'绞车运行日志及巡回检查记录',5,'裴森',7,'绞车运行日志及巡回检查记录','007','绞车运行日志及巡回检查记录','2014-10-31 02:00:00','准时','1','正常','5.png','null',''),(16318,9,6,'绞车运行日志及巡回检查记录',5,'裴森',7,'绞车运行日志及巡回检查记录','007','绞车运行日志及巡回检查记录','2014-10-31 03:00:00','准时','2','正常','5.png','null',''),(16319,10,6,'绞车运行日志及巡回检查记录',5,'裴森',7,'绞车运行日志及巡回检查记录','007','绞车运行日志及巡回检查记录','2014-10-31 04:00:00','准时','3','正常','5.png','null',''),(16320,11,6,'绞车运行日志及巡回检查记录',5,'裴森',7,'绞车运行日志及巡回检查记录','007','绞车运行日志及巡回检查记录','2014-10-31 05:00:00','准时','4','正常','5.png','null',''),(16321,12,6,'绞车运行日志及巡回检查记录',5,'李健',7,'绞车运行日志及巡回检查记录','007','绞车运行日志及巡回检查记录','2014-10-31 06:00:00','准时','5','正常','5.png','null',''),(16322,13,6,'绞车运行日志及巡回检查记录',5,'李健',7,'绞车运行日志及巡回检查记录','007','绞车运行日志及巡回检查记录','2014-10-31 07:00:00','准时','6','正常','5.png','null',''),(16323,14,6,'绞车运行日志及巡回检查记录',5,'李健',7,'绞车运行日志及巡回检查记录','007','绞车运行日志及巡回检查记录','2014-10-31 08:00:00','准时','7','正常','5.png','null',''),(16324,15,6,'绞车运行日志及巡回检查记录',5,'李健',7,'绞车运行日志及巡回检查记录','007','绞车运行日志及巡回检查记录','2014-10-31 09:00:00','准时','8','正常','5.png','null',''),(16325,16,6,'绞车运行日志及巡回检查记录',5,'李健',7,'绞车运行日志及巡回检查记录','007','绞车运行日志及巡回检查记录','2014-10-31 10:00:00','准时','9','正常','5.png','null',''),(16326,17,6,'绞车运行日志及巡回检查记录',5,'李健',7,'绞车运行日志及巡回检查记录','007','绞车运行日志及巡回检查记录','2014-10-31 11:00:00','准时','10','正常','5.png','null',''),(16327,18,6,'绞车运行日志及巡回检查记录',5,'李健',7,'绞车运行日志及巡回检查记录','007','绞车运行日志及巡回检查记录','2014-10-31 12:00:00','准时','11','正常','5.png','null',''),(16328,19,6,'绞车运行日志及巡回检查记录',5,'李健',7,'绞车运行日志及巡回检查记录','007','绞车运行日志及巡回检查记录','2014-10-31 13:00:00','准时','12','正常','5.png','null',''),(16329,20,6,'绞车运行日志及巡回检查记录',5,'王巍',7,'绞车运行日志及巡回检查记录','007','绞车运行日志及巡回检查记录','2014-10-31 14:00:00','准时','13','正常','5.png','null',''),(16330,21,6,'绞车运行日志及巡回检查记录',5,'王巍',7,'绞车运行日志及巡回检查记录','007','绞车运行日志及巡回检查记录','2014-10-31 15:00:00','准时','14','正常','5.png','null',''),(16331,22,6,'绞车运行日志及巡回检查记录',5,'王巍',7,'绞车运行日志及巡回检查记录','007','绞车运行日志及巡回检查记录','2014-10-31 16:00:00','准时','15','正常','5.png','null',''),(16332,23,6,'绞车运行日志及巡回检查记录',5,'王巍',7,'绞车运行日志及巡回检查记录','007','绞车运行日志及巡回检查记录','2014-10-31 17:00:00','准时','16','正常','5.png','null',''),(16333,24,6,'绞车运行日志及巡回检查记录',5,'王巍',7,'绞车运行日志及巡回检查记录','007','绞车运行日志及巡回检查记录','2014-10-31 18:00:00','准时','17','正常','5.png','null',''),(16334,25,6,'绞车运行日志及巡回检查记录',5,'王巍',7,'绞车运行日志及巡回检查记录','007','绞车运行日志及巡回检查记录','2014-10-31 19:00:00','准时','18','正常','5.png','null',''),(16335,26,6,'绞车运行日志及巡回检查记录',5,'王巍',7,'绞车运行日志及巡回检查记录','007','绞车运行日志及巡回检查记录','2014-10-31 20:00:00','准时','19','正常','5.png','null',''),(16336,27,6,'绞车运行日志及巡回检查记录',5,'王巍',7,'绞车运行日志及巡回检查记录','007','绞车运行日志及巡回检查记录','2014-10-31 21:00:00','准时','20','正常','5.png','null',''),(16337,28,6,'绞车运行日志及巡回检查记录',5,'裴森',7,'绞车运行日志及巡回检查记录','007','绞车运行日志及巡回检查记录','2014-10-31 22:00:00','准时','21','正常','5.png','null',''),(16338,29,6,'绞车运行日志及巡回检查记录',5,'裴森',7,'绞车运行日志及巡回检查记录','007','绞车运行日志及巡回检查记录','2014-10-31 23:00:00','准时','22','正常','5.png','null',''),(16339,30,6,'绞车运行日志及巡回检查记录',5,'裴森',7,'绞车运行日志及巡回检查记录','007','绞车运行日志及巡回检查记录','2014-10-31 00:00:00','准时','23','正常','5.png','null',''),(16340,31,6,'绞车运行日志及巡回检查记录',5,'裴森',7,'绞车运行日志及巡回检查记录','007','绞车运行日志及巡回检查记录','2014-10-31 01:00:00','准时','24','正常','5.png','null',''),(16341,1,7,'提升机安全保护装置检查试验记录',22,'高义涛',2,'提升机安全保护装置','002','提升机安全保护装置','2014-10-31 00:00:00','准时','1','正常','22.png','杨磊',''),(16342,3,8,'车房电工定期维护检修记录',22,'高义涛',8,'车房电工定期维护检修记录','008','车房电工定期维护检修记录','2014-10-31 00:00:00','准时','1','正常','22.png','null',''),(16343,2,1,'多绳绞车钢丝绳查验记录',13,'谷银桥',1,'多绳绞车钢丝绳','001','多绳绞车钢丝绳','2014-11-01 00:00:00','准时','1','正常','13.png','刘超',''),(16344,8,2,'提升系统钳工包机日检（一）',12,'高岭',4,'提升系统钳工包机日检（一）','004','提升系统钳工包机日检（一）','2014-11-01 00:00:00','准时','1','正常','12.png','null',''),(16345,7,3,'提升系统钳工包机日检（二）',8,'左睿',5,'提升系统钳工包机日检（二）','005','提升系统钳工包机日检（二）','2014-11-01 00:00:00','准时','1','正常','8.png','null',''),(16348,4,6,'绞车运行日志及巡回检查记录',6,'李健',7,'绞车运行日志及巡回检查记录','007','绞车运行日志及巡回检查记录','2014-11-01 02:00:00','准时','1','正常','6.png','null',''),(16349,9,6,'绞车运行日志及巡回检查记录',6,'李健',7,'绞车运行日志及巡回检查记录','007','绞车运行日志及巡回检查记录','2014-11-01 03:00:00','准时','2','正常','6.png','null',''),(16350,10,6,'绞车运行日志及巡回检查记录',6,'李健',7,'绞车运行日志及巡回检查记录','007','绞车运行日志及巡回检查记录','2014-11-01 04:00:00','准时','3','正常','6.png','null',''),(16351,11,6,'绞车运行日志及巡回检查记录',6,'李健',7,'绞车运行日志及巡回检查记录','007','绞车运行日志及巡回检查记录','2014-11-01 05:00:00','准时','4','正常','6.png','null',''),(16352,12,6,'绞车运行日志及巡回检查记录',6,'王巍',7,'绞车运行日志及巡回检查记录','007','绞车运行日志及巡回检查记录','2014-11-01 06:00:00','准时','5','正常','6.png','null',''),(16353,13,6,'绞车运行日志及巡回检查记录',6,'王巍',7,'绞车运行日志及巡回检查记录','007','绞车运行日志及巡回检查记录','2014-11-01 07:00:00','准时','6','正常','6.png','null',''),(16354,14,6,'绞车运行日志及巡回检查记录',6,'王巍',7,'绞车运行日志及巡回检查记录','007','绞车运行日志及巡回检查记录','2014-11-01 08:00:00','准时','7','正常','6.png','null',''),(16355,15,6,'绞车运行日志及巡回检查记录',6,'王巍',7,'绞车运行日志及巡回检查记录','007','绞车运行日志及巡回检查记录','2014-11-01 09:00:00','准时','8','正常','6.png','null',''),(16356,16,6,'绞车运行日志及巡回检查记录',6,'王巍',7,'绞车运行日志及巡回检查记录','007','绞车运行日志及巡回检查记录','2014-11-01 10:00:00','准时','9','正常','6.png','null',''),(16357,17,6,'绞车运行日志及巡回检查记录',6,'王巍',7,'绞车运行日志及巡回检查记录','007','绞车运行日志及巡回检查记录','2014-11-01 11:00:00','准时','10','正常','6.png','null',''),(16358,18,6,'绞车运行日志及巡回检查记录',6,'王巍',7,'绞车运行日志及巡回检查记录','007','绞车运行日志及巡回检查记录','2014-11-01 12:00:00','准时','11','正常','6.png','null',''),(16359,19,6,'绞车运行日志及巡回检查记录',6,'王巍',7,'绞车运行日志及巡回检查记录','007','绞车运行日志及巡回检查记录','2014-11-01 13:00:00','准时','12','正常','6.png','null',''),(16360,20,6,'绞车运行日志及巡回检查记录',6,'苑成智',7,'绞车运行日志及巡回检查记录','007','绞车运行日志及巡回检查记录','2014-11-01 14:00:00','准时','13','正常','6.png','null',''),(16361,21,6,'绞车运行日志及巡回检查记录',6,'苑成智',7,'绞车运行日志及巡回检查记录','007','绞车运行日志及巡回检查记录','2014-11-01 15:00:00','准时','14','正常','6.png','null',''),(16362,22,6,'绞车运行日志及巡回检查记录',6,'苑成智',7,'绞车运行日志及巡回检查记录','007','绞车运行日志及巡回检查记录','2014-11-01 16:00:00','准时','15','正常','6.png','null',''),(16363,23,6,'绞车运行日志及巡回检查记录',6,'苑成智',7,'绞车运行日志及巡回检查记录','007','绞车运行日志及巡回检查记录','2014-11-01 17:00:00','准时','16','正常','6.png','null',''),(16364,24,6,'绞车运行日志及巡回检查记录',6,'苑成智',7,'绞车运行日志及巡回检查记录','007','绞车运行日志及巡回检查记录','2014-11-01 18:00:00','准时','17','正常','6.png','null',''),(16365,25,6,'绞车运行日志及巡回检查记录',6,'苑成智',7,'绞车运行日志及巡回检查记录','007','绞车运行日志及巡回检查记录','2014-11-01 19:00:00','准时','18','正常','6.png','null',''),(16366,26,6,'绞车运行日志及巡回检查记录',6,'苑成智',7,'绞车运行日志及巡回检查记录','007','绞车运行日志及巡回检查记录','2014-11-01 20:00:00','准时','19','正常','6.png','null',''),(16367,27,6,'绞车运行日志及巡回检查记录',6,'苑成智',7,'绞车运行日志及巡回检查记录','007','绞车运行日志及巡回检查记录','2014-11-01 21:00:00','准时','20','正常','6.png','null',''),(16368,28,6,'绞车运行日志及巡回检查记录',6,'李健',7,'绞车运行日志及巡回检查记录','007','绞车运行日志及巡回检查记录','2014-11-01 22:00:00','准时','21','正常','6.png','null',''),(16369,29,6,'绞车运行日志及巡回检查记录',6,'李健',7,'绞车运行日志及巡回检查记录','007','绞车运行日志及巡回检查记录','2014-11-01 23:00:00','准时','22','正常','6.png','null',''),(16370,30,6,'绞车运行日志及巡回检查记录',6,'李健',7,'绞车运行日志及巡回检查记录','007','绞车运行日志及巡回检查记录','2014-11-01 00:00:00','准时','23','正常','6.png','null',''),(16371,31,6,'绞车运行日志及巡回检查记录',6,'李健',7,'绞车运行日志及巡回检查记录','007','绞车运行日志及巡回检查记录','2014-11-01 01:00:00','准时','24','正常','6.png','null',''),(16372,1,7,'提升机安全保护装置检查试验记录',20,'郁奇峰',2,'提升机安全保护装置','002','提升机安全保护装置','2014-11-01 00:00:00','准时','1','正常','20.png','郑威',''),(16373,3,8,'车房电工定期维护检修记录',21,'石磊',8,'车房电工定期维护检修记录','008','车房电工定期维护检修记录','2014-11-01 00:00:00','准时','1','正常','21.png','null',''),(16374,2,1,'多绳绞车钢丝绳查验记录',14,'刘鹏',1,'多绳绞车钢丝绳','001','多绳绞车钢丝绳','2014-11-02 00:00:00','准时','1','正常','14.png','孟志坚',''),(16375,8,2,'提升系统钳工包机日检（一）',18,'唐庆恩',4,'提升系统钳工包机日检（一）','004','提升系统钳工包机日检（一）','2014-11-02 00:00:00','准时','1','正常','18.png','null',''),(16376,7,3,'提升系统钳工包机日检（二）',18,'唐庆恩',5,'提升系统钳工包机日检（二）','005','提升系统钳工包机日检（二）','2014-11-02 00:00:00','准时','1','正常','18.png','null',''),(16377,6,4,'提升系统钳工周检',17,'刘金伟',6,'提升系统钳工周检','006','提升系统钳工周检','2014-10-27 00:00:00','准时','1','正常','17.png','null',''),(16378,5,5,'提升系统起重工周检',13,'谷银桥',3,'提升系统起重工周检','003','提升系统起重工周检','2014-10-27 00:00:00','准时','1','正常','13.png','null',''),(16379,4,6,'绞车运行日志及巡回检查记录',23,'冯文彦',7,'绞车运行日志及巡回检查记录','007','绞车运行日志及巡回检查记录','2014-11-02 02:00:00','准时','1','正常','23.png','null',''),(16380,9,6,'绞车运行日志及巡回检查记录',23,'冯文彦',7,'绞车运行日志及巡回检查记录','007','绞车运行日志及巡回检查记录','2014-11-02 03:00:00','准时','2','正常','23.png','null',''),(16381,10,6,'绞车运行日志及巡回检查记录',23,'冯文彦',7,'绞车运行日志及巡回检查记录','007','绞车运行日志及巡回检查记录','2014-11-02 04:00:00','准时','3','正常','23.png','null',''),(16382,11,6,'绞车运行日志及巡回检查记录',23,'冯文彦',7,'绞车运行日志及巡回检查记录','007','绞车运行日志及巡回检查记录','2014-11-02 05:00:00','准时','4','正常','23.png','null',''),(16383,12,6,'绞车运行日志及巡回检查记录',23,'李乾',7,'绞车运行日志及巡回检查记录','007','绞车运行日志及巡回检查记录','2014-11-02 06:00:00','准时','5','正常','23.png','null',''),(16384,13,6,'绞车运行日志及巡回检查记录',23,'李乾',7,'绞车运行日志及巡回检查记录','007','绞车运行日志及巡回检查记录','2014-11-02 07:00:00','准时','6','正常','23.png','null',''),(16385,14,6,'绞车运行日志及巡回检查记录',23,'李乾',7,'绞车运行日志及巡回检查记录','007','绞车运行日志及巡回检查记录','2014-11-02 08:00:00','准时','7','正常','23.png','null',''),(16386,15,6,'绞车运行日志及巡回检查记录',23,'李乾',7,'绞车运行日志及巡回检查记录','007','绞车运行日志及巡回检查记录','2014-11-02 09:00:00','准时','8','正常','23.png','null',''),(16387,16,6,'绞车运行日志及巡回检查记录',23,'李乾',7,'绞车运行日志及巡回检查记录','007','绞车运行日志及巡回检查记录','2014-11-02 10:00:00','准时','9','正常','23.png','null',''),(16388,17,6,'绞车运行日志及巡回检查记录',23,'李乾',7,'绞车运行日志及巡回检查记录','007','绞车运行日志及巡回检查记录','2014-11-02 11:00:00','准时','10','正常','23.png','null',''),(16389,18,6,'绞车运行日志及巡回检查记录',23,'李乾',7,'绞车运行日志及巡回检查记录','007','绞车运行日志及巡回检查记录','2014-11-02 12:00:00','准时','11','正常','23.png','null',''),(16390,19,6,'绞车运行日志及巡回检查记录',23,'李乾',7,'绞车运行日志及巡回检查记录','007','绞车运行日志及巡回检查记录','2014-11-02 13:00:00','准时','12','正常','23.png','null',''),(16391,20,6,'绞车运行日志及巡回检查记录',23,'裴森',7,'绞车运行日志及巡回检查记录','007','绞车运行日志及巡回检查记录','2014-11-02 14:00:00','准时','13','正常','23.png','null',''),(16392,21,6,'绞车运行日志及巡回检查记录',23,'裴森',7,'绞车运行日志及巡回检查记录','007','绞车运行日志及巡回检查记录','2014-11-02 15:00:00','准时','14','正常','23.png','null',''),(16393,22,6,'绞车运行日志及巡回检查记录',23,'裴森',7,'绞车运行日志及巡回检查记录','007','绞车运行日志及巡回检查记录','2014-11-02 16:00:00','准时','15','正常','23.png','null',''),(16394,23,6,'绞车运行日志及巡回检查记录',23,'裴森',7,'绞车运行日志及巡回检查记录','007','绞车运行日志及巡回检查记录','2014-11-02 17:00:00','准时','16','正常','23.png','null',''),(16395,24,6,'绞车运行日志及巡回检查记录',23,'裴森',7,'绞车运行日志及巡回检查记录','007','绞车运行日志及巡回检查记录','2014-11-02 18:00:00','准时','17','正常','23.png','null',''),(16396,25,6,'绞车运行日志及巡回检查记录',23,'裴森',7,'绞车运行日志及巡回检查记录','007','绞车运行日志及巡回检查记录','2014-11-02 19:00:00','准时','18','正常','23.png','null',''),(16397,26,6,'绞车运行日志及巡回检查记录',23,'裴森',7,'绞车运行日志及巡回检查记录','007','绞车运行日志及巡回检查记录','2014-11-02 20:00:00','准时','19','正常','23.png','null',''),(16398,27,6,'绞车运行日志及巡回检查记录',23,'裴森',7,'绞车运行日志及巡回检查记录','007','绞车运行日志及巡回检查记录','2014-11-02 21:00:00','准时','20','正常','23.png','null',''),(16399,28,6,'绞车运行日志及巡回检查记录',23,'冯文彦',7,'绞车运行日志及巡回检查记录','007','绞车运行日志及巡回检查记录','2014-11-02 22:00:00','准时','21','正常','23.png','null',''),(16400,29,6,'绞车运行日志及巡回检查记录',23,'冯文彦',7,'绞车运行日志及巡回检查记录','007','绞车运行日志及巡回检查记录','2014-11-02 23:00:00','准时','22','正常','23.png','null',''),(16401,30,6,'绞车运行日志及巡回检查记录',23,'冯文彦',7,'绞车运行日志及巡回检查记录','007','绞车运行日志及巡回检查记录','2014-11-02 00:00:00','准时','23','正常','23.png','null',''),(16402,31,6,'绞车运行日志及巡回检查记录',23,'冯文彦',7,'绞车运行日志及巡回检查记录','007','绞车运行日志及巡回检查记录','2014-11-02 01:00:00','准时','24','正常','23.png','null',''),(16403,1,7,'提升机安全保护装置检查试验记录',22,'高义涛',2,'提升机安全保护装置','002','提升机安全保护装置','2014-11-02 00:00:00','准时','1','正常','22.png','刘超',''),(16404,3,8,'车房电工定期维护检修记录',22,'高义涛',8,'车房电工定期维护检修记录','008','车房电工定期维护检修记录','2014-11-02 00:00:00','准时','1','正常','22.png','null',''),(16405,2,1,'多绳绞车钢丝绳查验记录',11,'葛鑫',1,'多绳绞车钢丝绳','001','多绳绞车钢丝绳','2014-11-03 00:00:00','准时','1','正常','11.png','刘博',''),(16406,8,2,'提升系统钳工包机日检（一）',17,'刘金伟',4,'提升系统钳工包机日检（一）','004','提升系统钳工包机日检（一）','2014-11-03 00:00:00','准时','1','正常','17.png','null',''),(16407,7,3,'提升系统钳工包机日检（二）',18,'唐庆恩',5,'提升系统钳工包机日检（二）','005','提升系统钳工包机日检（二）','2014-11-03 00:00:00','准时','1','正常','18.png','null',''),(16410,4,6,'绞车运行日志及巡回检查记录',5,'裴森',7,'绞车运行日志及巡回检查记录','007','绞车运行日志及巡回检查记录','2014-11-03 02:00:00','准时','1','正常','5.png','null',''),(16411,9,6,'绞车运行日志及巡回检查记录',5,'裴森',7,'绞车运行日志及巡回检查记录','007','绞车运行日志及巡回检查记录','2014-11-03 03:00:00','准时','2','正常','5.png','null',''),(16412,10,6,'绞车运行日志及巡回检查记录',5,'裴森',7,'绞车运行日志及巡回检查记录','007','绞车运行日志及巡回检查记录','2014-11-03 04:00:00','准时','3','正常','5.png','null',''),(16413,11,6,'绞车运行日志及巡回检查记录',5,'裴森',7,'绞车运行日志及巡回检查记录','007','绞车运行日志及巡回检查记录','2014-11-03 05:00:00','准时','4','正常','5.png','null',''),(16414,12,6,'绞车运行日志及巡回检查记录',5,'李健',7,'绞车运行日志及巡回检查记录','007','绞车运行日志及巡回检查记录','2014-11-03 06:00:00','准时','5','正常','5.png','null',''),(16415,13,6,'绞车运行日志及巡回检查记录',5,'李健',7,'绞车运行日志及巡回检查记录','007','绞车运行日志及巡回检查记录','2014-11-03 07:00:00','准时','6','正常','5.png','null',''),(16416,14,6,'绞车运行日志及巡回检查记录',5,'李健',7,'绞车运行日志及巡回检查记录','007','绞车运行日志及巡回检查记录','2014-11-03 08:00:00','准时','7','正常','5.png','null',''),(16417,15,6,'绞车运行日志及巡回检查记录',5,'李健',7,'绞车运行日志及巡回检查记录','007','绞车运行日志及巡回检查记录','2014-11-03 09:00:00','准时','8','正常','5.png','null',''),(16418,16,6,'绞车运行日志及巡回检查记录',5,'李健',7,'绞车运行日志及巡回检查记录','007','绞车运行日志及巡回检查记录','2014-11-03 10:00:00','准时','9','正常','5.png','null',''),(16419,17,6,'绞车运行日志及巡回检查记录',5,'李健',7,'绞车运行日志及巡回检查记录','007','绞车运行日志及巡回检查记录','2014-11-03 11:00:00','准时','10','正常','5.png','null',''),(16420,18,6,'绞车运行日志及巡回检查记录',5,'李健',7,'绞车运行日志及巡回检查记录','007','绞车运行日志及巡回检查记录','2014-11-03 12:00:00','准时','11','正常','5.png','null',''),(16421,19,6,'绞车运行日志及巡回检查记录',5,'李健',7,'绞车运行日志及巡回检查记录','007','绞车运行日志及巡回检查记录','2014-11-03 13:00:00','准时','12','正常','5.png','null',''),(16422,20,6,'绞车运行日志及巡回检查记录',5,'王巍',7,'绞车运行日志及巡回检查记录','007','绞车运行日志及巡回检查记录','2014-11-03 14:00:00','准时','13','正常','5.png','null',''),(16423,21,6,'绞车运行日志及巡回检查记录',5,'王巍',7,'绞车运行日志及巡回检查记录','007','绞车运行日志及巡回检查记录','2014-11-03 15:00:00','准时','14','正常','5.png','null',''),(16424,22,6,'绞车运行日志及巡回检查记录',5,'王巍',7,'绞车运行日志及巡回检查记录','007','绞车运行日志及巡回检查记录','2014-11-03 16:00:00','准时','15','正常','5.png','null',''),(16425,23,6,'绞车运行日志及巡回检查记录',5,'王巍',7,'绞车运行日志及巡回检查记录','007','绞车运行日志及巡回检查记录','2014-11-03 17:00:00','准时','16','正常','5.png','null',''),(16426,24,6,'绞车运行日志及巡回检查记录',5,'王巍',7,'绞车运行日志及巡回检查记录','007','绞车运行日志及巡回检查记录','2014-11-03 18:00:00','准时','17','正常','5.png','null',''),(16427,25,6,'绞车运行日志及巡回检查记录',5,'王巍',7,'绞车运行日志及巡回检查记录','007','绞车运行日志及巡回检查记录','2014-11-03 19:00:00','准时','18','正常','5.png','null',''),(16428,26,6,'绞车运行日志及巡回检查记录',5,'王巍',7,'绞车运行日志及巡回检查记录','007','绞车运行日志及巡回检查记录','2014-11-03 20:00:00','准时','19','正常','5.png','null',''),(16429,27,6,'绞车运行日志及巡回检查记录',5,'王巍',7,'绞车运行日志及巡回检查记录','007','绞车运行日志及巡回检查记录','2014-11-03 21:00:00','准时','20','正常','5.png','null',''),(16430,28,6,'绞车运行日志及巡回检查记录',5,'裴森',7,'绞车运行日志及巡回检查记录','007','绞车运行日志及巡回检查记录','2014-11-03 22:00:00','准时','21','正常','5.png','null',''),(16431,29,6,'绞车运行日志及巡回检查记录',5,'裴森',7,'绞车运行日志及巡回检查记录','007','绞车运行日志及巡回检查记录','2014-11-03 23:00:00','准时','22','正常','5.png','null',''),(16432,30,6,'绞车运行日志及巡回检查记录',5,'裴森',7,'绞车运行日志及巡回检查记录','007','绞车运行日志及巡回检查记录','2014-11-03 00:00:00','准时','23','正常','5.png','null',''),(16433,31,6,'绞车运行日志及巡回检查记录',5,'裴森',7,'绞车运行日志及巡回检查记录','007','绞车运行日志及巡回检查记录','2014-11-03 01:00:00','准时','24','正常','5.png','null',''),(16434,1,7,'提升机安全保护装置检查试验记录',22,'高义涛',2,'提升机安全保护装置','002','提升机安全保护装置','2014-11-03 00:00:00','准时','1','正常','22.png','杨磊',''),(16435,3,8,'车房电工定期维护检修记录',22,'高义涛',8,'车房电工定期维护检修记录','008','车房电工定期维护检修记录','2014-11-03 00:00:00','准时','1','正常','22.png','null',''),(16436,2,1,'多绳绞车钢丝绳查验记录',11,'葛鑫',1,'多绳绞车钢丝绳','001','多绳绞车钢丝绳','2014-11-04 00:00:00','准时','1','正常','11.png','郑威',''),(16437,8,2,'提升系统钳工包机日检（一）',18,'唐庆恩',4,'提升系统钳工包机日检（一）','004','提升系统钳工包机日检（一）','2014-11-04 00:00:00','准时','1','正常','18.png','null',''),(16438,7,3,'提升系统钳工包机日检（二）',8,'左睿',5,'提升系统钳工包机日检（二）','005','提升系统钳工包机日检（二）','2014-11-04 00:00:00','准时','1','正常','8.png','null',''),(16441,4,6,'绞车运行日志及巡回检查记录',23,'冯文彦',7,'绞车运行日志及巡回检查记录','007','绞车运行日志及巡回检查记录','2014-11-04 02:00:00','准时','1','正常','23.png','null',''),(16442,9,6,'绞车运行日志及巡回检查记录',23,'冯文彦',7,'绞车运行日志及巡回检查记录','007','绞车运行日志及巡回检查记录','2014-11-04 03:00:00','准时','2','正常','23.png','null',''),(16443,10,6,'绞车运行日志及巡回检查记录',23,'冯文彦',7,'绞车运行日志及巡回检查记录','007','绞车运行日志及巡回检查记录','2014-11-04 04:00:00','准时','3','正常','23.png','null',''),(16444,11,6,'绞车运行日志及巡回检查记录',23,'冯文彦',7,'绞车运行日志及巡回检查记录','007','绞车运行日志及巡回检查记录','2014-11-04 05:00:00','准时','4','正常','23.png','null',''),(16445,12,6,'绞车运行日志及巡回检查记录',23,'李乾',7,'绞车运行日志及巡回检查记录','007','绞车运行日志及巡回检查记录','2014-11-04 06:00:00','准时','5','正常','23.png','null',''),(16446,13,6,'绞车运行日志及巡回检查记录',23,'李乾',7,'绞车运行日志及巡回检查记录','007','绞车运行日志及巡回检查记录','2014-11-04 07:00:00','准时','6','正常','23.png','null',''),(16447,14,6,'绞车运行日志及巡回检查记录',23,'李乾',7,'绞车运行日志及巡回检查记录','007','绞车运行日志及巡回检查记录','2014-11-04 08:00:00','准时','7','正常','23.png','null',''),(16448,15,6,'绞车运行日志及巡回检查记录',23,'李乾',7,'绞车运行日志及巡回检查记录','007','绞车运行日志及巡回检查记录','2014-11-04 09:00:00','准时','8','正常','23.png','null',''),(16449,16,6,'绞车运行日志及巡回检查记录',23,'李乾',7,'绞车运行日志及巡回检查记录','007','绞车运行日志及巡回检查记录','2014-11-04 10:00:00','准时','9','正常','23.png','null',''),(16450,17,6,'绞车运行日志及巡回检查记录',23,'李乾',7,'绞车运行日志及巡回检查记录','007','绞车运行日志及巡回检查记录','2014-11-04 11:00:00','准时','10','正常','23.png','null',''),(16451,18,6,'绞车运行日志及巡回检查记录',23,'李乾',7,'绞车运行日志及巡回检查记录','007','绞车运行日志及巡回检查记录','2014-11-04 12:00:00','准时','11','正常','23.png','null',''),(16452,19,6,'绞车运行日志及巡回检查记录',23,'李乾',7,'绞车运行日志及巡回检查记录','007','绞车运行日志及巡回检查记录','2014-11-04 13:00:00','准时','12','正常','23.png','null',''),(16453,20,6,'绞车运行日志及巡回检查记录',23,'裴森',7,'绞车运行日志及巡回检查记录','007','绞车运行日志及巡回检查记录','2014-11-04 14:00:00','准时','13','正常','23.png','null',''),(16454,21,6,'绞车运行日志及巡回检查记录',23,'裴森',7,'绞车运行日志及巡回检查记录','007','绞车运行日志及巡回检查记录','2014-11-04 15:00:00','准时','14','正常','23.png','null',''),(16455,22,6,'绞车运行日志及巡回检查记录',23,'裴森',7,'绞车运行日志及巡回检查记录','007','绞车运行日志及巡回检查记录','2014-11-04 16:00:00','准时','15','正常','23.png','null',''),(16456,23,6,'绞车运行日志及巡回检查记录',23,'裴森',7,'绞车运行日志及巡回检查记录','007','绞车运行日志及巡回检查记录','2014-11-04 17:00:00','准时','16','正常','23.png','null',''),(16457,24,6,'绞车运行日志及巡回检查记录',23,'裴森',7,'绞车运行日志及巡回检查记录','007','绞车运行日志及巡回检查记录','2014-11-04 18:00:00','准时','17','正常','23.png','null',''),(16458,25,6,'绞车运行日志及巡回检查记录',23,'裴森',7,'绞车运行日志及巡回检查记录','007','绞车运行日志及巡回检查记录','2014-11-04 19:00:00','准时','18','正常','23.png','null',''),(16459,26,6,'绞车运行日志及巡回检查记录',23,'裴森',7,'绞车运行日志及巡回检查记录','007','绞车运行日志及巡回检查记录','2014-11-04 20:00:00','准时','19','正常','23.png','null',''),(16460,27,6,'绞车运行日志及巡回检查记录',23,'裴森',7,'绞车运行日志及巡回检查记录','007','绞车运行日志及巡回检查记录','2014-11-04 21:00:00','准时','20','正常','23.png','null',''),(16461,28,6,'绞车运行日志及巡回检查记录',23,'冯文彦',7,'绞车运行日志及巡回检查记录','007','绞车运行日志及巡回检查记录','2014-11-04 22:00:00','准时','21','正常','23.png','null',''),(16462,29,6,'绞车运行日志及巡回检查记录',23,'冯文彦',7,'绞车运行日志及巡回检查记录','007','绞车运行日志及巡回检查记录','2014-11-04 23:00:00','准时','22','正常','23.png','null',''),(16463,30,6,'绞车运行日志及巡回检查记录',23,'冯文彦',7,'绞车运行日志及巡回检查记录','007','绞车运行日志及巡回检查记录','2014-11-04 00:00:00','准时','23','正常','23.png','null',''),(16464,31,6,'绞车运行日志及巡回检查记录',23,'冯文彦',7,'绞车运行日志及巡回检查记录','007','绞车运行日志及巡回检查记录','2014-11-04 01:00:00','准时','24','正常','23.png','null',''),(16465,1,7,'提升机安全保护装置检查试验记录',21,'石磊',2,'提升机安全保护装置','002','提升机安全保护装置','2014-11-04 00:00:00','准时','1','正常','21.png','郑威',''),(16466,3,8,'车房电工定期维护检修记录',21,'石磊',8,'车房电工定期维护检修记录','008','车房电工定期维护检修记录','2014-11-04 00:00:00','准时','1','正常','21.png','null',''),(16467,2,1,'多绳绞车钢丝绳查验记录',16,'李卫',1,'多绳绞车钢丝绳','001','多绳绞车钢丝绳','2014-11-05 00:00:00','准时','1','正常','16.png','刘博',''),(16468,8,2,'提升系统钳工包机日检（一）',19,'王军军',4,'提升系统钳工包机日检（一）','004','提升系统钳工包机日检（一）','2014-11-05 00:00:00','准时','1','正常','19.png','null',''),(16469,7,3,'提升系统钳工包机日检（二）',18,'唐庆恩',5,'提升系统钳工包机日检（二）','005','提升系统钳工包机日检（二）','2014-11-05 00:00:00','准时','1','正常','18.png','null',''),(16472,4,6,'绞车运行日志及巡回检查记录',23,'冯文彦',7,'绞车运行日志及巡回检查记录','007','绞车运行日志及巡回检查记录','2014-11-05 02:00:00','准时','1','正常','23.png','null',''),(16473,9,6,'绞车运行日志及巡回检查记录',23,'冯文彦',7,'绞车运行日志及巡回检查记录','007','绞车运行日志及巡回检查记录','2014-11-05 03:00:00','准时','2','正常','23.png','null',''),(16474,10,6,'绞车运行日志及巡回检查记录',23,'冯文彦',7,'绞车运行日志及巡回检查记录','007','绞车运行日志及巡回检查记录','2014-11-05 04:00:00','准时','3','正常','23.png','null',''),(16475,11,6,'绞车运行日志及巡回检查记录',23,'冯文彦',7,'绞车运行日志及巡回检查记录','007','绞车运行日志及巡回检查记录','2014-11-05 05:00:00','准时','4','正常','23.png','null',''),(16476,12,6,'绞车运行日志及巡回检查记录',23,'李乾',7,'绞车运行日志及巡回检查记录','007','绞车运行日志及巡回检查记录','2014-11-05 06:00:00','准时','5','正常','23.png','null',''),(16477,13,6,'绞车运行日志及巡回检查记录',23,'李乾',7,'绞车运行日志及巡回检查记录','007','绞车运行日志及巡回检查记录','2014-11-05 07:00:00','准时','6','正常','23.png','null',''),(16478,14,6,'绞车运行日志及巡回检查记录',23,'李乾',7,'绞车运行日志及巡回检查记录','007','绞车运行日志及巡回检查记录','2014-11-05 08:00:00','准时','7','正常','23.png','null',''),(16479,15,6,'绞车运行日志及巡回检查记录',23,'李乾',7,'绞车运行日志及巡回检查记录','007','绞车运行日志及巡回检查记录','2014-11-05 09:00:00','准时','8','正常','23.png','null',''),(16480,16,6,'绞车运行日志及巡回检查记录',23,'李乾',7,'绞车运行日志及巡回检查记录','007','绞车运行日志及巡回检查记录','2014-11-05 10:00:00','准时','9','正常','23.png','null',''),(16481,17,6,'绞车运行日志及巡回检查记录',23,'李乾',7,'绞车运行日志及巡回检查记录','007','绞车运行日志及巡回检查记录','2014-11-05 11:00:00','准时','10','正常','23.png','null',''),(16482,18,6,'绞车运行日志及巡回检查记录',23,'李乾',7,'绞车运行日志及巡回检查记录','007','绞车运行日志及巡回检查记录','2014-11-05 12:00:00','准时','11','正常','23.png','null',''),(16483,19,6,'绞车运行日志及巡回检查记录',23,'李乾',7,'绞车运行日志及巡回检查记录','007','绞车运行日志及巡回检查记录','2014-11-05 13:00:00','准时','12','正常','23.png','null',''),(16484,20,6,'绞车运行日志及巡回检查记录',23,'裴森',7,'绞车运行日志及巡回检查记录','007','绞车运行日志及巡回检查记录','2014-11-05 14:00:00','准时','13','正常','23.png','null',''),(16485,21,6,'绞车运行日志及巡回检查记录',23,'裴森',7,'绞车运行日志及巡回检查记录','007','绞车运行日志及巡回检查记录','2014-11-05 15:00:00','准时','14','正常','23.png','null',''),(16486,22,6,'绞车运行日志及巡回检查记录',23,'裴森',7,'绞车运行日志及巡回检查记录','007','绞车运行日志及巡回检查记录','2014-11-05 16:00:00','准时','15','正常','23.png','null',''),(16487,23,6,'绞车运行日志及巡回检查记录',23,'裴森',7,'绞车运行日志及巡回检查记录','007','绞车运行日志及巡回检查记录','2014-11-05 17:00:00','准时','16','正常','23.png','null',''),(16488,24,6,'绞车运行日志及巡回检查记录',23,'裴森',7,'绞车运行日志及巡回检查记录','007','绞车运行日志及巡回检查记录','2014-11-05 18:00:00','准时','17','正常','23.png','null',''),(16489,25,6,'绞车运行日志及巡回检查记录',23,'裴森',7,'绞车运行日志及巡回检查记录','007','绞车运行日志及巡回检查记录','2014-11-05 19:00:00','准时','18','正常','23.png','null',''),(16490,26,6,'绞车运行日志及巡回检查记录',23,'裴森',7,'绞车运行日志及巡回检查记录','007','绞车运行日志及巡回检查记录','2014-11-05 20:00:00','准时','19','正常','23.png','null',''),(16491,27,6,'绞车运行日志及巡回检查记录',23,'裴森',7,'绞车运行日志及巡回检查记录','007','绞车运行日志及巡回检查记录','2014-11-05 21:00:00','准时','20','正常','23.png','null',''),(16492,28,6,'绞车运行日志及巡回检查记录',23,'冯文彦',7,'绞车运行日志及巡回检查记录','007','绞车运行日志及巡回检查记录','2014-11-05 22:00:00','准时','21','正常','23.png','null',''),(16493,29,6,'绞车运行日志及巡回检查记录',23,'冯文彦',7,'绞车运行日志及巡回检查记录','007','绞车运行日志及巡回检查记录','2014-11-05 23:00:00','准时','22','正常','23.png','null',''),(16494,30,6,'绞车运行日志及巡回检查记录',23,'冯文彦',7,'绞车运行日志及巡回检查记录','007','绞车运行日志及巡回检查记录','2014-11-05 00:00:00','准时','23','正常','23.png','null',''),(16495,31,6,'绞车运行日志及巡回检查记录',23,'冯文彦',7,'绞车运行日志及巡回检查记录','007','绞车运行日志及巡回检查记录','2014-11-05 01:00:00','准时','24','正常','23.png','null',''),(16496,1,7,'提升机安全保护装置检查试验记录',22,'高义涛',2,'提升机安全保护装置','002','提升机安全保护装置','2014-11-05 00:00:00','准时','1','正常','22.png','刘超',''),(16497,3,8,'车房电工定期维护检修记录',20,'郁奇峰',8,'车房电工定期维护检修记录','008','车房电工定期维护检修记录','2014-11-05 00:00:00','准时','1','正常','20.png','null',''),(16498,2,1,'多绳绞车钢丝绳查验记录',13,'谷银桥',1,'多绳绞车钢丝绳','001','多绳绞车钢丝绳','2014-11-06 00:00:00','准时','1','正常','13.png','刘超',''),(16499,8,2,'提升系统钳工包机日检（一）',12,'高岭',4,'提升系统钳工包机日检（一）','004','提升系统钳工包机日检（一）','2014-11-06 00:00:00','准时','1','正常','12.png','null',''),(16500,7,3,'提升系统钳工包机日检（二）',18,'唐庆恩',5,'提升系统钳工包机日检（二）','005','提升系统钳工包机日检（二）','2014-11-06 00:00:00','准时','1','正常','18.png','null',''),(16503,4,6,'绞车运行日志及巡回检查记录',23,'冯文彦',7,'绞车运行日志及巡回检查记录','007','绞车运行日志及巡回检查记录','2014-11-06 02:00:00','准时','1','正常','23.png','null',''),(16504,9,6,'绞车运行日志及巡回检查记录',23,'冯文彦',7,'绞车运行日志及巡回检查记录','007','绞车运行日志及巡回检查记录','2014-11-06 03:00:00','准时','2','正常','23.png','null',''),(16505,10,6,'绞车运行日志及巡回检查记录',23,'冯文彦',7,'绞车运行日志及巡回检查记录','007','绞车运行日志及巡回检查记录','2014-11-06 04:00:00','准时','3','正常','23.png','null',''),(16506,11,6,'绞车运行日志及巡回检查记录',23,'冯文彦',7,'绞车运行日志及巡回检查记录','007','绞车运行日志及巡回检查记录','2014-11-06 05:00:00','准时','4','正常','23.png','null',''),(16507,12,6,'绞车运行日志及巡回检查记录',23,'李乾',7,'绞车运行日志及巡回检查记录','007','绞车运行日志及巡回检查记录','2014-11-06 06:00:00','准时','5','正常','23.png','null',''),(16508,13,6,'绞车运行日志及巡回检查记录',23,'李乾',7,'绞车运行日志及巡回检查记录','007','绞车运行日志及巡回检查记录','2014-11-06 07:00:00','准时','6','正常','23.png','null',''),(16509,14,6,'绞车运行日志及巡回检查记录',23,'李乾',7,'绞车运行日志及巡回检查记录','007','绞车运行日志及巡回检查记录','2014-11-06 08:00:00','准时','7','正常','23.png','null',''),(16510,15,6,'绞车运行日志及巡回检查记录',23,'李乾',7,'绞车运行日志及巡回检查记录','007','绞车运行日志及巡回检查记录','2014-11-06 09:00:00','准时','8','正常','23.png','null',''),(16511,16,6,'绞车运行日志及巡回检查记录',23,'李乾',7,'绞车运行日志及巡回检查记录','007','绞车运行日志及巡回检查记录','2014-11-06 10:00:00','准时','9','正常','23.png','null',''),(16512,17,6,'绞车运行日志及巡回检查记录',23,'李乾',7,'绞车运行日志及巡回检查记录','007','绞车运行日志及巡回检查记录','2014-11-06 11:00:00','准时','10','正常','23.png','null',''),(16513,18,6,'绞车运行日志及巡回检查记录',23,'李乾',7,'绞车运行日志及巡回检查记录','007','绞车运行日志及巡回检查记录','2014-11-06 12:00:00','准时','11','正常','23.png','null',''),(16514,19,6,'绞车运行日志及巡回检查记录',23,'李乾',7,'绞车运行日志及巡回检查记录','007','绞车运行日志及巡回检查记录','2014-11-06 13:00:00','准时','12','正常','23.png','null',''),(16515,20,6,'绞车运行日志及巡回检查记录',23,'裴森',7,'绞车运行日志及巡回检查记录','007','绞车运行日志及巡回检查记录','2014-11-06 14:00:00','准时','13','正常','23.png','null',''),(16516,21,6,'绞车运行日志及巡回检查记录',23,'裴森',7,'绞车运行日志及巡回检查记录','007','绞车运行日志及巡回检查记录','2014-11-06 15:00:00','准时','14','正常','23.png','null',''),(16517,22,6,'绞车运行日志及巡回检查记录',23,'裴森',7,'绞车运行日志及巡回检查记录','007','绞车运行日志及巡回检查记录','2014-11-06 16:00:00','准时','15','正常','23.png','null',''),(16518,23,6,'绞车运行日志及巡回检查记录',23,'裴森',7,'绞车运行日志及巡回检查记录','007','绞车运行日志及巡回检查记录','2014-11-06 17:00:00','准时','16','正常','23.png','null',''),(16519,24,6,'绞车运行日志及巡回检查记录',23,'裴森',7,'绞车运行日志及巡回检查记录','007','绞车运行日志及巡回检查记录','2014-11-06 18:00:00','准时','17','正常','23.png','null',''),(16520,25,6,'绞车运行日志及巡回检查记录',23,'裴森',7,'绞车运行日志及巡回检查记录','007','绞车运行日志及巡回检查记录','2014-11-06 19:00:00','准时','18','正常','23.png','null',''),(16521,26,6,'绞车运行日志及巡回检查记录',23,'裴森',7,'绞车运行日志及巡回检查记录','007','绞车运行日志及巡回检查记录','2014-11-06 20:00:00','准时','19','正常','23.png','null',''),(16522,27,6,'绞车运行日志及巡回检查记录',23,'裴森',7,'绞车运行日志及巡回检查记录','007','绞车运行日志及巡回检查记录','2014-11-06 21:00:00','准时','20','正常','23.png','null',''),(16523,28,6,'绞车运行日志及巡回检查记录',23,'冯文彦',7,'绞车运行日志及巡回检查记录','007','绞车运行日志及巡回检查记录','2014-11-06 22:00:00','准时','21','正常','23.png','null',''),(16524,29,6,'绞车运行日志及巡回检查记录',23,'冯文彦',7,'绞车运行日志及巡回检查记录','007','绞车运行日志及巡回检查记录','2014-11-06 23:00:00','准时','22','正常','23.png','null',''),(16525,30,6,'绞车运行日志及巡回检查记录',23,'冯文彦',7,'绞车运行日志及巡回检查记录','007','绞车运行日志及巡回检查记录','2014-11-06 00:00:00','准时','23','正常','23.png','null',''),(16526,31,6,'绞车运行日志及巡回检查记录',23,'冯文彦',7,'绞车运行日志及巡回检查记录','007','绞车运行日志及巡回检查记录','2014-11-06 01:00:00','准时','24','正常','23.png','null',''),(16527,1,7,'提升机安全保护装置检查试验记录',22,'高义涛',2,'提升机安全保护装置','002','提升机安全保护装置','2014-11-06 00:00:00','准时','1','正常','22.png','刘超',''),(16528,3,8,'车房电工定期维护检修记录',21,'石磊',8,'车房电工定期维护检修记录','008','车房电工定期维护检修记录','2014-11-06 00:00:00','准时','1','正常','21.png','null',''),(16529,2,1,'多绳绞车钢丝绳查验记录',15,'牛利生',1,'多绳绞车钢丝绳','001','多绳绞车钢丝绳','2014-11-07 00:00:00','准时','1','正常','15.png','刘博',''),(16530,8,2,'提升系统钳工包机日检（一）',19,'王军军',4,'提升系统钳工包机日检（一）','004','提升系统钳工包机日检（一）','2014-11-07 00:00:00','准时','1','正常','19.png','null',''),(16531,7,3,'提升系统钳工包机日检（二）',12,'高岭',5,'提升系统钳工包机日检（二）','005','提升系统钳工包机日检（二）','2014-11-07 00:00:00','准时','1','正常','12.png','null',''),(16534,4,6,'绞车运行日志及巡回检查记录',6,'李健',7,'绞车运行日志及巡回检查记录','007','绞车运行日志及巡回检查记录','2014-11-07 02:00:00','准时','1','正常','6.png','null',''),(16535,9,6,'绞车运行日志及巡回检查记录',6,'李健',7,'绞车运行日志及巡回检查记录','007','绞车运行日志及巡回检查记录','2014-11-07 03:00:00','准时','2','正常','6.png','null',''),(16536,10,6,'绞车运行日志及巡回检查记录',6,'李健',7,'绞车运行日志及巡回检查记录','007','绞车运行日志及巡回检查记录','2014-11-07 04:00:00','准时','3','正常','6.png','null',''),(16537,11,6,'绞车运行日志及巡回检查记录',6,'李健',7,'绞车运行日志及巡回检查记录','007','绞车运行日志及巡回检查记录','2014-11-07 05:00:00','准时','4','正常','6.png','null',''),(16538,12,6,'绞车运行日志及巡回检查记录',6,'王巍',7,'绞车运行日志及巡回检查记录','007','绞车运行日志及巡回检查记录','2014-11-07 06:00:00','准时','5','正常','6.png','null',''),(16539,13,6,'绞车运行日志及巡回检查记录',6,'王巍',7,'绞车运行日志及巡回检查记录','007','绞车运行日志及巡回检查记录','2014-11-07 07:00:00','准时','6','正常','6.png','null',''),(16540,14,6,'绞车运行日志及巡回检查记录',6,'王巍',7,'绞车运行日志及巡回检查记录','007','绞车运行日志及巡回检查记录','2014-11-07 08:00:00','准时','7','正常','6.png','null',''),(16541,15,6,'绞车运行日志及巡回检查记录',6,'王巍',7,'绞车运行日志及巡回检查记录','007','绞车运行日志及巡回检查记录','2014-11-07 09:00:00','准时','8','正常','6.png','null',''),(16542,16,6,'绞车运行日志及巡回检查记录',6,'王巍',7,'绞车运行日志及巡回检查记录','007','绞车运行日志及巡回检查记录','2014-11-07 10:00:00','准时','9','正常','6.png','null',''),(16543,17,6,'绞车运行日志及巡回检查记录',6,'王巍',7,'绞车运行日志及巡回检查记录','007','绞车运行日志及巡回检查记录','2014-11-07 11:00:00','准时','10','正常','6.png','null',''),(16544,18,6,'绞车运行日志及巡回检查记录',6,'王巍',7,'绞车运行日志及巡回检查记录','007','绞车运行日志及巡回检查记录','2014-11-07 12:00:00','准时','11','正常','6.png','null',''),(16545,19,6,'绞车运行日志及巡回检查记录',6,'王巍',7,'绞车运行日志及巡回检查记录','007','绞车运行日志及巡回检查记录','2014-11-07 13:00:00','准时','12','正常','6.png','null',''),(16546,20,6,'绞车运行日志及巡回检查记录',6,'苑成智',7,'绞车运行日志及巡回检查记录','007','绞车运行日志及巡回检查记录','2014-11-07 14:00:00','准时','13','正常','6.png','null',''),(16547,21,6,'绞车运行日志及巡回检查记录',6,'苑成智',7,'绞车运行日志及巡回检查记录','007','绞车运行日志及巡回检查记录','2014-11-07 15:00:00','准时','14','正常','6.png','null',''),(16548,22,6,'绞车运行日志及巡回检查记录',6,'苑成智',7,'绞车运行日志及巡回检查记录','007','绞车运行日志及巡回检查记录','2014-11-07 16:00:00','准时','15','正常','6.png','null',''),(16549,23,6,'绞车运行日志及巡回检查记录',6,'苑成智',7,'绞车运行日志及巡回检查记录','007','绞车运行日志及巡回检查记录','2014-11-07 17:00:00','准时','16','正常','6.png','null',''),(16550,24,6,'绞车运行日志及巡回检查记录',6,'苑成智',7,'绞车运行日志及巡回检查记录','007','绞车运行日志及巡回检查记录','2014-11-07 18:00:00','准时','17','正常','6.png','null',''),(16551,25,6,'绞车运行日志及巡回检查记录',6,'苑成智',7,'绞车运行日志及巡回检查记录','007','绞车运行日志及巡回检查记录','2014-11-07 19:00:00','准时','18','正常','6.png','null',''),(16552,26,6,'绞车运行日志及巡回检查记录',6,'苑成智',7,'绞车运行日志及巡回检查记录','007','绞车运行日志及巡回检查记录','2014-11-07 20:00:00','准时','19','正常','6.png','null',''),(16553,27,6,'绞车运行日志及巡回检查记录',6,'苑成智',7,'绞车运行日志及巡回检查记录','007','绞车运行日志及巡回检查记录','2014-11-07 21:00:00','准时','20','正常','6.png','null',''),(16554,28,6,'绞车运行日志及巡回检查记录',6,'李健',7,'绞车运行日志及巡回检查记录','007','绞车运行日志及巡回检查记录','2014-11-07 22:00:00','准时','21','正常','6.png','null',''),(16555,29,6,'绞车运行日志及巡回检查记录',6,'李健',7,'绞车运行日志及巡回检查记录','007','绞车运行日志及巡回检查记录','2014-11-07 23:00:00','准时','22','正常','6.png','null',''),(16556,30,6,'绞车运行日志及巡回检查记录',6,'李健',7,'绞车运行日志及巡回检查记录','007','绞车运行日志及巡回检查记录','2014-11-07 00:00:00','准时','23','正常','6.png','null',''),(16557,31,6,'绞车运行日志及巡回检查记录',6,'李健',7,'绞车运行日志及巡回检查记录','007','绞车运行日志及巡回检查记录','2014-11-07 01:00:00','准时','24','正常','6.png','null',''),(16558,1,7,'提升机安全保护装置检查试验记录',20,'郁奇峰',2,'提升机安全保护装置','002','提升机安全保护装置','2014-11-07 00:00:00','准时','1','正常','20.png','杨磊',''),(16559,3,8,'车房电工定期维护检修记录',22,'高义涛',8,'车房电工定期维护检修记录','008','车房电工定期维护检修记录','2014-11-07 00:00:00','准时','1','正常','22.png','null',''),(16560,2,1,'多绳绞车钢丝绳查验记录',13,'谷银桥',1,'多绳绞车钢丝绳','001','多绳绞车钢丝绳','2014-11-08 00:00:00','准时','1','正常','13.png','郑威',''),(16561,8,2,'提升系统钳工包机日检（一）',8,'左睿',4,'提升系统钳工包机日检（一）','004','提升系统钳工包机日检（一）','2014-11-08 00:00:00','准时','1','正常','8.png','null',''),(16562,7,3,'提升系统钳工包机日检（二）',8,'左睿',5,'提升系统钳工包机日检（二）','005','提升系统钳工包机日检（二）','2014-11-08 00:00:00','准时','1','正常','8.png','null',''),(16565,4,6,'绞车运行日志及巡回检查记录',24,'李乾',7,'绞车运行日志及巡回检查记录','007','绞车运行日志及巡回检查记录','2014-11-08 02:00:00','准时','1','正常','24.png','null',''),(16566,9,6,'绞车运行日志及巡回检查记录',24,'李乾',7,'绞车运行日志及巡回检查记录','007','绞车运行日志及巡回检查记录','2014-11-08 03:00:00','准时','2','正常','24.png','null',''),(16567,10,6,'绞车运行日志及巡回检查记录',24,'李乾',7,'绞车运行日志及巡回检查记录','007','绞车运行日志及巡回检查记录','2014-11-08 04:00:00','准时','3','正常','24.png','null',''),(16568,11,6,'绞车运行日志及巡回检查记录',24,'李乾',7,'绞车运行日志及巡回检查记录','007','绞车运行日志及巡回检查记录','2014-11-08 05:00:00','准时','4','正常','24.png','null',''),(16569,12,6,'绞车运行日志及巡回检查记录',24,'裴森',7,'绞车运行日志及巡回检查记录','007','绞车运行日志及巡回检查记录','2014-11-08 06:00:00','准时','5','正常','24.png','null',''),(16570,13,6,'绞车运行日志及巡回检查记录',24,'裴森',7,'绞车运行日志及巡回检查记录','007','绞车运行日志及巡回检查记录','2014-11-08 07:00:00','准时','6','正常','24.png','null',''),(16571,14,6,'绞车运行日志及巡回检查记录',24,'裴森',7,'绞车运行日志及巡回检查记录','007','绞车运行日志及巡回检查记录','2014-11-08 08:00:00','准时','7','正常','24.png','null',''),(16572,15,6,'绞车运行日志及巡回检查记录',24,'裴森',7,'绞车运行日志及巡回检查记录','007','绞车运行日志及巡回检查记录','2014-11-08 09:00:00','准时','8','正常','24.png','null',''),(16573,16,6,'绞车运行日志及巡回检查记录',24,'裴森',7,'绞车运行日志及巡回检查记录','007','绞车运行日志及巡回检查记录','2014-11-08 10:00:00','准时','9','正常','24.png','null',''),(16574,17,6,'绞车运行日志及巡回检查记录',24,'裴森',7,'绞车运行日志及巡回检查记录','007','绞车运行日志及巡回检查记录','2014-11-08 11:00:00','准时','10','正常','24.png','null',''),(16575,18,6,'绞车运行日志及巡回检查记录',24,'裴森',7,'绞车运行日志及巡回检查记录','007','绞车运行日志及巡回检查记录','2014-11-08 12:00:00','准时','11','正常','24.png','null',''),(16576,19,6,'绞车运行日志及巡回检查记录',24,'裴森',7,'绞车运行日志及巡回检查记录','007','绞车运行日志及巡回检查记录','2014-11-08 13:00:00','准时','12','正常','24.png','null',''),(16577,20,6,'绞车运行日志及巡回检查记录',24,'李健',7,'绞车运行日志及巡回检查记录','007','绞车运行日志及巡回检查记录','2014-11-08 14:00:00','准时','13','正常','24.png','null',''),(16578,21,6,'绞车运行日志及巡回检查记录',24,'李健',7,'绞车运行日志及巡回检查记录','007','绞车运行日志及巡回检查记录','2014-11-08 15:00:00','准时','14','正常','24.png','null',''),(16579,22,6,'绞车运行日志及巡回检查记录',24,'李健',7,'绞车运行日志及巡回检查记录','007','绞车运行日志及巡回检查记录','2014-11-08 16:00:00','准时','15','正常','24.png','null',''),(16580,23,6,'绞车运行日志及巡回检查记录',24,'李健',7,'绞车运行日志及巡回检查记录','007','绞车运行日志及巡回检查记录','2014-11-08 17:00:00','准时','16','正常','24.png','null',''),(16581,24,6,'绞车运行日志及巡回检查记录',24,'李健',7,'绞车运行日志及巡回检查记录','007','绞车运行日志及巡回检查记录','2014-11-08 18:00:00','准时','17','正常','24.png','null',''),(16582,25,6,'绞车运行日志及巡回检查记录',24,'李健',7,'绞车运行日志及巡回检查记录','007','绞车运行日志及巡回检查记录','2014-11-08 19:00:00','准时','18','正常','24.png','null',''),(16583,26,6,'绞车运行日志及巡回检查记录',24,'李健',7,'绞车运行日志及巡回检查记录','007','绞车运行日志及巡回检查记录','2014-11-08 20:00:00','准时','19','正常','24.png','null',''),(16584,27,6,'绞车运行日志及巡回检查记录',24,'李健',7,'绞车运行日志及巡回检查记录','007','绞车运行日志及巡回检查记录','2014-11-08 21:00:00','准时','20','正常','24.png','null',''),(16585,28,6,'绞车运行日志及巡回检查记录',24,'李乾',7,'绞车运行日志及巡回检查记录','007','绞车运行日志及巡回检查记录','2014-11-08 22:00:00','准时','21','正常','24.png','null',''),(16586,29,6,'绞车运行日志及巡回检查记录',24,'李乾',7,'绞车运行日志及巡回检查记录','007','绞车运行日志及巡回检查记录','2014-11-08 23:00:00','准时','22','正常','24.png','null',''),(16587,30,6,'绞车运行日志及巡回检查记录',24,'李乾',7,'绞车运行日志及巡回检查记录','007','绞车运行日志及巡回检查记录','2014-11-08 00:00:00','准时','23','正常','24.png','null',''),(16588,31,6,'绞车运行日志及巡回检查记录',24,'李乾',7,'绞车运行日志及巡回检查记录','007','绞车运行日志及巡回检查记录','2014-11-08 01:00:00','准时','24','正常','24.png','null',''),(16589,1,7,'提升机安全保护装置检查试验记录',22,'高义涛',2,'提升机安全保护装置','002','提升机安全保护装置','2014-11-08 00:00:00','准时','1','正常','22.png','王春青',''),(16590,3,8,'车房电工定期维护检修记录',21,'石磊',8,'车房电工定期维护检修记录','008','车房电工定期维护检修记录','2014-11-08 00:00:00','准时','1','正常','21.png','null',''),(16591,2,1,'多绳绞车钢丝绳查验记录',13,'谷银桥',1,'多绳绞车钢丝绳','001','多绳绞车钢丝绳','2014-11-09 00:00:00','准时','1','正常','13.png','刘超',''),(16592,8,2,'提升系统钳工包机日检（一）',8,'左睿',4,'提升系统钳工包机日检（一）','004','提升系统钳工包机日检（一）','2014-11-09 00:00:00','准时','1','正常','8.png','null',''),(16593,7,3,'提升系统钳工包机日检（二）',18,'唐庆恩',5,'提升系统钳工包机日检（二）','005','提升系统钳工包机日检（二）','2014-11-09 00:00:00','准时','1','正常','18.png','null',''),(16594,6,4,'提升系统钳工周检',17,'刘金伟',6,'提升系统钳工周检','006','提升系统钳工周检','2014-11-03 00:00:00','准时','1','正常','17.png','null',''),(16595,5,5,'提升系统起重工周检',13,'谷银桥',3,'提升系统起重工周检','003','提升系统起重工周检','2014-11-03 00:00:00','准时','1','正常','13.png','null',''),(16596,4,6,'绞车运行日志及巡回检查记录',23,'冯文彦',7,'绞车运行日志及巡回检查记录','007','绞车运行日志及巡回检查记录','2014-11-09 02:00:00','准时','1','正常','23.png','null',''),(16597,9,6,'绞车运行日志及巡回检查记录',23,'冯文彦',7,'绞车运行日志及巡回检查记录','007','绞车运行日志及巡回检查记录','2014-11-09 03:00:00','准时','2','正常','23.png','null',''),(16598,10,6,'绞车运行日志及巡回检查记录',23,'冯文彦',7,'绞车运行日志及巡回检查记录','007','绞车运行日志及巡回检查记录','2014-11-09 04:00:00','准时','3','正常','23.png','null',''),(16599,11,6,'绞车运行日志及巡回检查记录',23,'冯文彦',7,'绞车运行日志及巡回检查记录','007','绞车运行日志及巡回检查记录','2014-11-09 05:00:00','准时','4','正常','23.png','null',''),(16600,12,6,'绞车运行日志及巡回检查记录',23,'李乾',7,'绞车运行日志及巡回检查记录','007','绞车运行日志及巡回检查记录','2014-11-09 06:00:00','准时','5','正常','23.png','null',''),(16601,13,6,'绞车运行日志及巡回检查记录',23,'李乾',7,'绞车运行日志及巡回检查记录','007','绞车运行日志及巡回检查记录','2014-11-09 07:00:00','准时','6','正常','23.png','null',''),(16602,14,6,'绞车运行日志及巡回检查记录',23,'李乾',7,'绞车运行日志及巡回检查记录','007','绞车运行日志及巡回检查记录','2014-11-09 08:00:00','准时','7','正常','23.png','null',''),(16603,15,6,'绞车运行日志及巡回检查记录',23,'李乾',7,'绞车运行日志及巡回检查记录','007','绞车运行日志及巡回检查记录','2014-11-09 09:00:00','准时','8','正常','23.png','null',''),(16604,16,6,'绞车运行日志及巡回检查记录',23,'李乾',7,'绞车运行日志及巡回检查记录','007','绞车运行日志及巡回检查记录','2014-11-09 10:00:00','准时','9','正常','23.png','null',''),(16605,17,6,'绞车运行日志及巡回检查记录',23,'李乾',7,'绞车运行日志及巡回检查记录','007','绞车运行日志及巡回检查记录','2014-11-09 11:00:00','准时','10','正常','23.png','null',''),(16606,18,6,'绞车运行日志及巡回检查记录',23,'李乾',7,'绞车运行日志及巡回检查记录','007','绞车运行日志及巡回检查记录','2014-11-09 12:00:00','准时','11','正常','23.png','null',''),(16607,19,6,'绞车运行日志及巡回检查记录',23,'李乾',7,'绞车运行日志及巡回检查记录','007','绞车运行日志及巡回检查记录','2014-11-09 13:00:00','准时','12','正常','23.png','null',''),(16608,20,6,'绞车运行日志及巡回检查记录',23,'裴森',7,'绞车运行日志及巡回检查记录','007','绞车运行日志及巡回检查记录','2014-11-09 14:00:00','准时','13','正常','23.png','null',''),(16609,21,6,'绞车运行日志及巡回检查记录',23,'裴森',7,'绞车运行日志及巡回检查记录','007','绞车运行日志及巡回检查记录','2014-11-09 15:00:00','准时','14','正常','23.png','null',''),(16610,22,6,'绞车运行日志及巡回检查记录',23,'裴森',7,'绞车运行日志及巡回检查记录','007','绞车运行日志及巡回检查记录','2014-11-09 16:00:00','准时','15','正常','23.png','null',''),(16611,23,6,'绞车运行日志及巡回检查记录',23,'裴森',7,'绞车运行日志及巡回检查记录','007','绞车运行日志及巡回检查记录','2014-11-09 17:00:00','准时','16','正常','23.png','null',''),(16612,24,6,'绞车运行日志及巡回检查记录',23,'裴森',7,'绞车运行日志及巡回检查记录','007','绞车运行日志及巡回检查记录','2014-11-09 18:00:00','准时','17','正常','23.png','null',''),(16613,25,6,'绞车运行日志及巡回检查记录',23,'裴森',7,'绞车运行日志及巡回检查记录','007','绞车运行日志及巡回检查记录','2014-11-09 19:00:00','准时','18','正常','23.png','null',''),(16614,26,6,'绞车运行日志及巡回检查记录',23,'裴森',7,'绞车运行日志及巡回检查记录','007','绞车运行日志及巡回检查记录','2014-11-09 20:00:00','准时','19','正常','23.png','null',''),(16615,27,6,'绞车运行日志及巡回检查记录',23,'裴森',7,'绞车运行日志及巡回检查记录','007','绞车运行日志及巡回检查记录','2014-11-09 21:00:00','准时','20','正常','23.png','null',''),(16616,28,6,'绞车运行日志及巡回检查记录',23,'冯文彦',7,'绞车运行日志及巡回检查记录','007','绞车运行日志及巡回检查记录','2014-11-09 22:00:00','准时','21','正常','23.png','null',''),(16617,29,6,'绞车运行日志及巡回检查记录',23,'冯文彦',7,'绞车运行日志及巡回检查记录','007','绞车运行日志及巡回检查记录','2014-11-09 23:00:00','准时','22','正常','23.png','null',''),(16618,30,6,'绞车运行日志及巡回检查记录',23,'冯文彦',7,'绞车运行日志及巡回检查记录','007','绞车运行日志及巡回检查记录','2014-11-09 00:00:00','准时','23','正常','23.png','null',''),(16619,31,6,'绞车运行日志及巡回检查记录',23,'冯文彦',7,'绞车运行日志及巡回检查记录','007','绞车运行日志及巡回检查记录','2014-11-09 01:00:00','准时','24','正常','23.png','null',''),(16620,1,7,'提升机安全保护装置检查试验记录',21,'石磊',2,'提升机安全保护装置','002','提升机安全保护装置','2014-11-09 00:00:00','准时','1','正常','21.png','刘博',''),(16621,3,8,'车房电工定期维护检修记录',20,'郁奇峰',8,'车房电工定期维护检修记录','008','车房电工定期维护检修记录','2014-11-09 00:00:00','准时','1','正常','20.png','null',''),(16622,2,1,'多绳绞车钢丝绳查验记录',15,'牛利生',1,'多绳绞车钢丝绳','001','多绳绞车钢丝绳','2014-11-10 00:00:00','准时','1','正常','15.png','王春青',''),(16623,8,2,'提升系统钳工包机日检（一）',12,'高岭',4,'提升系统钳工包机日检（一）','004','提升系统钳工包机日检（一）','2014-11-10 00:00:00','准时','1','正常','12.png','null',''),(16624,7,3,'提升系统钳工包机日检（二）',18,'唐庆恩',5,'提升系统钳工包机日检（二）','005','提升系统钳工包机日检（二）','2014-11-10 00:00:00','准时','1','正常','18.png','null',''),(16627,4,6,'绞车运行日志及巡回检查记录',6,'李健',7,'绞车运行日志及巡回检查记录','007','绞车运行日志及巡回检查记录','2014-11-10 02:00:00','准时','1','正常','6.png','null',''),(16628,9,6,'绞车运行日志及巡回检查记录',6,'李健',7,'绞车运行日志及巡回检查记录','007','绞车运行日志及巡回检查记录','2014-11-10 03:00:00','准时','2','正常','6.png','null',''),(16629,10,6,'绞车运行日志及巡回检查记录',6,'李健',7,'绞车运行日志及巡回检查记录','007','绞车运行日志及巡回检查记录','2014-11-10 04:00:00','准时','3','正常','6.png','null',''),(16630,11,6,'绞车运行日志及巡回检查记录',6,'李健',7,'绞车运行日志及巡回检查记录','007','绞车运行日志及巡回检查记录','2014-11-10 05:00:00','准时','4','正常','6.png','null',''),(16631,12,6,'绞车运行日志及巡回检查记录',6,'王巍',7,'绞车运行日志及巡回检查记录','007','绞车运行日志及巡回检查记录','2014-11-10 06:00:00','准时','5','正常','6.png','null',''),(16632,13,6,'绞车运行日志及巡回检查记录',6,'王巍',7,'绞车运行日志及巡回检查记录','007','绞车运行日志及巡回检查记录','2014-11-10 07:00:00','准时','6','正常','6.png','null',''),(16633,14,6,'绞车运行日志及巡回检查记录',6,'王巍',7,'绞车运行日志及巡回检查记录','007','绞车运行日志及巡回检查记录','2014-11-10 08:00:00','准时','7','正常','6.png','null',''),(16634,15,6,'绞车运行日志及巡回检查记录',6,'王巍',7,'绞车运行日志及巡回检查记录','007','绞车运行日志及巡回检查记录','2014-11-10 09:00:00','准时','8','正常','6.png','null',''),(16635,16,6,'绞车运行日志及巡回检查记录',6,'王巍',7,'绞车运行日志及巡回检查记录','007','绞车运行日志及巡回检查记录','2014-11-10 10:00:00','准时','9','正常','6.png','null',''),(16636,17,6,'绞车运行日志及巡回检查记录',6,'王巍',7,'绞车运行日志及巡回检查记录','007','绞车运行日志及巡回检查记录','2014-11-10 11:00:00','准时','10','正常','6.png','null',''),(16637,18,6,'绞车运行日志及巡回检查记录',6,'王巍',7,'绞车运行日志及巡回检查记录','007','绞车运行日志及巡回检查记录','2014-11-10 12:00:00','准时','11','正常','6.png','null',''),(16638,19,6,'绞车运行日志及巡回检查记录',6,'王巍',7,'绞车运行日志及巡回检查记录','007','绞车运行日志及巡回检查记录','2014-11-10 13:00:00','准时','12','正常','6.png','null',''),(16639,20,6,'绞车运行日志及巡回检查记录',6,'苑成智',7,'绞车运行日志及巡回检查记录','007','绞车运行日志及巡回检查记录','2014-11-10 14:00:00','准时','13','正常','6.png','null',''),(16640,21,6,'绞车运行日志及巡回检查记录',6,'苑成智',7,'绞车运行日志及巡回检查记录','007','绞车运行日志及巡回检查记录','2014-11-10 15:00:00','准时','14','正常','6.png','null',''),(16641,22,6,'绞车运行日志及巡回检查记录',6,'苑成智',7,'绞车运行日志及巡回检查记录','007','绞车运行日志及巡回检查记录','2014-11-10 16:00:00','准时','15','正常','6.png','null',''),(16642,23,6,'绞车运行日志及巡回检查记录',6,'苑成智',7,'绞车运行日志及巡回检查记录','007','绞车运行日志及巡回检查记录','2014-11-10 17:00:00','准时','16','正常','6.png','null',''),(16643,24,6,'绞车运行日志及巡回检查记录',6,'苑成智',7,'绞车运行日志及巡回检查记录','007','绞车运行日志及巡回检查记录','2014-11-10 18:00:00','准时','17','正常','6.png','null',''),(16644,25,6,'绞车运行日志及巡回检查记录',6,'苑成智',7,'绞车运行日志及巡回检查记录','007','绞车运行日志及巡回检查记录','2014-11-10 19:00:00','准时','18','正常','6.png','null',''),(16645,26,6,'绞车运行日志及巡回检查记录',6,'苑成智',7,'绞车运行日志及巡回检查记录','007','绞车运行日志及巡回检查记录','2014-11-10 20:00:00','准时','19','正常','6.png','null',''),(16646,27,6,'绞车运行日志及巡回检查记录',6,'苑成智',7,'绞车运行日志及巡回检查记录','007','绞车运行日志及巡回检查记录','2014-11-10 21:00:00','准时','20','正常','6.png','null',''),(16647,28,6,'绞车运行日志及巡回检查记录',6,'李健',7,'绞车运行日志及巡回检查记录','007','绞车运行日志及巡回检查记录','2014-11-10 22:00:00','准时','21','正常','6.png','null',''),(16648,29,6,'绞车运行日志及巡回检查记录',6,'李健',7,'绞车运行日志及巡回检查记录','007','绞车运行日志及巡回检查记录','2014-11-10 23:00:00','准时','22','正常','6.png','null',''),(16649,30,6,'绞车运行日志及巡回检查记录',6,'李健',7,'绞车运行日志及巡回检查记录','007','绞车运行日志及巡回检查记录','2014-11-10 00:00:00','准时','23','正常','6.png','null',''),(16650,31,6,'绞车运行日志及巡回检查记录',6,'李健',7,'绞车运行日志及巡回检查记录','007','绞车运行日志及巡回检查记录','2014-11-10 01:00:00','准时','24','正常','6.png','null',''),(16651,1,7,'提升机安全保护装置检查试验记录',22,'高义涛',2,'提升机安全保护装置','002','提升机安全保护装置','2014-11-10 00:00:00','准时','1','正常','22.png','刘超',''),(16652,3,8,'车房电工定期维护检修记录',21,'石磊',8,'车房电工定期维护检修记录','008','车房电工定期维护检修记录','2014-11-10 00:00:00','准时','1','正常','21.png','null',''),(16653,2,1,'多绳绞车钢丝绳查验记录',14,'刘鹏',1,'多绳绞车钢丝绳','001','多绳绞车钢丝绳','2014-11-11 00:00:00','准时','1','正常','14.png','孟志坚',''),(16654,8,2,'提升系统钳工包机日检（一）',19,'王军军',4,'提升系统钳工包机日检（一）','004','提升系统钳工包机日检（一）','2014-11-11 00:00:00','准时','1','正常','19.png','null',''),(16655,7,3,'提升系统钳工包机日检（二）',8,'左睿',5,'提升系统钳工包机日检（二）','005','提升系统钳工包机日检（二）','2014-11-11 00:00:00','准时','1','正常','8.png','null',''),(16658,4,6,'绞车运行日志及巡回检查记录',5,'裴森',7,'绞车运行日志及巡回检查记录','007','绞车运行日志及巡回检查记录','2014-11-11 02:00:00','准时','1','正常','5.png','null',''),(16659,9,6,'绞车运行日志及巡回检查记录',5,'裴森',7,'绞车运行日志及巡回检查记录','007','绞车运行日志及巡回检查记录','2014-11-11 03:00:00','准时','2','正常','5.png','null',''),(16660,10,6,'绞车运行日志及巡回检查记录',5,'裴森',7,'绞车运行日志及巡回检查记录','007','绞车运行日志及巡回检查记录','2014-11-11 04:00:00','准时','3','正常','5.png','null',''),(16661,11,6,'绞车运行日志及巡回检查记录',5,'裴森',7,'绞车运行日志及巡回检查记录','007','绞车运行日志及巡回检查记录','2014-11-11 05:00:00','准时','4','正常','5.png','null',''),(16662,12,6,'绞车运行日志及巡回检查记录',5,'李健',7,'绞车运行日志及巡回检查记录','007','绞车运行日志及巡回检查记录','2014-11-11 06:00:00','准时','5','正常','5.png','null',''),(16663,13,6,'绞车运行日志及巡回检查记录',5,'李健',7,'绞车运行日志及巡回检查记录','007','绞车运行日志及巡回检查记录','2014-11-11 07:00:00','准时','6','正常','5.png','null',''),(16664,14,6,'绞车运行日志及巡回检查记录',5,'李健',7,'绞车运行日志及巡回检查记录','007','绞车运行日志及巡回检查记录','2014-11-11 08:00:00','准时','7','正常','5.png','null',''),(16665,15,6,'绞车运行日志及巡回检查记录',5,'李健',7,'绞车运行日志及巡回检查记录','007','绞车运行日志及巡回检查记录','2014-11-11 09:00:00','准时','8','正常','5.png','null',''),(16666,16,6,'绞车运行日志及巡回检查记录',5,'李健',7,'绞车运行日志及巡回检查记录','007','绞车运行日志及巡回检查记录','2014-11-11 10:00:00','准时','9','正常','5.png','null',''),(16667,17,6,'绞车运行日志及巡回检查记录',5,'李健',7,'绞车运行日志及巡回检查记录','007','绞车运行日志及巡回检查记录','2014-11-11 11:00:00','准时','10','正常','5.png','null',''),(16668,18,6,'绞车运行日志及巡回检查记录',5,'李健',7,'绞车运行日志及巡回检查记录','007','绞车运行日志及巡回检查记录','2014-11-11 12:00:00','准时','11','正常','5.png','null',''),(16669,19,6,'绞车运行日志及巡回检查记录',5,'李健',7,'绞车运行日志及巡回检查记录','007','绞车运行日志及巡回检查记录','2014-11-11 13:00:00','准时','12','正常','5.png','null',''),(16670,20,6,'绞车运行日志及巡回检查记录',5,'王巍',7,'绞车运行日志及巡回检查记录','007','绞车运行日志及巡回检查记录','2014-11-11 14:00:00','准时','13','正常','5.png','null',''),(16671,21,6,'绞车运行日志及巡回检查记录',5,'王巍',7,'绞车运行日志及巡回检查记录','007','绞车运行日志及巡回检查记录','2014-11-11 15:00:00','准时','14','正常','5.png','null',''),(16672,22,6,'绞车运行日志及巡回检查记录',5,'王巍',7,'绞车运行日志及巡回检查记录','007','绞车运行日志及巡回检查记录','2014-11-11 16:00:00','准时','15','正常','5.png','null',''),(16673,23,6,'绞车运行日志及巡回检查记录',5,'王巍',7,'绞车运行日志及巡回检查记录','007','绞车运行日志及巡回检查记录','2014-11-11 17:00:00','准时','16','正常','5.png','null',''),(16674,24,6,'绞车运行日志及巡回检查记录',5,'王巍',7,'绞车运行日志及巡回检查记录','007','绞车运行日志及巡回检查记录','2014-11-11 18:00:00','准时','17','正常','5.png','null',''),(16675,25,6,'绞车运行日志及巡回检查记录',5,'王巍',7,'绞车运行日志及巡回检查记录','007','绞车运行日志及巡回检查记录','2014-11-11 19:00:00','准时','18','正常','5.png','null',''),(16676,26,6,'绞车运行日志及巡回检查记录',5,'王巍',7,'绞车运行日志及巡回检查记录','007','绞车运行日志及巡回检查记录','2014-11-11 20:00:00','准时','19','正常','5.png','null',''),(16677,27,6,'绞车运行日志及巡回检查记录',5,'王巍',7,'绞车运行日志及巡回检查记录','007','绞车运行日志及巡回检查记录','2014-11-11 21:00:00','准时','20','正常','5.png','null',''),(16678,28,6,'绞车运行日志及巡回检查记录',5,'裴森',7,'绞车运行日志及巡回检查记录','007','绞车运行日志及巡回检查记录','2014-11-11 22:00:00','准时','21','正常','5.png','null',''),(16679,29,6,'绞车运行日志及巡回检查记录',5,'裴森',7,'绞车运行日志及巡回检查记录','007','绞车运行日志及巡回检查记录','2014-11-11 23:00:00','准时','22','正常','5.png','null',''),(16680,30,6,'绞车运行日志及巡回检查记录',5,'裴森',7,'绞车运行日志及巡回检查记录','007','绞车运行日志及巡回检查记录','2014-11-11 00:00:00','准时','23','正常','5.png','null',''),(16681,31,6,'绞车运行日志及巡回检查记录',5,'裴森',7,'绞车运行日志及巡回检查记录','007','绞车运行日志及巡回检查记录','2014-11-11 01:00:00','准时','24','正常','5.png','null',''),(16682,1,7,'提升机安全保护装置检查试验记录',20,'郁奇峰',2,'提升机安全保护装置','002','提升机安全保护装置','2014-11-11 00:00:00','准时','1','正常','20.png','刘博',''),(16683,3,8,'车房电工定期维护检修记录',22,'高义涛',8,'车房电工定期维护检修记录','008','车房电工定期维护检修记录','2014-11-11 00:00:00','准时','1','正常','22.png','null',''),(16684,2,1,'多绳绞车钢丝绳查验记录',16,'李卫',1,'多绳绞车钢丝绳','001','多绳绞车钢丝绳','2014-11-12 00:00:00','准时','1','正常','16.png','刘超',''),(16685,8,2,'提升系统钳工包机日检（一）',8,'左睿',4,'提升系统钳工包机日检（一）','004','提升系统钳工包机日检（一）','2014-11-12 00:00:00','准时','1','正常','8.png','null',''),(16686,7,3,'提升系统钳工包机日检（二）',18,'唐庆恩',5,'提升系统钳工包机日检（二）','005','提升系统钳工包机日检（二）','2014-11-12 00:00:00','准时','1','正常','18.png','null',''),(16689,4,6,'绞车运行日志及巡回检查记录',24,'李乾',7,'绞车运行日志及巡回检查记录','007','绞车运行日志及巡回检查记录','2014-11-12 02:00:00','准时','1','正常','24.png','null',''),(16690,9,6,'绞车运行日志及巡回检查记录',24,'李乾',7,'绞车运行日志及巡回检查记录','007','绞车运行日志及巡回检查记录','2014-11-12 03:00:00','准时','2','正常','24.png','null',''),(16691,10,6,'绞车运行日志及巡回检查记录',24,'李乾',7,'绞车运行日志及巡回检查记录','007','绞车运行日志及巡回检查记录','2014-11-12 04:00:00','准时','3','正常','24.png','null',''),(16692,11,6,'绞车运行日志及巡回检查记录',24,'李乾',7,'绞车运行日志及巡回检查记录','007','绞车运行日志及巡回检查记录','2014-11-12 05:00:00','准时','4','正常','24.png','null',''),(16693,12,6,'绞车运行日志及巡回检查记录',24,'裴森',7,'绞车运行日志及巡回检查记录','007','绞车运行日志及巡回检查记录','2014-11-12 06:00:00','准时','5','正常','24.png','null',''),(16694,13,6,'绞车运行日志及巡回检查记录',24,'裴森',7,'绞车运行日志及巡回检查记录','007','绞车运行日志及巡回检查记录','2014-11-12 07:00:00','准时','6','正常','24.png','null',''),(16695,14,6,'绞车运行日志及巡回检查记录',24,'裴森',7,'绞车运行日志及巡回检查记录','007','绞车运行日志及巡回检查记录','2014-11-12 08:00:00','准时','7','正常','24.png','null',''),(16696,15,6,'绞车运行日志及巡回检查记录',24,'裴森',7,'绞车运行日志及巡回检查记录','007','绞车运行日志及巡回检查记录','2014-11-12 09:00:00','准时','8','正常','24.png','null',''),(16697,16,6,'绞车运行日志及巡回检查记录',24,'裴森',7,'绞车运行日志及巡回检查记录','007','绞车运行日志及巡回检查记录','2014-11-12 10:00:00','准时','9','正常','24.png','null',''),(16698,17,6,'绞车运行日志及巡回检查记录',24,'裴森',7,'绞车运行日志及巡回检查记录','007','绞车运行日志及巡回检查记录','2014-11-12 11:00:00','准时','10','正常','24.png','null',''),(16699,18,6,'绞车运行日志及巡回检查记录',24,'裴森',7,'绞车运行日志及巡回检查记录','007','绞车运行日志及巡回检查记录','2014-11-12 12:00:00','准时','11','正常','24.png','null',''),(16700,19,6,'绞车运行日志及巡回检查记录',24,'裴森',7,'绞车运行日志及巡回检查记录','007','绞车运行日志及巡回检查记录','2014-11-12 13:00:00','准时','12','正常','24.png','null',''),(16701,20,6,'绞车运行日志及巡回检查记录',24,'李健',7,'绞车运行日志及巡回检查记录','007','绞车运行日志及巡回检查记录','2014-11-12 14:00:00','准时','13','正常','24.png','null',''),(16702,21,6,'绞车运行日志及巡回检查记录',24,'李健',7,'绞车运行日志及巡回检查记录','007','绞车运行日志及巡回检查记录','2014-11-12 15:00:00','准时','14','正常','24.png','null',''),(16703,22,6,'绞车运行日志及巡回检查记录',24,'李健',7,'绞车运行日志及巡回检查记录','007','绞车运行日志及巡回检查记录','2014-11-12 16:00:00','准时','15','正常','24.png','null',''),(16704,23,6,'绞车运行日志及巡回检查记录',24,'李健',7,'绞车运行日志及巡回检查记录','007','绞车运行日志及巡回检查记录','2014-11-12 17:00:00','准时','16','正常','24.png','null',''),(16705,24,6,'绞车运行日志及巡回检查记录',24,'李健',7,'绞车运行日志及巡回检查记录','007','绞车运行日志及巡回检查记录','2014-11-12 18:00:00','准时','17','正常','24.png','null',''),(16706,25,6,'绞车运行日志及巡回检查记录',24,'李健',7,'绞车运行日志及巡回检查记录','007','绞车运行日志及巡回检查记录','2014-11-12 19:00:00','准时','18','正常','24.png','null',''),(16707,26,6,'绞车运行日志及巡回检查记录',24,'李健',7,'绞车运行日志及巡回检查记录','007','绞车运行日志及巡回检查记录','2014-11-12 20:00:00','准时','19','正常','24.png','null',''),(16708,27,6,'绞车运行日志及巡回检查记录',24,'李健',7,'绞车运行日志及巡回检查记录','007','绞车运行日志及巡回检查记录','2014-11-12 21:00:00','准时','20','正常','24.png','null',''),(16709,28,6,'绞车运行日志及巡回检查记录',24,'李乾',7,'绞车运行日志及巡回检查记录','007','绞车运行日志及巡回检查记录','2014-11-12 22:00:00','准时','21','正常','24.png','null',''),(16710,29,6,'绞车运行日志及巡回检查记录',24,'李乾',7,'绞车运行日志及巡回检查记录','007','绞车运行日志及巡回检查记录','2014-11-12 23:00:00','准时','22','正常','24.png','null',''),(16711,30,6,'绞车运行日志及巡回检查记录',24,'李乾',7,'绞车运行日志及巡回检查记录','007','绞车运行日志及巡回检查记录','2014-11-12 00:00:00','准时','23','正常','24.png','null',''),(16712,31,6,'绞车运行日志及巡回检查记录',24,'李乾',7,'绞车运行日志及巡回检查记录','007','绞车运行日志及巡回检查记录','2014-11-12 01:00:00','准时','24','正常','24.png','null',''),(16713,1,7,'提升机安全保护装置检查试验记录',22,'高义涛',2,'提升机安全保护装置','002','提升机安全保护装置','2014-11-12 00:00:00','准时','1','正常','22.png','杨磊',''),(16714,3,8,'车房电工定期维护检修记录',21,'石磊',8,'车房电工定期维护检修记录','008','车房电工定期维护检修记录','2014-11-12 00:00:00','准时','1','正常','21.png','null',''),(16715,2,1,'多绳绞车钢丝绳查验记录',14,'刘鹏',1,'多绳绞车钢丝绳','001','多绳绞车钢丝绳','2014-11-13 00:00:00','准时','1','正常','14.png','孟志坚',''),(16716,8,2,'提升系统钳工包机日检（一）',18,'唐庆恩',4,'提升系统钳工包机日检（一）','004','提升系统钳工包机日检（一）','2014-11-13 00:00:00','准时','1','正常','18.png','null',''),(16717,7,3,'提升系统钳工包机日检（二）',17,'刘金伟',5,'提升系统钳工包机日检（二）','005','提升系统钳工包机日检（二）','2014-11-13 00:00:00','准时','1','正常','17.png','null',''),(16720,4,6,'绞车运行日志及巡回检查记录',23,'冯文彦',7,'绞车运行日志及巡回检查记录','007','绞车运行日志及巡回检查记录','2014-11-13 02:00:00','准时','1','正常','23.png','null',''),(16721,9,6,'绞车运行日志及巡回检查记录',23,'冯文彦',7,'绞车运行日志及巡回检查记录','007','绞车运行日志及巡回检查记录','2014-11-13 03:00:00','准时','2','正常','23.png','null',''),(16722,10,6,'绞车运行日志及巡回检查记录',23,'冯文彦',7,'绞车运行日志及巡回检查记录','007','绞车运行日志及巡回检查记录','2014-11-13 04:00:00','准时','3','正常','23.png','null',''),(16723,11,6,'绞车运行日志及巡回检查记录',23,'冯文彦',7,'绞车运行日志及巡回检查记录','007','绞车运行日志及巡回检查记录','2014-11-13 05:00:00','准时','4','正常','23.png','null',''),(16724,12,6,'绞车运行日志及巡回检查记录',23,'李乾',7,'绞车运行日志及巡回检查记录','007','绞车运行日志及巡回检查记录','2014-11-13 06:00:00','准时','5','正常','23.png','null',''),(16725,13,6,'绞车运行日志及巡回检查记录',23,'李乾',7,'绞车运行日志及巡回检查记录','007','绞车运行日志及巡回检查记录','2014-11-13 07:00:00','准时','6','正常','23.png','null',''),(16726,14,6,'绞车运行日志及巡回检查记录',23,'李乾',7,'绞车运行日志及巡回检查记录','007','绞车运行日志及巡回检查记录','2014-11-13 08:00:00','准时','7','正常','23.png','null',''),(16727,15,6,'绞车运行日志及巡回检查记录',23,'李乾',7,'绞车运行日志及巡回检查记录','007','绞车运行日志及巡回检查记录','2014-11-13 09:00:00','准时','8','正常','23.png','null',''),(16728,16,6,'绞车运行日志及巡回检查记录',23,'李乾',7,'绞车运行日志及巡回检查记录','007','绞车运行日志及巡回检查记录','2014-11-13 10:00:00','准时','9','正常','23.png','null',''),(16729,17,6,'绞车运行日志及巡回检查记录',23,'李乾',7,'绞车运行日志及巡回检查记录','007','绞车运行日志及巡回检查记录','2014-11-13 11:00:00','准时','10','正常','23.png','null',''),(16730,18,6,'绞车运行日志及巡回检查记录',23,'李乾',7,'绞车运行日志及巡回检查记录','007','绞车运行日志及巡回检查记录','2014-11-13 12:00:00','准时','11','正常','23.png','null',''),(16731,19,6,'绞车运行日志及巡回检查记录',23,'李乾',7,'绞车运行日志及巡回检查记录','007','绞车运行日志及巡回检查记录','2014-11-13 13:00:00','准时','12','正常','23.png','null',''),(16732,20,6,'绞车运行日志及巡回检查记录',23,'裴森',7,'绞车运行日志及巡回检查记录','007','绞车运行日志及巡回检查记录','2014-11-13 14:00:00','准时','13','正常','23.png','null',''),(16733,21,6,'绞车运行日志及巡回检查记录',23,'裴森',7,'绞车运行日志及巡回检查记录','007','绞车运行日志及巡回检查记录','2014-11-13 15:00:00','准时','14','正常','23.png','null',''),(16734,22,6,'绞车运行日志及巡回检查记录',23,'裴森',7,'绞车运行日志及巡回检查记录','007','绞车运行日志及巡回检查记录','2014-11-13 16:00:00','准时','15','正常','23.png','null',''),(16735,23,6,'绞车运行日志及巡回检查记录',23,'裴森',7,'绞车运行日志及巡回检查记录','007','绞车运行日志及巡回检查记录','2014-11-13 17:00:00','准时','16','正常','23.png','null',''),(16736,24,6,'绞车运行日志及巡回检查记录',23,'裴森',7,'绞车运行日志及巡回检查记录','007','绞车运行日志及巡回检查记录','2014-11-13 18:00:00','准时','17','正常','23.png','null',''),(16737,25,6,'绞车运行日志及巡回检查记录',23,'裴森',7,'绞车运行日志及巡回检查记录','007','绞车运行日志及巡回检查记录','2014-11-13 19:00:00','准时','18','正常','23.png','null',''),(16738,26,6,'绞车运行日志及巡回检查记录',23,'裴森',7,'绞车运行日志及巡回检查记录','007','绞车运行日志及巡回检查记录','2014-11-13 20:00:00','准时','19','正常','23.png','null',''),(16739,27,6,'绞车运行日志及巡回检查记录',23,'裴森',7,'绞车运行日志及巡回检查记录','007','绞车运行日志及巡回检查记录','2014-11-13 21:00:00','准时','20','正常','23.png','null',''),(16740,28,6,'绞车运行日志及巡回检查记录',23,'冯文彦',7,'绞车运行日志及巡回检查记录','007','绞车运行日志及巡回检查记录','2014-11-13 22:00:00','准时','21','正常','23.png','null',''),(16741,29,6,'绞车运行日志及巡回检查记录',23,'冯文彦',7,'绞车运行日志及巡回检查记录','007','绞车运行日志及巡回检查记录','2014-11-13 23:00:00','准时','22','正常','23.png','null',''),(16742,30,6,'绞车运行日志及巡回检查记录',23,'冯文彦',7,'绞车运行日志及巡回检查记录','007','绞车运行日志及巡回检查记录','2014-11-13 00:00:00','准时','23','正常','23.png','null',''),(16743,31,6,'绞车运行日志及巡回检查记录',23,'冯文彦',7,'绞车运行日志及巡回检查记录','007','绞车运行日志及巡回检查记录','2014-11-13 01:00:00','准时','24','正常','23.png','null',''),(16744,1,7,'提升机安全保护装置检查试验记录',20,'郁奇峰',2,'提升机安全保护装置','002','提升机安全保护装置','2014-11-13 00:00:00','准时','1','正常','20.png','刘博',''),(16745,3,8,'车房电工定期维护检修记录',21,'石磊',8,'车房电工定期维护检修记录','008','车房电工定期维护检修记录','2014-11-13 00:00:00','准时','1','正常','21.png','null',''),(16746,2,1,'多绳绞车钢丝绳查验记录',14,'刘鹏',1,'多绳绞车钢丝绳','001','多绳绞车钢丝绳','2014-11-14 00:00:00','准时','1','正常','14.png','孟志坚',''),(16747,8,2,'提升系统钳工包机日检（一）',18,'唐庆恩',4,'提升系统钳工包机日检（一）','004','提升系统钳工包机日检（一）','2014-11-14 00:00:00','准时','1','正常','18.png','null',''),(16748,7,3,'提升系统钳工包机日检（二）',18,'唐庆恩',5,'提升系统钳工包机日检（二）','005','提升系统钳工包机日检（二）','2014-11-14 00:00:00','准时','1','正常','18.png','null',''),(16751,4,6,'绞车运行日志及巡回检查记录',24,'李乾',7,'绞车运行日志及巡回检查记录','007','绞车运行日志及巡回检查记录','2014-11-14 02:00:00','准时','1','正常','24.png','null',''),(16752,9,6,'绞车运行日志及巡回检查记录',24,'李乾',7,'绞车运行日志及巡回检查记录','007','绞车运行日志及巡回检查记录','2014-11-14 03:00:00','准时','2','正常','24.png','null',''),(16753,10,6,'绞车运行日志及巡回检查记录',24,'李乾',7,'绞车运行日志及巡回检查记录','007','绞车运行日志及巡回检查记录','2014-11-14 04:00:00','准时','3','正常','24.png','null',''),(16754,11,6,'绞车运行日志及巡回检查记录',24,'李乾',7,'绞车运行日志及巡回检查记录','007','绞车运行日志及巡回检查记录','2014-11-14 05:00:00','准时','4','正常','24.png','null',''),(16755,12,6,'绞车运行日志及巡回检查记录',24,'裴森',7,'绞车运行日志及巡回检查记录','007','绞车运行日志及巡回检查记录','2014-11-14 06:00:00','准时','5','正常','24.png','null',''),(16756,13,6,'绞车运行日志及巡回检查记录',24,'裴森',7,'绞车运行日志及巡回检查记录','007','绞车运行日志及巡回检查记录','2014-11-14 07:00:00','准时','6','正常','24.png','null',''),(16757,14,6,'绞车运行日志及巡回检查记录',24,'裴森',7,'绞车运行日志及巡回检查记录','007','绞车运行日志及巡回检查记录','2014-11-14 08:00:00','准时','7','正常','24.png','null',''),(16758,15,6,'绞车运行日志及巡回检查记录',24,'裴森',7,'绞车运行日志及巡回检查记录','007','绞车运行日志及巡回检查记录','2014-11-14 09:00:00','准时','8','正常','24.png','null',''),(16759,16,6,'绞车运行日志及巡回检查记录',24,'裴森',7,'绞车运行日志及巡回检查记录','007','绞车运行日志及巡回检查记录','2014-11-14 10:00:00','准时','9','正常','24.png','null',''),(16760,17,6,'绞车运行日志及巡回检查记录',24,'裴森',7,'绞车运行日志及巡回检查记录','007','绞车运行日志及巡回检查记录','2014-11-14 11:00:00','准时','10','正常','24.png','null',''),(16761,18,6,'绞车运行日志及巡回检查记录',24,'裴森',7,'绞车运行日志及巡回检查记录','007','绞车运行日志及巡回检查记录','2014-11-14 12:00:00','准时','11','正常','24.png','null',''),(16762,19,6,'绞车运行日志及巡回检查记录',24,'裴森',7,'绞车运行日志及巡回检查记录','007','绞车运行日志及巡回检查记录','2014-11-14 13:00:00','准时','12','正常','24.png','null',''),(16763,20,6,'绞车运行日志及巡回检查记录',24,'李健',7,'绞车运行日志及巡回检查记录','007','绞车运行日志及巡回检查记录','2014-11-14 14:00:00','准时','13','正常','24.png','null',''),(16764,21,6,'绞车运行日志及巡回检查记录',24,'李健',7,'绞车运行日志及巡回检查记录','007','绞车运行日志及巡回检查记录','2014-11-14 15:00:00','准时','14','正常','24.png','null',''),(16765,22,6,'绞车运行日志及巡回检查记录',24,'李健',7,'绞车运行日志及巡回检查记录','007','绞车运行日志及巡回检查记录','2014-11-14 16:00:00','准时','15','正常','24.png','null',''),(16766,23,6,'绞车运行日志及巡回检查记录',24,'李健',7,'绞车运行日志及巡回检查记录','007','绞车运行日志及巡回检查记录','2014-11-14 17:00:00','准时','16','正常','24.png','null',''),(16767,24,6,'绞车运行日志及巡回检查记录',24,'李健',7,'绞车运行日志及巡回检查记录','007','绞车运行日志及巡回检查记录','2014-11-14 18:00:00','准时','17','正常','24.png','null',''),(16768,25,6,'绞车运行日志及巡回检查记录',24,'李健',7,'绞车运行日志及巡回检查记录','007','绞车运行日志及巡回检查记录','2014-11-14 19:00:00','准时','18','正常','24.png','null',''),(16769,26,6,'绞车运行日志及巡回检查记录',24,'李健',7,'绞车运行日志及巡回检查记录','007','绞车运行日志及巡回检查记录','2014-11-14 20:00:00','准时','19','正常','24.png','null',''),(16770,27,6,'绞车运行日志及巡回检查记录',24,'李健',7,'绞车运行日志及巡回检查记录','007','绞车运行日志及巡回检查记录','2014-11-14 21:00:00','准时','20','正常','24.png','null',''),(16771,28,6,'绞车运行日志及巡回检查记录',24,'李乾',7,'绞车运行日志及巡回检查记录','007','绞车运行日志及巡回检查记录','2014-11-14 22:00:00','准时','21','正常','24.png','null',''),(16772,29,6,'绞车运行日志及巡回检查记录',24,'李乾',7,'绞车运行日志及巡回检查记录','007','绞车运行日志及巡回检查记录','2014-11-14 23:00:00','准时','22','正常','24.png','null',''),(16773,30,6,'绞车运行日志及巡回检查记录',24,'李乾',7,'绞车运行日志及巡回检查记录','007','绞车运行日志及巡回检查记录','2014-11-14 00:00:00','准时','23','正常','24.png','null',''),(16774,31,6,'绞车运行日志及巡回检查记录',24,'李乾',7,'绞车运行日志及巡回检查记录','007','绞车运行日志及巡回检查记录','2014-11-14 01:00:00','准时','24','正常','24.png','null',''),(16775,1,7,'提升机安全保护装置检查试验记录',20,'郁奇峰',2,'提升机安全保护装置','002','提升机安全保护装置','2014-11-14 00:00:00','准时','1','正常','20.png','刘博',''),(16776,3,8,'车房电工定期维护检修记录',20,'郁奇峰',8,'车房电工定期维护检修记录','008','车房电工定期维护检修记录','2014-11-14 00:00:00','准时','1','正常','20.png','null',''),(16777,2,1,'多绳绞车钢丝绳查验记录',13,'谷银桥',1,'多绳绞车钢丝绳','001','多绳绞车钢丝绳','2014-11-15 00:00:00','准时','1','正常','13.png','郑威',''),(16778,8,2,'提升系统钳工包机日检（一）',18,'唐庆恩',4,'提升系统钳工包机日检（一）','004','提升系统钳工包机日检（一）','2014-11-15 00:00:00','准时','1','正常','18.png','null',''),(16779,7,3,'提升系统钳工包机日检（二）',18,'唐庆恩',5,'提升系统钳工包机日检（二）','005','提升系统钳工包机日检（二）','2014-11-15 00:00:00','准时','1','正常','18.png','null',''),(16782,4,6,'绞车运行日志及巡回检查记录',23,'冯文彦',7,'绞车运行日志及巡回检查记录','007','绞车运行日志及巡回检查记录','2014-11-15 02:00:00','准时','1','正常','23.png','null',''),(16783,9,6,'绞车运行日志及巡回检查记录',23,'冯文彦',7,'绞车运行日志及巡回检查记录','007','绞车运行日志及巡回检查记录','2014-11-15 03:00:00','准时','2','正常','23.png','null',''),(16784,10,6,'绞车运行日志及巡回检查记录',23,'冯文彦',7,'绞车运行日志及巡回检查记录','007','绞车运行日志及巡回检查记录','2014-11-15 04:00:00','准时','3','正常','23.png','null',''),(16785,11,6,'绞车运行日志及巡回检查记录',23,'冯文彦',7,'绞车运行日志及巡回检查记录','007','绞车运行日志及巡回检查记录','2014-11-15 05:00:00','准时','4','正常','23.png','null',''),(16786,12,6,'绞车运行日志及巡回检查记录',23,'李乾',7,'绞车运行日志及巡回检查记录','007','绞车运行日志及巡回检查记录','2014-11-15 06:00:00','准时','5','正常','23.png','null',''),(16787,13,6,'绞车运行日志及巡回检查记录',23,'李乾',7,'绞车运行日志及巡回检查记录','007','绞车运行日志及巡回检查记录','2014-11-15 07:00:00','准时','6','正常','23.png','null',''),(16788,14,6,'绞车运行日志及巡回检查记录',23,'李乾',7,'绞车运行日志及巡回检查记录','007','绞车运行日志及巡回检查记录','2014-11-15 08:00:00','准时','7','正常','23.png','null',''),(16789,15,6,'绞车运行日志及巡回检查记录',23,'李乾',7,'绞车运行日志及巡回检查记录','007','绞车运行日志及巡回检查记录','2014-11-15 09:00:00','准时','8','正常','23.png','null',''),(16790,16,6,'绞车运行日志及巡回检查记录',23,'李乾',7,'绞车运行日志及巡回检查记录','007','绞车运行日志及巡回检查记录','2014-11-15 10:00:00','准时','9','正常','23.png','null',''),(16791,17,6,'绞车运行日志及巡回检查记录',23,'李乾',7,'绞车运行日志及巡回检查记录','007','绞车运行日志及巡回检查记录','2014-11-15 11:00:00','准时','10','正常','23.png','null',''),(16792,18,6,'绞车运行日志及巡回检查记录',23,'李乾',7,'绞车运行日志及巡回检查记录','007','绞车运行日志及巡回检查记录','2014-11-15 12:00:00','准时','11','正常','23.png','null',''),(16793,19,6,'绞车运行日志及巡回检查记录',23,'李乾',7,'绞车运行日志及巡回检查记录','007','绞车运行日志及巡回检查记录','2014-11-15 13:00:00','准时','12','正常','23.png','null',''),(16794,20,6,'绞车运行日志及巡回检查记录',23,'裴森',7,'绞车运行日志及巡回检查记录','007','绞车运行日志及巡回检查记录','2014-11-15 14:00:00','准时','13','正常','23.png','null',''),(16795,21,6,'绞车运行日志及巡回检查记录',23,'裴森',7,'绞车运行日志及巡回检查记录','007','绞车运行日志及巡回检查记录','2014-11-15 15:00:00','准时','14','正常','23.png','null',''),(16796,22,6,'绞车运行日志及巡回检查记录',23,'裴森',7,'绞车运行日志及巡回检查记录','007','绞车运行日志及巡回检查记录','2014-11-15 16:00:00','准时','15','正常','23.png','null',''),(16797,23,6,'绞车运行日志及巡回检查记录',23,'裴森',7,'绞车运行日志及巡回检查记录','007','绞车运行日志及巡回检查记录','2014-11-15 17:00:00','准时','16','正常','23.png','null',''),(16798,24,6,'绞车运行日志及巡回检查记录',23,'裴森',7,'绞车运行日志及巡回检查记录','007','绞车运行日志及巡回检查记录','2014-11-15 18:00:00','准时','17','正常','23.png','null',''),(16799,25,6,'绞车运行日志及巡回检查记录',23,'裴森',7,'绞车运行日志及巡回检查记录','007','绞车运行日志及巡回检查记录','2014-11-15 19:00:00','准时','18','正常','23.png','null',''),(16800,26,6,'绞车运行日志及巡回检查记录',23,'裴森',7,'绞车运行日志及巡回检查记录','007','绞车运行日志及巡回检查记录','2014-11-15 20:00:00','准时','19','正常','23.png','null',''),(16801,27,6,'绞车运行日志及巡回检查记录',23,'裴森',7,'绞车运行日志及巡回检查记录','007','绞车运行日志及巡回检查记录','2014-11-15 21:00:00','准时','20','正常','23.png','null',''),(16802,28,6,'绞车运行日志及巡回检查记录',23,'冯文彦',7,'绞车运行日志及巡回检查记录','007','绞车运行日志及巡回检查记录','2014-11-15 22:00:00','准时','21','正常','23.png','null',''),(16803,29,6,'绞车运行日志及巡回检查记录',23,'冯文彦',7,'绞车运行日志及巡回检查记录','007','绞车运行日志及巡回检查记录','2014-11-15 23:00:00','准时','22','正常','23.png','null',''),(16804,30,6,'绞车运行日志及巡回检查记录',23,'冯文彦',7,'绞车运行日志及巡回检查记录','007','绞车运行日志及巡回检查记录','2014-11-15 00:00:00','准时','23','正常','23.png','null',''),(16805,31,6,'绞车运行日志及巡回检查记录',23,'冯文彦',7,'绞车运行日志及巡回检查记录','007','绞车运行日志及巡回检查记录','2014-11-15 01:00:00','准时','24','正常','23.png','null',''),(16806,1,7,'提升机安全保护装置检查试验记录',20,'郁奇峰',2,'提升机安全保护装置','002','提升机安全保护装置','2014-11-15 00:00:00','准时','1','正常','20.png','王春青',''),(16807,3,8,'车房电工定期维护检修记录',21,'石磊',8,'车房电工定期维护检修记录','008','车房电工定期维护检修记录','2014-11-15 00:00:00','准时','1','正常','21.png','null',''),(16808,2,1,'多绳绞车钢丝绳查验记录',15,'牛利生',1,'多绳绞车钢丝绳','001','多绳绞车钢丝绳','2014-11-16 00:00:00','准时','1','正常','15.png','王春青',''),(16809,8,2,'提升系统钳工包机日检（一）',17,'刘金伟',4,'提升系统钳工包机日检（一）','004','提升系统钳工包机日检（一）','2014-11-16 00:00:00','准时','1','正常','17.png','null',''),(16810,7,3,'提升系统钳工包机日检（二）',17,'刘金伟',5,'提升系统钳工包机日检（二）','005','提升系统钳工包机日检（二）','2014-11-16 00:00:00','准时','1','正常','17.png','null',''),(16811,6,4,'提升系统钳工周检',12,'高岭',6,'提升系统钳工周检','006','提升系统钳工周检','2014-11-10 00:00:00','准时','1','正常','12.png','null',''),(16812,5,5,'提升系统起重工周检',16,'李卫',3,'提升系统起重工周检','003','提升系统起重工周检','2014-11-10 00:00:00','准时','1','正常','16.png','null',''),(16813,4,6,'绞车运行日志及巡回检查记录',5,'裴森',7,'绞车运行日志及巡回检查记录','007','绞车运行日志及巡回检查记录','2014-11-16 02:00:00','准时','1','正常','5.png','null',''),(16814,9,6,'绞车运行日志及巡回检查记录',5,'裴森',7,'绞车运行日志及巡回检查记录','007','绞车运行日志及巡回检查记录','2014-11-16 03:00:00','准时','2','正常','5.png','null',''),(16815,10,6,'绞车运行日志及巡回检查记录',5,'裴森',7,'绞车运行日志及巡回检查记录','007','绞车运行日志及巡回检查记录','2014-11-16 04:00:00','准时','3','正常','5.png','null',''),(16816,11,6,'绞车运行日志及巡回检查记录',5,'裴森',7,'绞车运行日志及巡回检查记录','007','绞车运行日志及巡回检查记录','2014-11-16 05:00:00','准时','4','正常','5.png','null',''),(16817,12,6,'绞车运行日志及巡回检查记录',5,'李健',7,'绞车运行日志及巡回检查记录','007','绞车运行日志及巡回检查记录','2014-11-16 06:00:00','准时','5','正常','5.png','null',''),(16818,13,6,'绞车运行日志及巡回检查记录',5,'李健',7,'绞车运行日志及巡回检查记录','007','绞车运行日志及巡回检查记录','2014-11-16 07:00:00','准时','6','正常','5.png','null',''),(16819,14,6,'绞车运行日志及巡回检查记录',5,'李健',7,'绞车运行日志及巡回检查记录','007','绞车运行日志及巡回检查记录','2014-11-16 08:00:00','准时','7','正常','5.png','null',''),(16820,15,6,'绞车运行日志及巡回检查记录',5,'李健',7,'绞车运行日志及巡回检查记录','007','绞车运行日志及巡回检查记录','2014-11-16 09:00:00','准时','8','正常','5.png','null',''),(16821,16,6,'绞车运行日志及巡回检查记录',5,'李健',7,'绞车运行日志及巡回检查记录','007','绞车运行日志及巡回检查记录','2014-11-16 10:00:00','准时','9','正常','5.png','null',''),(16822,17,6,'绞车运行日志及巡回检查记录',5,'李健',7,'绞车运行日志及巡回检查记录','007','绞车运行日志及巡回检查记录','2014-11-16 11:00:00','准时','10','正常','5.png','null',''),(16823,18,6,'绞车运行日志及巡回检查记录',5,'李健',7,'绞车运行日志及巡回检查记录','007','绞车运行日志及巡回检查记录','2014-11-16 12:00:00','准时','11','正常','5.png','null',''),(16824,19,6,'绞车运行日志及巡回检查记录',5,'李健',7,'绞车运行日志及巡回检查记录','007','绞车运行日志及巡回检查记录','2014-11-16 13:00:00','准时','12','正常','5.png','null',''),(16825,20,6,'绞车运行日志及巡回检查记录',5,'王巍',7,'绞车运行日志及巡回检查记录','007','绞车运行日志及巡回检查记录','2014-11-16 14:00:00','准时','13','正常','5.png','null',''),(16826,21,6,'绞车运行日志及巡回检查记录',5,'王巍',7,'绞车运行日志及巡回检查记录','007','绞车运行日志及巡回检查记录','2014-11-16 15:00:00','准时','14','正常','5.png','null',''),(16827,22,6,'绞车运行日志及巡回检查记录',5,'王巍',7,'绞车运行日志及巡回检查记录','007','绞车运行日志及巡回检查记录','2014-11-16 16:00:00','准时','15','正常','5.png','null',''),(16828,23,6,'绞车运行日志及巡回检查记录',5,'王巍',7,'绞车运行日志及巡回检查记录','007','绞车运行日志及巡回检查记录','2014-11-16 17:00:00','准时','16','正常','5.png','null',''),(16829,24,6,'绞车运行日志及巡回检查记录',5,'王巍',7,'绞车运行日志及巡回检查记录','007','绞车运行日志及巡回检查记录','2014-11-16 18:00:00','准时','17','正常','5.png','null',''),(16830,25,6,'绞车运行日志及巡回检查记录',5,'王巍',7,'绞车运行日志及巡回检查记录','007','绞车运行日志及巡回检查记录','2014-11-16 19:00:00','准时','18','正常','5.png','null',''),(16831,26,6,'绞车运行日志及巡回检查记录',5,'王巍',7,'绞车运行日志及巡回检查记录','007','绞车运行日志及巡回检查记录','2014-11-16 20:00:00','准时','19','正常','5.png','null',''),(16832,27,6,'绞车运行日志及巡回检查记录',5,'王巍',7,'绞车运行日志及巡回检查记录','007','绞车运行日志及巡回检查记录','2014-11-16 21:00:00','准时','20','正常','5.png','null',''),(16833,28,6,'绞车运行日志及巡回检查记录',5,'裴森',7,'绞车运行日志及巡回检查记录','007','绞车运行日志及巡回检查记录','2014-11-16 22:00:00','准时','21','正常','5.png','null',''),(16834,29,6,'绞车运行日志及巡回检查记录',5,'裴森',7,'绞车运行日志及巡回检查记录','007','绞车运行日志及巡回检查记录','2014-11-16 23:00:00','准时','22','正常','5.png','null',''),(16835,30,6,'绞车运行日志及巡回检查记录',5,'裴森',7,'绞车运行日志及巡回检查记录','007','绞车运行日志及巡回检查记录','2014-11-16 00:00:00','准时','23','正常','5.png','null',''),(16836,31,6,'绞车运行日志及巡回检查记录',5,'裴森',7,'绞车运行日志及巡回检查记录','007','绞车运行日志及巡回检查记录','2014-11-16 01:00:00','准时','24','正常','5.png','null',''),(16837,1,7,'提升机安全保护装置检查试验记录',22,'高义涛',2,'提升机安全保护装置','002','提升机安全保护装置','2014-11-16 00:00:00','准时','1','正常','22.png','王春青',''),(16838,3,8,'车房电工定期维护检修记录',20,'郁奇峰',8,'车房电工定期维护检修记录','008','车房电工定期维护检修记录','2014-11-16 00:00:00','准时','1','正常','20.png','null',''),(16839,2,1,'多绳绞车钢丝绳查验记录',11,'葛鑫',1,'多绳绞车钢丝绳','001','多绳绞车钢丝绳','2014-11-17 00:00:00','准时','1','正常','11.png','郑威',''),(16840,8,2,'提升系统钳工包机日检（一）',18,'唐庆恩',4,'提升系统钳工包机日检（一）','004','提升系统钳工包机日检（一）','2014-11-17 00:00:00','准时','1','正常','18.png','null',''),(16841,7,3,'提升系统钳工包机日检（二）',18,'唐庆恩',5,'提升系统钳工包机日检（二）','005','提升系统钳工包机日检（二）','2014-11-17 00:00:00','准时','1','正常','18.png','null',''),(16844,4,6,'绞车运行日志及巡回检查记录',5,'裴森',7,'绞车运行日志及巡回检查记录','007','绞车运行日志及巡回检查记录','2014-11-17 02:00:00','准时','1','正常','5.png','null',''),(16845,9,6,'绞车运行日志及巡回检查记录',5,'裴森',7,'绞车运行日志及巡回检查记录','007','绞车运行日志及巡回检查记录','2014-11-17 03:00:00','准时','2','正常','5.png','null',''),(16846,10,6,'绞车运行日志及巡回检查记录',5,'裴森',7,'绞车运行日志及巡回检查记录','007','绞车运行日志及巡回检查记录','2014-11-17 04:00:00','准时','3','正常','5.png','null',''),(16847,11,6,'绞车运行日志及巡回检查记录',5,'裴森',7,'绞车运行日志及巡回检查记录','007','绞车运行日志及巡回检查记录','2014-11-17 05:00:00','准时','4','正常','5.png','null',''),(16848,12,6,'绞车运行日志及巡回检查记录',5,'李健',7,'绞车运行日志及巡回检查记录','007','绞车运行日志及巡回检查记录','2014-11-17 06:00:00','准时','5','正常','5.png','null',''),(16849,13,6,'绞车运行日志及巡回检查记录',5,'李健',7,'绞车运行日志及巡回检查记录','007','绞车运行日志及巡回检查记录','2014-11-17 07:00:00','准时','6','正常','5.png','null',''),(16850,14,6,'绞车运行日志及巡回检查记录',5,'李健',7,'绞车运行日志及巡回检查记录','007','绞车运行日志及巡回检查记录','2014-11-17 08:00:00','准时','7','正常','5.png','null',''),(16851,15,6,'绞车运行日志及巡回检查记录',5,'李健',7,'绞车运行日志及巡回检查记录','007','绞车运行日志及巡回检查记录','2014-11-17 09:00:00','准时','8','正常','5.png','null',''),(16852,16,6,'绞车运行日志及巡回检查记录',5,'李健',7,'绞车运行日志及巡回检查记录','007','绞车运行日志及巡回检查记录','2014-11-17 10:00:00','准时','9','正常','5.png','null',''),(16853,17,6,'绞车运行日志及巡回检查记录',5,'李健',7,'绞车运行日志及巡回检查记录','007','绞车运行日志及巡回检查记录','2014-11-17 11:00:00','准时','10','正常','5.png','null',''),(16854,18,6,'绞车运行日志及巡回检查记录',5,'李健',7,'绞车运行日志及巡回检查记录','007','绞车运行日志及巡回检查记录','2014-11-17 12:00:00','准时','11','正常','5.png','null',''),(16855,19,6,'绞车运行日志及巡回检查记录',5,'李健',7,'绞车运行日志及巡回检查记录','007','绞车运行日志及巡回检查记录','2014-11-17 13:00:00','准时','12','正常','5.png','null',''),(16856,20,6,'绞车运行日志及巡回检查记录',5,'王巍',7,'绞车运行日志及巡回检查记录','007','绞车运行日志及巡回检查记录','2014-11-17 14:00:00','准时','13','正常','5.png','null',''),(16857,21,6,'绞车运行日志及巡回检查记录',5,'王巍',7,'绞车运行日志及巡回检查记录','007','绞车运行日志及巡回检查记录','2014-11-17 15:00:00','准时','14','正常','5.png','null',''),(16858,22,6,'绞车运行日志及巡回检查记录',5,'王巍',7,'绞车运行日志及巡回检查记录','007','绞车运行日志及巡回检查记录','2014-11-17 16:00:00','准时','15','正常','5.png','null',''),(16859,23,6,'绞车运行日志及巡回检查记录',5,'王巍',7,'绞车运行日志及巡回检查记录','007','绞车运行日志及巡回检查记录','2014-11-17 17:00:00','准时','16','正常','5.png','null',''),(16860,24,6,'绞车运行日志及巡回检查记录',5,'王巍',7,'绞车运行日志及巡回检查记录','007','绞车运行日志及巡回检查记录','2014-11-17 18:00:00','准时','17','正常','5.png','null',''),(16861,25,6,'绞车运行日志及巡回检查记录',5,'王巍',7,'绞车运行日志及巡回检查记录','007','绞车运行日志及巡回检查记录','2014-11-17 19:00:00','准时','18','正常','5.png','null',''),(16862,26,6,'绞车运行日志及巡回检查记录',5,'王巍',7,'绞车运行日志及巡回检查记录','007','绞车运行日志及巡回检查记录','2014-11-17 20:00:00','准时','19','正常','5.png','null',''),(16863,27,6,'绞车运行日志及巡回检查记录',5,'王巍',7,'绞车运行日志及巡回检查记录','007','绞车运行日志及巡回检查记录','2014-11-17 21:00:00','准时','20','正常','5.png','null',''),(16864,28,6,'绞车运行日志及巡回检查记录',5,'裴森',7,'绞车运行日志及巡回检查记录','007','绞车运行日志及巡回检查记录','2014-11-17 22:00:00','准时','21','正常','5.png','null',''),(16865,29,6,'绞车运行日志及巡回检查记录',5,'裴森',7,'绞车运行日志及巡回检查记录','007','绞车运行日志及巡回检查记录','2014-11-17 23:00:00','准时','22','正常','5.png','null',''),(16866,30,6,'绞车运行日志及巡回检查记录',5,'裴森',7,'绞车运行日志及巡回检查记录','007','绞车运行日志及巡回检查记录','2014-11-17 00:00:00','准时','23','正常','5.png','null',''),(16867,31,6,'绞车运行日志及巡回检查记录',5,'裴森',7,'绞车运行日志及巡回检查记录','007','绞车运行日志及巡回检查记录','2014-11-17 01:00:00','准时','24','正常','5.png','null',''),(16868,1,7,'提升机安全保护装置检查试验记录',20,'郁奇峰',2,'提升机安全保护装置','002','提升机安全保护装置','2014-11-17 00:00:00','准时','1','正常','20.png','王春青',''),(16869,3,8,'车房电工定期维护检修记录',21,'石磊',8,'车房电工定期维护检修记录','008','车房电工定期维护检修记录','2014-11-17 00:00:00','准时','1','正常','21.png','null',''),(16870,2,1,'多绳绞车钢丝绳查验记录',13,'谷银桥',1,'多绳绞车钢丝绳','001','多绳绞车钢丝绳','2014-11-18 00:00:00','准时','1','正常','13.png','王春青',''),(16871,8,2,'提升系统钳工包机日检（一）',12,'高岭',4,'提升系统钳工包机日检（一）','004','提升系统钳工包机日检（一）','2014-11-18 00:00:00','准时','1','正常','12.png','null',''),(16872,7,3,'提升系统钳工包机日检（二）',17,'刘金伟',5,'提升系统钳工包机日检（二）','005','提升系统钳工包机日检（二）','2014-11-18 00:00:00','准时','1','正常','17.png','null',''),(16875,4,6,'绞车运行日志及巡回检查记录',24,'李乾',7,'绞车运行日志及巡回检查记录','007','绞车运行日志及巡回检查记录','2014-11-18 02:00:00','准时','1','正常','24.png','null',''),(16876,9,6,'绞车运行日志及巡回检查记录',24,'李乾',7,'绞车运行日志及巡回检查记录','007','绞车运行日志及巡回检查记录','2014-11-18 03:00:00','准时','2','正常','24.png','null',''),(16877,10,6,'绞车运行日志及巡回检查记录',24,'李乾',7,'绞车运行日志及巡回检查记录','007','绞车运行日志及巡回检查记录','2014-11-18 04:00:00','准时','3','正常','24.png','null',''),(16878,11,6,'绞车运行日志及巡回检查记录',24,'李乾',7,'绞车运行日志及巡回检查记录','007','绞车运行日志及巡回检查记录','2014-11-18 05:00:00','准时','4','正常','24.png','null',''),(16879,12,6,'绞车运行日志及巡回检查记录',24,'裴森',7,'绞车运行日志及巡回检查记录','007','绞车运行日志及巡回检查记录','2014-11-18 06:00:00','准时','5','正常','24.png','null',''),(16880,13,6,'绞车运行日志及巡回检查记录',24,'裴森',7,'绞车运行日志及巡回检查记录','007','绞车运行日志及巡回检查记录','2014-11-18 07:00:00','准时','6','正常','24.png','null',''),(16881,14,6,'绞车运行日志及巡回检查记录',24,'裴森',7,'绞车运行日志及巡回检查记录','007','绞车运行日志及巡回检查记录','2014-11-18 08:00:00','准时','7','正常','24.png','null',''),(16882,15,6,'绞车运行日志及巡回检查记录',24,'裴森',7,'绞车运行日志及巡回检查记录','007','绞车运行日志及巡回检查记录','2014-11-18 09:00:00','准时','8','正常','24.png','null',''),(16883,16,6,'绞车运行日志及巡回检查记录',24,'裴森',7,'绞车运行日志及巡回检查记录','007','绞车运行日志及巡回检查记录','2014-11-18 10:00:00','准时','9','正常','24.png','null',''),(16884,17,6,'绞车运行日志及巡回检查记录',24,'裴森',7,'绞车运行日志及巡回检查记录','007','绞车运行日志及巡回检查记录','2014-11-18 11:00:00','准时','10','正常','24.png','null',''),(16885,18,6,'绞车运行日志及巡回检查记录',24,'裴森',7,'绞车运行日志及巡回检查记录','007','绞车运行日志及巡回检查记录','2014-11-18 12:00:00','准时','11','正常','24.png','null',''),(16886,19,6,'绞车运行日志及巡回检查记录',24,'裴森',7,'绞车运行日志及巡回检查记录','007','绞车运行日志及巡回检查记录','2014-11-18 13:00:00','准时','12','正常','24.png','null',''),(16887,20,6,'绞车运行日志及巡回检查记录',24,'李健',7,'绞车运行日志及巡回检查记录','007','绞车运行日志及巡回检查记录','2014-11-18 14:00:00','准时','13','正常','24.png','null',''),(16888,21,6,'绞车运行日志及巡回检查记录',24,'李健',7,'绞车运行日志及巡回检查记录','007','绞车运行日志及巡回检查记录','2014-11-18 15:00:00','准时','14','正常','24.png','null',''),(16889,22,6,'绞车运行日志及巡回检查记录',24,'李健',7,'绞车运行日志及巡回检查记录','007','绞车运行日志及巡回检查记录','2014-11-18 16:00:00','准时','15','正常','24.png','null',''),(16890,23,6,'绞车运行日志及巡回检查记录',24,'李健',7,'绞车运行日志及巡回检查记录','007','绞车运行日志及巡回检查记录','2014-11-18 17:00:00','准时','16','正常','24.png','null',''),(16891,24,6,'绞车运行日志及巡回检查记录',24,'李健',7,'绞车运行日志及巡回检查记录','007','绞车运行日志及巡回检查记录','2014-11-18 18:00:00','准时','17','正常','24.png','null',''),(16892,25,6,'绞车运行日志及巡回检查记录',24,'李健',7,'绞车运行日志及巡回检查记录','007','绞车运行日志及巡回检查记录','2014-11-18 19:00:00','准时','18','正常','24.png','null',''),(16893,26,6,'绞车运行日志及巡回检查记录',24,'李健',7,'绞车运行日志及巡回检查记录','007','绞车运行日志及巡回检查记录','2014-11-18 20:00:00','准时','19','正常','24.png','null',''),(16894,27,6,'绞车运行日志及巡回检查记录',24,'李健',7,'绞车运行日志及巡回检查记录','007','绞车运行日志及巡回检查记录','2014-11-18 21:00:00','准时','20','正常','24.png','null',''),(16895,28,6,'绞车运行日志及巡回检查记录',24,'李乾',7,'绞车运行日志及巡回检查记录','007','绞车运行日志及巡回检查记录','2014-11-18 22:00:00','准时','21','正常','24.png','null',''),(16896,29,6,'绞车运行日志及巡回检查记录',24,'李乾',7,'绞车运行日志及巡回检查记录','007','绞车运行日志及巡回检查记录','2014-11-18 23:00:00','准时','22','正常','24.png','null',''),(16897,30,6,'绞车运行日志及巡回检查记录',24,'李乾',7,'绞车运行日志及巡回检查记录','007','绞车运行日志及巡回检查记录','2014-11-18 00:00:00','准时','23','正常','24.png','null',''),(16898,31,6,'绞车运行日志及巡回检查记录',24,'李乾',7,'绞车运行日志及巡回检查记录','007','绞车运行日志及巡回检查记录','2014-11-18 01:00:00','准时','24','正常','24.png','null',''),(16899,1,7,'提升机安全保护装置检查试验记录',22,'高义涛',2,'提升机安全保护装置','002','提升机安全保护装置','2014-11-18 00:00:00','准时','1','正常','22.png','郑威',''),(16900,3,8,'车房电工定期维护检修记录',22,'高义涛',8,'车房电工定期维护检修记录','008','车房电工定期维护检修记录','2014-11-18 00:00:00','准时','1','正常','22.png','null',''),(16901,2,1,'多绳绞车钢丝绳查验记录',11,'葛鑫',1,'多绳绞车钢丝绳','001','多绳绞车钢丝绳','2014-11-19 00:00:00','准时','1','正常','11.png','孟志坚',''),(16902,8,2,'提升系统钳工包机日检（一）',12,'高岭',4,'提升系统钳工包机日检（一）','004','提升系统钳工包机日检（一）','2014-11-19 00:00:00','准时','1','正常','12.png','null',''),(16903,7,3,'提升系统钳工包机日检（二）',19,'王军军',5,'提升系统钳工包机日检（二）','005','提升系统钳工包机日检（二）','2014-11-19 00:00:00','准时','1','正常','19.png','null',''),(16906,4,6,'绞车运行日志及巡回检查记录',24,'李乾',7,'绞车运行日志及巡回检查记录','007','绞车运行日志及巡回检查记录','2014-11-19 02:00:00','准时','1','正常','24.png','null',''),(16907,9,6,'绞车运行日志及巡回检查记录',24,'李乾',7,'绞车运行日志及巡回检查记录','007','绞车运行日志及巡回检查记录','2014-11-19 03:00:00','准时','2','正常','24.png','null',''),(16908,10,6,'绞车运行日志及巡回检查记录',24,'李乾',7,'绞车运行日志及巡回检查记录','007','绞车运行日志及巡回检查记录','2014-11-19 04:00:00','准时','3','正常','24.png','null',''),(16909,11,6,'绞车运行日志及巡回检查记录',24,'李乾',7,'绞车运行日志及巡回检查记录','007','绞车运行日志及巡回检查记录','2014-11-19 05:00:00','准时','4','正常','24.png','null',''),(16910,12,6,'绞车运行日志及巡回检查记录',24,'裴森',7,'绞车运行日志及巡回检查记录','007','绞车运行日志及巡回检查记录','2014-11-19 06:00:00','准时','5','正常','24.png','null',''),(16911,13,6,'绞车运行日志及巡回检查记录',24,'裴森',7,'绞车运行日志及巡回检查记录','007','绞车运行日志及巡回检查记录','2014-11-19 07:00:00','准时','6','正常','24.png','null',''),(16912,14,6,'绞车运行日志及巡回检查记录',24,'裴森',7,'绞车运行日志及巡回检查记录','007','绞车运行日志及巡回检查记录','2014-11-19 08:00:00','准时','7','正常','24.png','null',''),(16913,15,6,'绞车运行日志及巡回检查记录',24,'裴森',7,'绞车运行日志及巡回检查记录','007','绞车运行日志及巡回检查记录','2014-11-19 09:00:00','准时','8','正常','24.png','null',''),(16914,16,6,'绞车运行日志及巡回检查记录',24,'裴森',7,'绞车运行日志及巡回检查记录','007','绞车运行日志及巡回检查记录','2014-11-19 10:00:00','准时','9','正常','24.png','null',''),(16915,17,6,'绞车运行日志及巡回检查记录',24,'裴森',7,'绞车运行日志及巡回检查记录','007','绞车运行日志及巡回检查记录','2014-11-19 11:00:00','准时','10','正常','24.png','null',''),(16916,18,6,'绞车运行日志及巡回检查记录',24,'裴森',7,'绞车运行日志及巡回检查记录','007','绞车运行日志及巡回检查记录','2014-11-19 12:00:00','准时','11','正常','24.png','null',''),(16917,19,6,'绞车运行日志及巡回检查记录',24,'裴森',7,'绞车运行日志及巡回检查记录','007','绞车运行日志及巡回检查记录','2014-11-19 13:00:00','准时','12','正常','24.png','null',''),(16918,20,6,'绞车运行日志及巡回检查记录',24,'李健',7,'绞车运行日志及巡回检查记录','007','绞车运行日志及巡回检查记录','2014-11-19 14:00:00','准时','13','正常','24.png','null',''),(16919,21,6,'绞车运行日志及巡回检查记录',24,'李健',7,'绞车运行日志及巡回检查记录','007','绞车运行日志及巡回检查记录','2014-11-19 15:00:00','准时','14','正常','24.png','null',''),(16920,22,6,'绞车运行日志及巡回检查记录',24,'李健',7,'绞车运行日志及巡回检查记录','007','绞车运行日志及巡回检查记录','2014-11-19 16:00:00','准时','15','正常','24.png','null',''),(16921,23,6,'绞车运行日志及巡回检查记录',24,'李健',7,'绞车运行日志及巡回检查记录','007','绞车运行日志及巡回检查记录','2014-11-19 17:00:00','准时','16','正常','24.png','null',''),(16922,24,6,'绞车运行日志及巡回检查记录',24,'李健',7,'绞车运行日志及巡回检查记录','007','绞车运行日志及巡回检查记录','2014-11-19 18:00:00','准时','17','正常','24.png','null',''),(16923,25,6,'绞车运行日志及巡回检查记录',24,'李健',7,'绞车运行日志及巡回检查记录','007','绞车运行日志及巡回检查记录','2014-11-19 19:00:00','准时','18','正常','24.png','null',''),(16924,26,6,'绞车运行日志及巡回检查记录',24,'李健',7,'绞车运行日志及巡回检查记录','007','绞车运行日志及巡回检查记录','2014-11-19 20:00:00','准时','19','正常','24.png','null',''),(16925,27,6,'绞车运行日志及巡回检查记录',24,'李健',7,'绞车运行日志及巡回检查记录','007','绞车运行日志及巡回检查记录','2014-11-19 21:00:00','准时','20','正常','24.png','null',''),(16926,28,6,'绞车运行日志及巡回检查记录',24,'李乾',7,'绞车运行日志及巡回检查记录','007','绞车运行日志及巡回检查记录','2014-11-19 22:00:00','准时','21','正常','24.png','null',''),(16927,29,6,'绞车运行日志及巡回检查记录',24,'李乾',7,'绞车运行日志及巡回检查记录','007','绞车运行日志及巡回检查记录','2014-11-19 23:00:00','准时','22','正常','24.png','null',''),(16928,30,6,'绞车运行日志及巡回检查记录',24,'李乾',7,'绞车运行日志及巡回检查记录','007','绞车运行日志及巡回检查记录','2014-11-19 00:00:00','准时','23','正常','24.png','null',''),(16929,31,6,'绞车运行日志及巡回检查记录',24,'李乾',7,'绞车运行日志及巡回检查记录','007','绞车运行日志及巡回检查记录','2014-11-19 01:00:00','准时','24','正常','24.png','null',''),(16930,1,7,'提升机安全保护装置检查试验记录',21,'石磊',2,'提升机安全保护装置','002','提升机安全保护装置','2014-11-19 00:00:00','准时','1','正常','21.png','孟志坚',''),(16931,3,8,'车房电工定期维护检修记录',22,'高义涛',8,'车房电工定期维护检修记录','008','车房电工定期维护检修记录','2014-11-19 00:00:00','准时','1','正常','22.png','null',''),(16932,2,1,'多绳绞车钢丝绳查验记录',11,'葛鑫',1,'多绳绞车钢丝绳','001','多绳绞车钢丝绳','2014-11-20 00:00:00','准时','1','正常','11.png','刘超',''),(16933,8,2,'提升系统钳工包机日检（一）',19,'王军军',4,'提升系统钳工包机日检（一）','004','提升系统钳工包机日检（一）','2014-11-20 00:00:00','准时','1','正常','19.png','null',''),(16934,7,3,'提升系统钳工包机日检（二）',17,'刘金伟',5,'提升系统钳工包机日检（二）','005','提升系统钳工包机日检（二）','2014-11-20 00:00:00','准时','1','正常','17.png','null',''),(16937,4,6,'绞车运行日志及巡回检查记录',6,'李健',7,'绞车运行日志及巡回检查记录','007','绞车运行日志及巡回检查记录','2014-11-20 02:00:00','准时','1','正常','6.png','null',''),(16938,9,6,'绞车运行日志及巡回检查记录',6,'李健',7,'绞车运行日志及巡回检查记录','007','绞车运行日志及巡回检查记录','2014-11-20 03:00:00','准时','2','正常','6.png','null',''),(16939,10,6,'绞车运行日志及巡回检查记录',6,'李健',7,'绞车运行日志及巡回检查记录','007','绞车运行日志及巡回检查记录','2014-11-20 04:00:00','准时','3','正常','6.png','null',''),(16940,11,6,'绞车运行日志及巡回检查记录',6,'李健',7,'绞车运行日志及巡回检查记录','007','绞车运行日志及巡回检查记录','2014-11-20 05:00:00','准时','4','正常','6.png','null',''),(16941,12,6,'绞车运行日志及巡回检查记录',6,'王巍',7,'绞车运行日志及巡回检查记录','007','绞车运行日志及巡回检查记录','2014-11-20 06:00:00','准时','5','正常','6.png','null',''),(16942,13,6,'绞车运行日志及巡回检查记录',6,'王巍',7,'绞车运行日志及巡回检查记录','007','绞车运行日志及巡回检查记录','2014-11-20 07:00:00','准时','6','正常','6.png','null',''),(16943,14,6,'绞车运行日志及巡回检查记录',6,'王巍',7,'绞车运行日志及巡回检查记录','007','绞车运行日志及巡回检查记录','2014-11-20 08:00:00','准时','7','正常','6.png','null',''),(16944,15,6,'绞车运行日志及巡回检查记录',6,'王巍',7,'绞车运行日志及巡回检查记录','007','绞车运行日志及巡回检查记录','2014-11-20 09:00:00','准时','8','正常','6.png','null',''),(16945,16,6,'绞车运行日志及巡回检查记录',6,'王巍',7,'绞车运行日志及巡回检查记录','007','绞车运行日志及巡回检查记录','2014-11-20 10:00:00','准时','9','正常','6.png','null',''),(16946,17,6,'绞车运行日志及巡回检查记录',6,'王巍',7,'绞车运行日志及巡回检查记录','007','绞车运行日志及巡回检查记录','2014-11-20 11:00:00','准时','10','正常','6.png','null',''),(16947,18,6,'绞车运行日志及巡回检查记录',6,'王巍',7,'绞车运行日志及巡回检查记录','007','绞车运行日志及巡回检查记录','2014-11-20 12:00:00','准时','11','正常','6.png','null',''),(16948,19,6,'绞车运行日志及巡回检查记录',6,'王巍',7,'绞车运行日志及巡回检查记录','007','绞车运行日志及巡回检查记录','2014-11-20 13:00:00','准时','12','正常','6.png','null',''),(16949,20,6,'绞车运行日志及巡回检查记录',6,'苑成智',7,'绞车运行日志及巡回检查记录','007','绞车运行日志及巡回检查记录','2014-11-20 14:00:00','准时','13','正常','6.png','null',''),(16950,21,6,'绞车运行日志及巡回检查记录',6,'苑成智',7,'绞车运行日志及巡回检查记录','007','绞车运行日志及巡回检查记录','2014-11-20 15:00:00','准时','14','正常','6.png','null',''),(16951,22,6,'绞车运行日志及巡回检查记录',6,'苑成智',7,'绞车运行日志及巡回检查记录','007','绞车运行日志及巡回检查记录','2014-11-20 16:00:00','准时','15','正常','6.png','null',''),(16952,23,6,'绞车运行日志及巡回检查记录',6,'苑成智',7,'绞车运行日志及巡回检查记录','007','绞车运行日志及巡回检查记录','2014-11-20 17:00:00','准时','16','正常','6.png','null',''),(16953,24,6,'绞车运行日志及巡回检查记录',6,'苑成智',7,'绞车运行日志及巡回检查记录','007','绞车运行日志及巡回检查记录','2014-11-20 18:00:00','准时','17','正常','6.png','null',''),(16954,25,6,'绞车运行日志及巡回检查记录',6,'苑成智',7,'绞车运行日志及巡回检查记录','007','绞车运行日志及巡回检查记录','2014-11-20 19:00:00','准时','18','正常','6.png','null',''),(16955,26,6,'绞车运行日志及巡回检查记录',6,'苑成智',7,'绞车运行日志及巡回检查记录','007','绞车运行日志及巡回检查记录','2014-11-20 20:00:00','准时','19','正常','6.png','null',''),(16956,27,6,'绞车运行日志及巡回检查记录',6,'苑成智',7,'绞车运行日志及巡回检查记录','007','绞车运行日志及巡回检查记录','2014-11-20 21:00:00','准时','20','正常','6.png','null',''),(16957,28,6,'绞车运行日志及巡回检查记录',6,'李健',7,'绞车运行日志及巡回检查记录','007','绞车运行日志及巡回检查记录','2014-11-20 22:00:00','准时','21','正常','6.png','null',''),(16958,29,6,'绞车运行日志及巡回检查记录',6,'李健',7,'绞车运行日志及巡回检查记录','007','绞车运行日志及巡回检查记录','2014-11-20 23:00:00','准时','22','正常','6.png','null',''),(16959,30,6,'绞车运行日志及巡回检查记录',6,'李健',7,'绞车运行日志及巡回检查记录','007','绞车运行日志及巡回检查记录','2014-11-20 00:00:00','准时','23','正常','6.png','null',''),(16960,31,6,'绞车运行日志及巡回检查记录',6,'李健',7,'绞车运行日志及巡回检查记录','007','绞车运行日志及巡回检查记录','2014-11-20 01:00:00','准时','24','正常','6.png','null',''),(16961,1,7,'提升机安全保护装置检查试验记录',20,'郁奇峰',2,'提升机安全保护装置','002','提升机安全保护装置','2014-11-20 00:00:00','准时','1','正常','20.png','孟志坚',''),(16962,3,8,'车房电工定期维护检修记录',21,'石磊',8,'车房电工定期维护检修记录','008','车房电工定期维护检修记录','2014-11-20 00:00:00','准时','1','正常','21.png','null',''),(16963,2,1,'多绳绞车钢丝绳查验记录',13,'谷银桥',1,'多绳绞车钢丝绳','001','多绳绞车钢丝绳','2014-11-21 00:00:00','准时','1','正常','13.png','刘超',''),(16964,8,2,'提升系统钳工包机日检（一）',8,'左睿',4,'提升系统钳工包机日检（一）','004','提升系统钳工包机日检（一）','2014-11-21 00:00:00','准时','1','正常','8.png','null',''),(16965,7,3,'提升系统钳工包机日检（二）',12,'高岭',5,'提升系统钳工包机日检（二）','005','提升系统钳工包机日检（二）','2014-11-21 00:00:00','准时','1','正常','12.png','null',''),(16968,4,6,'绞车运行日志及巡回检查记录',5,'裴森',7,'绞车运行日志及巡回检查记录','007','绞车运行日志及巡回检查记录','2014-11-21 02:00:00','准时','1','正常','5.png','null',''),(16969,9,6,'绞车运行日志及巡回检查记录',5,'裴森',7,'绞车运行日志及巡回检查记录','007','绞车运行日志及巡回检查记录','2014-11-21 03:00:00','准时','2','正常','5.png','null',''),(16970,10,6,'绞车运行日志及巡回检查记录',5,'裴森',7,'绞车运行日志及巡回检查记录','007','绞车运行日志及巡回检查记录','2014-11-21 04:00:00','准时','3','正常','5.png','null',''),(16971,11,6,'绞车运行日志及巡回检查记录',5,'裴森',7,'绞车运行日志及巡回检查记录','007','绞车运行日志及巡回检查记录','2014-11-21 05:00:00','准时','4','正常','5.png','null',''),(16972,12,6,'绞车运行日志及巡回检查记录',5,'李健',7,'绞车运行日志及巡回检查记录','007','绞车运行日志及巡回检查记录','2014-11-21 06:00:00','准时','5','正常','5.png','null',''),(16973,13,6,'绞车运行日志及巡回检查记录',5,'李健',7,'绞车运行日志及巡回检查记录','007','绞车运行日志及巡回检查记录','2014-11-21 07:00:00','准时','6','正常','5.png','null',''),(16974,14,6,'绞车运行日志及巡回检查记录',5,'李健',7,'绞车运行日志及巡回检查记录','007','绞车运行日志及巡回检查记录','2014-11-21 08:00:00','准时','7','正常','5.png','null',''),(16975,15,6,'绞车运行日志及巡回检查记录',5,'李健',7,'绞车运行日志及巡回检查记录','007','绞车运行日志及巡回检查记录','2014-11-21 09:00:00','准时','8','正常','5.png','null',''),(16976,16,6,'绞车运行日志及巡回检查记录',5,'李健',7,'绞车运行日志及巡回检查记录','007','绞车运行日志及巡回检查记录','2014-11-21 10:00:00','准时','9','正常','5.png','null',''),(16977,17,6,'绞车运行日志及巡回检查记录',5,'李健',7,'绞车运行日志及巡回检查记录','007','绞车运行日志及巡回检查记录','2014-11-21 11:00:00','准时','10','正常','5.png','null',''),(16978,18,6,'绞车运行日志及巡回检查记录',5,'李健',7,'绞车运行日志及巡回检查记录','007','绞车运行日志及巡回检查记录','2014-11-21 12:00:00','准时','11','正常','5.png','null',''),(16979,19,6,'绞车运行日志及巡回检查记录',5,'李健',7,'绞车运行日志及巡回检查记录','007','绞车运行日志及巡回检查记录','2014-11-21 13:00:00','准时','12','正常','5.png','null',''),(16980,20,6,'绞车运行日志及巡回检查记录',5,'王巍',7,'绞车运行日志及巡回检查记录','007','绞车运行日志及巡回检查记录','2014-11-21 14:00:00','准时','13','正常','5.png','null',''),(16981,21,6,'绞车运行日志及巡回检查记录',5,'王巍',7,'绞车运行日志及巡回检查记录','007','绞车运行日志及巡回检查记录','2014-11-21 15:00:00','准时','14','正常','5.png','null',''),(16982,22,6,'绞车运行日志及巡回检查记录',5,'王巍',7,'绞车运行日志及巡回检查记录','007','绞车运行日志及巡回检查记录','2014-11-21 16:00:00','准时','15','正常','5.png','null',''),(16983,23,6,'绞车运行日志及巡回检查记录',5,'王巍',7,'绞车运行日志及巡回检查记录','007','绞车运行日志及巡回检查记录','2014-11-21 17:00:00','准时','16','正常','5.png','null',''),(16984,24,6,'绞车运行日志及巡回检查记录',5,'王巍',7,'绞车运行日志及巡回检查记录','007','绞车运行日志及巡回检查记录','2014-11-21 18:00:00','准时','17','正常','5.png','null',''),(16985,25,6,'绞车运行日志及巡回检查记录',5,'王巍',7,'绞车运行日志及巡回检查记录','007','绞车运行日志及巡回检查记录','2014-11-21 19:00:00','准时','18','正常','5.png','null',''),(16986,26,6,'绞车运行日志及巡回检查记录',5,'王巍',7,'绞车运行日志及巡回检查记录','007','绞车运行日志及巡回检查记录','2014-11-21 20:00:00','准时','19','正常','5.png','null',''),(16987,27,6,'绞车运行日志及巡回检查记录',5,'王巍',7,'绞车运行日志及巡回检查记录','007','绞车运行日志及巡回检查记录','2014-11-21 21:00:00','准时','20','正常','5.png','null',''),(16988,28,6,'绞车运行日志及巡回检查记录',5,'裴森',7,'绞车运行日志及巡回检查记录','007','绞车运行日志及巡回检查记录','2014-11-21 22:00:00','准时','21','正常','5.png','null',''),(16989,29,6,'绞车运行日志及巡回检查记录',5,'裴森',7,'绞车运行日志及巡回检查记录','007','绞车运行日志及巡回检查记录','2014-11-21 23:00:00','准时','22','正常','5.png','null',''),(16990,30,6,'绞车运行日志及巡回检查记录',5,'裴森',7,'绞车运行日志及巡回检查记录','007','绞车运行日志及巡回检查记录','2014-11-21 00:00:00','准时','23','正常','5.png','null',''),(16991,31,6,'绞车运行日志及巡回检查记录',5,'裴森',7,'绞车运行日志及巡回检查记录','007','绞车运行日志及巡回检查记录','2014-11-21 01:00:00','准时','24','正常','5.png','null',''),(16992,1,7,'提升机安全保护装置检查试验记录',21,'石磊',2,'提升机安全保护装置','002','提升机安全保护装置','2014-11-21 00:00:00','准时','1','正常','21.png','刘超',''),(16993,3,8,'车房电工定期维护检修记录',20,'郁奇峰',8,'车房电工定期维护检修记录','008','车房电工定期维护检修记录','2014-11-21 00:00:00','准时','1','正常','20.png','null',''),(17025,2,1,'多绳绞车钢丝绳查验记录',11,'葛鑫',1,'多绳绞车钢丝绳','001','多绳绞车钢丝绳','2014-11-22 00:00:00','准时','1','正常','11.png','王春青',''),(17026,8,2,'提升系统钳工包机日检（一）',17,'刘金伟',4,'提升系统钳工包机日检（一）','004','提升系统钳工包机日检（一）','2014-11-22 00:00:00','准时','1','正常','17.png','null',''),(17027,7,3,'提升系统钳工包机日检（二）',17,'刘金伟',5,'提升系统钳工包机日检（二）','005','提升系统钳工包机日检（二）','2014-11-22 00:00:00','准时','1','正常','17.png','null',''),(17030,4,6,'绞车运行日志及巡回检查记录',24,'李乾',7,'绞车运行日志及巡回检查记录','007','绞车运行日志及巡回检查记录','2014-11-22 02:00:00','准时','1','正常','24.png','null',''),(17031,9,6,'绞车运行日志及巡回检查记录',24,'李乾',7,'绞车运行日志及巡回检查记录','007','绞车运行日志及巡回检查记录','2014-11-22 03:00:00','准时','2','正常','24.png','null',''),(17032,10,6,'绞车运行日志及巡回检查记录',24,'李乾',7,'绞车运行日志及巡回检查记录','007','绞车运行日志及巡回检查记录','2014-11-22 04:00:00','准时','3','正常','24.png','null',''),(17033,11,6,'绞车运行日志及巡回检查记录',24,'李乾',7,'绞车运行日志及巡回检查记录','007','绞车运行日志及巡回检查记录','2014-11-22 05:00:00','准时','4','正常','24.png','null',''),(17034,12,6,'绞车运行日志及巡回检查记录',24,'裴森',7,'绞车运行日志及巡回检查记录','007','绞车运行日志及巡回检查记录','2014-11-22 06:00:00','准时','5','正常','24.png','null',''),(17035,13,6,'绞车运行日志及巡回检查记录',24,'裴森',7,'绞车运行日志及巡回检查记录','007','绞车运行日志及巡回检查记录','2014-11-22 07:00:00','准时','6','正常','24.png','null',''),(17036,14,6,'绞车运行日志及巡回检查记录',24,'裴森',7,'绞车运行日志及巡回检查记录','007','绞车运行日志及巡回检查记录','2014-11-22 08:00:00','准时','7','正常','24.png','null',''),(17037,15,6,'绞车运行日志及巡回检查记录',24,'裴森',7,'绞车运行日志及巡回检查记录','007','绞车运行日志及巡回检查记录','2014-11-22 09:00:00','准时','8','正常','24.png','null',''),(17038,16,6,'绞车运行日志及巡回检查记录',24,'裴森',7,'绞车运行日志及巡回检查记录','007','绞车运行日志及巡回检查记录','2014-11-22 10:00:00','准时','9','正常','24.png','null',''),(17039,17,6,'绞车运行日志及巡回检查记录',24,'裴森',7,'绞车运行日志及巡回检查记录','007','绞车运行日志及巡回检查记录','2014-11-22 11:00:00','准时','10','正常','24.png','null',''),(17040,18,6,'绞车运行日志及巡回检查记录',24,'裴森',7,'绞车运行日志及巡回检查记录','007','绞车运行日志及巡回检查记录','2014-11-22 12:00:00','准时','11','正常','24.png','null',''),(17041,19,6,'绞车运行日志及巡回检查记录',24,'裴森',7,'绞车运行日志及巡回检查记录','007','绞车运行日志及巡回检查记录','2014-11-22 13:00:00','准时','12','正常','24.png','null',''),(17042,20,6,'绞车运行日志及巡回检查记录',24,'李健',7,'绞车运行日志及巡回检查记录','007','绞车运行日志及巡回检查记录','2014-11-22 14:00:00','准时','13','正常','24.png','null',''),(17043,21,6,'绞车运行日志及巡回检查记录',24,'李健',7,'绞车运行日志及巡回检查记录','007','绞车运行日志及巡回检查记录','2014-11-22 15:00:00','准时','14','正常','24.png','null',''),(17044,22,6,'绞车运行日志及巡回检查记录',24,'李健',7,'绞车运行日志及巡回检查记录','007','绞车运行日志及巡回检查记录','2014-11-22 16:00:00','准时','15','正常','24.png','null',''),(17045,23,6,'绞车运行日志及巡回检查记录',24,'李健',7,'绞车运行日志及巡回检查记录','007','绞车运行日志及巡回检查记录','2014-11-22 17:00:00','准时','16','正常','24.png','null',''),(17046,24,6,'绞车运行日志及巡回检查记录',24,'李健',7,'绞车运行日志及巡回检查记录','007','绞车运行日志及巡回检查记录','2014-11-22 18:00:00','准时','17','正常','24.png','null',''),(17047,25,6,'绞车运行日志及巡回检查记录',24,'李健',7,'绞车运行日志及巡回检查记录','007','绞车运行日志及巡回检查记录','2014-11-22 19:00:00','准时','18','正常','24.png','null',''),(17048,26,6,'绞车运行日志及巡回检查记录',24,'李健',7,'绞车运行日志及巡回检查记录','007','绞车运行日志及巡回检查记录','2014-11-22 20:00:00','准时','19','正常','24.png','null',''),(17049,27,6,'绞车运行日志及巡回检查记录',24,'李健',7,'绞车运行日志及巡回检查记录','007','绞车运行日志及巡回检查记录','2014-11-22 21:00:00','准时','20','正常','24.png','null',''),(17050,28,6,'绞车运行日志及巡回检查记录',24,'李乾',7,'绞车运行日志及巡回检查记录','007','绞车运行日志及巡回检查记录','2014-11-22 22:00:00','准时','21','正常','24.png','null',''),(17051,29,6,'绞车运行日志及巡回检查记录',24,'李乾',7,'绞车运行日志及巡回检查记录','007','绞车运行日志及巡回检查记录','2014-11-22 23:00:00','准时','22','正常','24.png','null',''),(17052,30,6,'绞车运行日志及巡回检查记录',24,'李乾',7,'绞车运行日志及巡回检查记录','007','绞车运行日志及巡回检查记录','2014-11-22 00:00:00','准时','23','正常','24.png','null',''),(17053,31,6,'绞车运行日志及巡回检查记录',24,'李乾',7,'绞车运行日志及巡回检查记录','007','绞车运行日志及巡回检查记录','2014-11-22 01:00:00','准时','24','正常','24.png','null',''),(17054,1,7,'提升机安全保护装置检查试验记录',21,'石磊',2,'提升机安全保护装置','002','提升机安全保护装置','2014-11-22 00:00:00','准时','1','正常','21.png','刘博',''),(17055,3,8,'车房电工定期维护检修记录',20,'郁奇峰',8,'车房电工定期维护检修记录','008','车房电工定期维护检修记录','2014-11-22 00:00:00','准时','1','正常','20.png','null',''),(17056,2,1,'多绳绞车钢丝绳查验记录',14,'刘鹏',1,'多绳绞车钢丝绳','001','多绳绞车钢丝绳','2014-11-23 00:00:00','准时','1','正常','14.png','刘超',''),(17057,8,2,'提升系统钳工包机日检（一）',18,'唐庆恩',4,'提升系统钳工包机日检（一）','004','提升系统钳工包机日检（一）','2014-11-23 00:00:00','准时','1','正常','18.png','null',''),(17058,7,3,'提升系统钳工包机日检（二）',19,'王军军',5,'提升系统钳工包机日检（二）','005','提升系统钳工包机日检（二）','2014-11-23 00:00:00','准时','1','正常','19.png','null',''),(17059,6,4,'提升系统钳工周检',12,'高岭',6,'提升系统钳工周检','006','提升系统钳工周检','2014-11-17 00:00:00','准时','1','正常','12.png','null',''),(17060,5,5,'提升系统起重工周检',16,'李卫',3,'提升系统起重工周检','003','提升系统起重工周检','2014-11-17 00:00:00','准时','1','正常','16.png','null',''),(17061,4,6,'绞车运行日志及巡回检查记录',23,'冯文彦',7,'绞车运行日志及巡回检查记录','007','绞车运行日志及巡回检查记录','2014-11-23 02:00:00','准时','1','正常','23.png','null',''),(17062,9,6,'绞车运行日志及巡回检查记录',23,'冯文彦',7,'绞车运行日志及巡回检查记录','007','绞车运行日志及巡回检查记录','2014-11-23 03:00:00','准时','2','正常','23.png','null',''),(17063,10,6,'绞车运行日志及巡回检查记录',23,'冯文彦',7,'绞车运行日志及巡回检查记录','007','绞车运行日志及巡回检查记录','2014-11-23 04:00:00','准时','3','正常','23.png','null',''),(17064,11,6,'绞车运行日志及巡回检查记录',23,'冯文彦',7,'绞车运行日志及巡回检查记录','007','绞车运行日志及巡回检查记录','2014-11-23 05:00:00','准时','4','正常','23.png','null',''),(17065,12,6,'绞车运行日志及巡回检查记录',23,'李乾',7,'绞车运行日志及巡回检查记录','007','绞车运行日志及巡回检查记录','2014-11-23 06:00:00','准时','5','正常','23.png','null',''),(17066,13,6,'绞车运行日志及巡回检查记录',23,'李乾',7,'绞车运行日志及巡回检查记录','007','绞车运行日志及巡回检查记录','2014-11-23 07:00:00','准时','6','正常','23.png','null',''),(17067,14,6,'绞车运行日志及巡回检查记录',23,'李乾',7,'绞车运行日志及巡回检查记录','007','绞车运行日志及巡回检查记录','2014-11-23 08:00:00','准时','7','正常','23.png','null',''),(17068,15,6,'绞车运行日志及巡回检查记录',23,'李乾',7,'绞车运行日志及巡回检查记录','007','绞车运行日志及巡回检查记录','2014-11-23 09:00:00','准时','8','正常','23.png','null',''),(17069,16,6,'绞车运行日志及巡回检查记录',23,'李乾',7,'绞车运行日志及巡回检查记录','007','绞车运行日志及巡回检查记录','2014-11-23 10:00:00','准时','9','正常','23.png','null',''),(17070,17,6,'绞车运行日志及巡回检查记录',23,'李乾',7,'绞车运行日志及巡回检查记录','007','绞车运行日志及巡回检查记录','2014-11-23 11:00:00','准时','10','正常','23.png','null',''),(17071,18,6,'绞车运行日志及巡回检查记录',23,'李乾',7,'绞车运行日志及巡回检查记录','007','绞车运行日志及巡回检查记录','2014-11-23 12:00:00','准时','11','正常','23.png','null',''),(17072,19,6,'绞车运行日志及巡回检查记录',23,'李乾',7,'绞车运行日志及巡回检查记录','007','绞车运行日志及巡回检查记录','2014-11-23 13:00:00','准时','12','正常','23.png','null',''),(17073,20,6,'绞车运行日志及巡回检查记录',23,'裴森',7,'绞车运行日志及巡回检查记录','007','绞车运行日志及巡回检查记录','2014-11-23 14:00:00','准时','13','正常','23.png','null',''),(17074,21,6,'绞车运行日志及巡回检查记录',23,'裴森',7,'绞车运行日志及巡回检查记录','007','绞车运行日志及巡回检查记录','2014-11-23 15:00:00','准时','14','正常','23.png','null',''),(17075,22,6,'绞车运行日志及巡回检查记录',23,'裴森',7,'绞车运行日志及巡回检查记录','007','绞车运行日志及巡回检查记录','2014-11-23 16:00:00','准时','15','正常','23.png','null',''),(17076,23,6,'绞车运行日志及巡回检查记录',23,'裴森',7,'绞车运行日志及巡回检查记录','007','绞车运行日志及巡回检查记录','2014-11-23 17:00:00','准时','16','正常','23.png','null',''),(17077,24,6,'绞车运行日志及巡回检查记录',23,'裴森',7,'绞车运行日志及巡回检查记录','007','绞车运行日志及巡回检查记录','2014-11-23 18:00:00','准时','17','正常','23.png','null',''),(17078,25,6,'绞车运行日志及巡回检查记录',23,'裴森',7,'绞车运行日志及巡回检查记录','007','绞车运行日志及巡回检查记录','2014-11-23 19:00:00','准时','18','正常','23.png','null',''),(17079,26,6,'绞车运行日志及巡回检查记录',23,'裴森',7,'绞车运行日志及巡回检查记录','007','绞车运行日志及巡回检查记录','2014-11-23 20:00:00','准时','19','正常','23.png','null',''),(17080,27,6,'绞车运行日志及巡回检查记录',23,'裴森',7,'绞车运行日志及巡回检查记录','007','绞车运行日志及巡回检查记录','2014-11-23 21:00:00','准时','20','正常','23.png','null',''),(17081,28,6,'绞车运行日志及巡回检查记录',23,'冯文彦',7,'绞车运行日志及巡回检查记录','007','绞车运行日志及巡回检查记录','2014-11-23 22:00:00','准时','21','正常','23.png','null',''),(17082,29,6,'绞车运行日志及巡回检查记录',23,'冯文彦',7,'绞车运行日志及巡回检查记录','007','绞车运行日志及巡回检查记录','2014-11-23 23:00:00','准时','22','正常','23.png','null',''),(17083,30,6,'绞车运行日志及巡回检查记录',23,'冯文彦',7,'绞车运行日志及巡回检查记录','007','绞车运行日志及巡回检查记录','2014-11-23 00:00:00','准时','23','正常','23.png','null',''),(17084,31,6,'绞车运行日志及巡回检查记录',23,'冯文彦',7,'绞车运行日志及巡回检查记录','007','绞车运行日志及巡回检查记录','2014-11-23 01:00:00','准时','24','正常','23.png','null',''),(17085,1,7,'提升机安全保护装置检查试验记录',21,'石磊',2,'提升机安全保护装置','002','提升机安全保护装置','2014-11-23 00:00:00','准时','1','正常','21.png','刘超',''),(17086,3,8,'车房电工定期维护检修记录',21,'石磊',8,'车房电工定期维护检修记录','008','车房电工定期维护检修记录','2014-11-23 00:00:00','准时','1','正常','21.png','null',''),(17087,2,1,'多绳绞车钢丝绳查验记录',11,'葛鑫',1,'多绳绞车钢丝绳','001','多绳绞车钢丝绳','2014-11-24 00:00:00','准时','1','正常','11.png','郑威',''),(17088,8,2,'提升系统钳工包机日检（一）',18,'唐庆恩',4,'提升系统钳工包机日检（一）','004','提升系统钳工包机日检（一）','2014-11-24 00:00:00','准时','1','正常','18.png','null',''),(17089,7,3,'提升系统钳工包机日检（二）',12,'高岭',5,'提升系统钳工包机日检（二）','005','提升系统钳工包机日检（二）','2014-11-24 00:00:00','准时','1','正常','12.png','null',''),(17092,4,6,'绞车运行日志及巡回检查记录',6,'李健',7,'绞车运行日志及巡回检查记录','007','绞车运行日志及巡回检查记录','2014-11-24 02:00:00','准时','1','正常','6.png','null',''),(17093,9,6,'绞车运行日志及巡回检查记录',6,'李健',7,'绞车运行日志及巡回检查记录','007','绞车运行日志及巡回检查记录','2014-11-24 03:00:00','准时','2','正常','6.png','null',''),(17094,10,6,'绞车运行日志及巡回检查记录',6,'李健',7,'绞车运行日志及巡回检查记录','007','绞车运行日志及巡回检查记录','2014-11-24 04:00:00','准时','3','正常','6.png','null',''),(17095,11,6,'绞车运行日志及巡回检查记录',6,'李健',7,'绞车运行日志及巡回检查记录','007','绞车运行日志及巡回检查记录','2014-11-24 05:00:00','准时','4','正常','6.png','null',''),(17096,12,6,'绞车运行日志及巡回检查记录',6,'王巍',7,'绞车运行日志及巡回检查记录','007','绞车运行日志及巡回检查记录','2014-11-24 06:00:00','准时','5','正常','6.png','null',''),(17097,13,6,'绞车运行日志及巡回检查记录',6,'王巍',7,'绞车运行日志及巡回检查记录','007','绞车运行日志及巡回检查记录','2014-11-24 07:00:00','准时','6','正常','6.png','null',''),(17098,14,6,'绞车运行日志及巡回检查记录',6,'王巍',7,'绞车运行日志及巡回检查记录','007','绞车运行日志及巡回检查记录','2014-11-24 08:00:00','准时','7','正常','6.png','null',''),(17099,15,6,'绞车运行日志及巡回检查记录',6,'王巍',7,'绞车运行日志及巡回检查记录','007','绞车运行日志及巡回检查记录','2014-11-24 09:00:00','准时','8','正常','6.png','null',''),(17100,16,6,'绞车运行日志及巡回检查记录',6,'王巍',7,'绞车运行日志及巡回检查记录','007','绞车运行日志及巡回检查记录','2014-11-24 10:00:00','准时','9','正常','6.png','null',''),(17101,17,6,'绞车运行日志及巡回检查记录',6,'王巍',7,'绞车运行日志及巡回检查记录','007','绞车运行日志及巡回检查记录','2014-11-24 11:00:00','准时','10','正常','6.png','null',''),(17102,18,6,'绞车运行日志及巡回检查记录',6,'王巍',7,'绞车运行日志及巡回检查记录','007','绞车运行日志及巡回检查记录','2014-11-24 12:00:00','准时','11','正常','6.png','null',''),(17103,19,6,'绞车运行日志及巡回检查记录',6,'王巍',7,'绞车运行日志及巡回检查记录','007','绞车运行日志及巡回检查记录','2014-11-24 13:00:00','准时','12','正常','6.png','null',''),(17104,20,6,'绞车运行日志及巡回检查记录',6,'苑成智',7,'绞车运行日志及巡回检查记录','007','绞车运行日志及巡回检查记录','2014-11-24 14:00:00','准时','13','正常','6.png','null',''),(17105,21,6,'绞车运行日志及巡回检查记录',6,'苑成智',7,'绞车运行日志及巡回检查记录','007','绞车运行日志及巡回检查记录','2014-11-24 15:00:00','准时','14','正常','6.png','null',''),(17106,22,6,'绞车运行日志及巡回检查记录',6,'苑成智',7,'绞车运行日志及巡回检查记录','007','绞车运行日志及巡回检查记录','2014-11-24 16:00:00','准时','15','正常','6.png','null',''),(17107,23,6,'绞车运行日志及巡回检查记录',6,'苑成智',7,'绞车运行日志及巡回检查记录','007','绞车运行日志及巡回检查记录','2014-11-24 17:00:00','准时','16','正常','6.png','null',''),(17108,24,6,'绞车运行日志及巡回检查记录',6,'苑成智',7,'绞车运行日志及巡回检查记录','007','绞车运行日志及巡回检查记录','2014-11-24 18:00:00','准时','17','正常','6.png','null',''),(17109,25,6,'绞车运行日志及巡回检查记录',6,'苑成智',7,'绞车运行日志及巡回检查记录','007','绞车运行日志及巡回检查记录','2014-11-24 19:00:00','准时','18','正常','6.png','null',''),(17110,26,6,'绞车运行日志及巡回检查记录',6,'苑成智',7,'绞车运行日志及巡回检查记录','007','绞车运行日志及巡回检查记录','2014-11-24 20:00:00','准时','19','正常','6.png','null',''),(17111,27,6,'绞车运行日志及巡回检查记录',6,'苑成智',7,'绞车运行日志及巡回检查记录','007','绞车运行日志及巡回检查记录','2014-11-24 21:00:00','准时','20','正常','6.png','null',''),(17112,28,6,'绞车运行日志及巡回检查记录',6,'李健',7,'绞车运行日志及巡回检查记录','007','绞车运行日志及巡回检查记录','2014-11-24 22:00:00','准时','21','正常','6.png','null',''),(17113,29,6,'绞车运行日志及巡回检查记录',6,'李健',7,'绞车运行日志及巡回检查记录','007','绞车运行日志及巡回检查记录','2014-11-24 23:00:00','准时','22','正常','6.png','null',''),(17114,30,6,'绞车运行日志及巡回检查记录',6,'李健',7,'绞车运行日志及巡回检查记录','007','绞车运行日志及巡回检查记录','2014-11-24 00:00:00','准时','23','正常','6.png','null',''),(17115,31,6,'绞车运行日志及巡回检查记录',6,'李健',7,'绞车运行日志及巡回检查记录','007','绞车运行日志及巡回检查记录','2014-11-24 01:00:00','准时','24','正常','6.png','null',''),(17116,1,7,'提升机安全保护装置检查试验记录',22,'高义涛',2,'提升机安全保护装置','002','提升机安全保护装置','2014-11-24 00:00:00','准时','1','正常','22.png','王春青',''),(17117,3,8,'车房电工定期维护检修记录',22,'高义涛',8,'车房电工定期维护检修记录','008','车房电工定期维护检修记录','2014-11-24 00:00:00','准时','1','正常','22.png','null',''),(17118,2,1,'多绳绞车钢丝绳查验记录',13,'谷银桥',1,'多绳绞车钢丝绳','001','多绳绞车钢丝绳','2014-11-25 00:00:00','准时','1','正常','13.png','王春青',''),(17119,8,2,'提升系统钳工包机日检（一）',8,'左睿',4,'提升系统钳工包机日检（一）','004','提升系统钳工包机日检（一）','2014-11-25 00:00:00','准时','1','正常','8.png','null',''),(17120,7,3,'提升系统钳工包机日检（二）',18,'唐庆恩',5,'提升系统钳工包机日检（二）','005','提升系统钳工包机日检（二）','2014-11-25 00:00:00','准时','1','正常','18.png','null',''),(17123,4,6,'绞车运行日志及巡回检查记录',23,'冯文彦',7,'绞车运行日志及巡回检查记录','007','绞车运行日志及巡回检查记录','2014-11-25 02:00:00','准时','1','正常','23.png','null',''),(17124,9,6,'绞车运行日志及巡回检查记录',23,'冯文彦',7,'绞车运行日志及巡回检查记录','007','绞车运行日志及巡回检查记录','2014-11-25 03:00:00','准时','2','正常','23.png','null',''),(17125,10,6,'绞车运行日志及巡回检查记录',23,'冯文彦',7,'绞车运行日志及巡回检查记录','007','绞车运行日志及巡回检查记录','2014-11-25 04:00:00','准时','3','正常','23.png','null',''),(17126,11,6,'绞车运行日志及巡回检查记录',23,'冯文彦',7,'绞车运行日志及巡回检查记录','007','绞车运行日志及巡回检查记录','2014-11-25 05:00:00','准时','4','正常','23.png','null',''),(17127,12,6,'绞车运行日志及巡回检查记录',23,'李乾',7,'绞车运行日志及巡回检查记录','007','绞车运行日志及巡回检查记录','2014-11-25 06:00:00','准时','5','正常','23.png','null',''),(17128,13,6,'绞车运行日志及巡回检查记录',23,'李乾',7,'绞车运行日志及巡回检查记录','007','绞车运行日志及巡回检查记录','2014-11-25 07:00:00','准时','6','正常','23.png','null',''),(17129,14,6,'绞车运行日志及巡回检查记录',23,'李乾',7,'绞车运行日志及巡回检查记录','007','绞车运行日志及巡回检查记录','2014-11-25 08:00:00','准时','7','正常','23.png','null',''),(17130,15,6,'绞车运行日志及巡回检查记录',23,'李乾',7,'绞车运行日志及巡回检查记录','007','绞车运行日志及巡回检查记录','2014-11-25 09:00:00','准时','8','正常','23.png','null',''),(17131,16,6,'绞车运行日志及巡回检查记录',23,'李乾',7,'绞车运行日志及巡回检查记录','007','绞车运行日志及巡回检查记录','2014-11-25 10:00:00','准时','9','正常','23.png','null',''),(17132,17,6,'绞车运行日志及巡回检查记录',23,'李乾',7,'绞车运行日志及巡回检查记录','007','绞车运行日志及巡回检查记录','2014-11-25 11:00:00','准时','10','正常','23.png','null',''),(17133,18,6,'绞车运行日志及巡回检查记录',23,'李乾',7,'绞车运行日志及巡回检查记录','007','绞车运行日志及巡回检查记录','2014-11-25 12:00:00','准时','11','正常','23.png','null',''),(17134,19,6,'绞车运行日志及巡回检查记录',23,'李乾',7,'绞车运行日志及巡回检查记录','007','绞车运行日志及巡回检查记录','2014-11-25 13:00:00','准时','12','正常','23.png','null',''),(17135,20,6,'绞车运行日志及巡回检查记录',23,'裴森',7,'绞车运行日志及巡回检查记录','007','绞车运行日志及巡回检查记录','2014-11-25 14:00:00','准时','13','正常','23.png','null',''),(17136,21,6,'绞车运行日志及巡回检查记录',23,'裴森',7,'绞车运行日志及巡回检查记录','007','绞车运行日志及巡回检查记录','2014-11-25 15:00:00','准时','14','正常','23.png','null',''),(17137,22,6,'绞车运行日志及巡回检查记录',23,'裴森',7,'绞车运行日志及巡回检查记录','007','绞车运行日志及巡回检查记录','2014-11-25 16:00:00','准时','15','正常','23.png','null',''),(17138,23,6,'绞车运行日志及巡回检查记录',23,'裴森',7,'绞车运行日志及巡回检查记录','007','绞车运行日志及巡回检查记录','2014-11-25 17:00:00','准时','16','正常','23.png','null',''),(17139,24,6,'绞车运行日志及巡回检查记录',23,'裴森',7,'绞车运行日志及巡回检查记录','007','绞车运行日志及巡回检查记录','2014-11-25 18:00:00','准时','17','正常','23.png','null',''),(17140,25,6,'绞车运行日志及巡回检查记录',23,'裴森',7,'绞车运行日志及巡回检查记录','007','绞车运行日志及巡回检查记录','2014-11-25 19:00:00','准时','18','正常','23.png','null',''),(17141,26,6,'绞车运行日志及巡回检查记录',23,'裴森',7,'绞车运行日志及巡回检查记录','007','绞车运行日志及巡回检查记录','2014-11-25 20:00:00','准时','19','正常','23.png','null',''),(17142,27,6,'绞车运行日志及巡回检查记录',23,'裴森',7,'绞车运行日志及巡回检查记录','007','绞车运行日志及巡回检查记录','2014-11-25 21:00:00','准时','20','正常','23.png','null',''),(17143,28,6,'绞车运行日志及巡回检查记录',23,'冯文彦',7,'绞车运行日志及巡回检查记录','007','绞车运行日志及巡回检查记录','2014-11-25 22:00:00','准时','21','正常','23.png','null',''),(17144,29,6,'绞车运行日志及巡回检查记录',23,'冯文彦',7,'绞车运行日志及巡回检查记录','007','绞车运行日志及巡回检查记录','2014-11-25 23:00:00','准时','22','正常','23.png','null',''),(17145,30,6,'绞车运行日志及巡回检查记录',23,'冯文彦',7,'绞车运行日志及巡回检查记录','007','绞车运行日志及巡回检查记录','2014-11-25 00:00:00','准时','23','正常','23.png','null',''),(17146,31,6,'绞车运行日志及巡回检查记录',23,'冯文彦',7,'绞车运行日志及巡回检查记录','007','绞车运行日志及巡回检查记录','2014-11-25 01:00:00','准时','24','正常','23.png','null',''),(17147,1,7,'提升机安全保护装置检查试验记录',22,'高义涛',2,'提升机安全保护装置','002','提升机安全保护装置','2014-11-25 00:00:00','准时','1','正常','22.png','刘博',''),(17148,3,8,'车房电工定期维护检修记录',20,'郁奇峰',8,'车房电工定期维护检修记录','008','车房电工定期维护检修记录','2014-11-25 00:00:00','准时','1','正常','20.png','null',''),(17149,2,1,'多绳绞车钢丝绳查验记录',16,'李卫',1,'多绳绞车钢丝绳','001','多绳绞车钢丝绳','2014-11-26 00:00:00','准时','1','正常','16.png','孟志坚',''),(17150,8,2,'提升系统钳工包机日检（一）',12,'高岭',4,'提升系统钳工包机日检（一）','004','提升系统钳工包机日检（一）','2014-11-26 00:00:00','准时','1','正常','12.png','null',''),(17151,7,3,'提升系统钳工包机日检（二）',17,'刘金伟',5,'提升系统钳工包机日检（二）','005','提升系统钳工包机日检（二）','2014-11-26 00:00:00','准时','1','正常','17.png','null',''),(17154,4,6,'绞车运行日志及巡回检查记录',23,'冯文彦',7,'绞车运行日志及巡回检查记录','007','绞车运行日志及巡回检查记录','2014-11-26 02:00:00','准时','1','正常','23.png','null',''),(17155,9,6,'绞车运行日志及巡回检查记录',23,'冯文彦',7,'绞车运行日志及巡回检查记录','007','绞车运行日志及巡回检查记录','2014-11-26 03:00:00','准时','2','正常','23.png','null',''),(17156,10,6,'绞车运行日志及巡回检查记录',23,'冯文彦',7,'绞车运行日志及巡回检查记录','007','绞车运行日志及巡回检查记录','2014-11-26 04:00:00','准时','3','正常','23.png','null',''),(17157,11,6,'绞车运行日志及巡回检查记录',23,'冯文彦',7,'绞车运行日志及巡回检查记录','007','绞车运行日志及巡回检查记录','2014-11-26 05:00:00','准时','4','正常','23.png','null',''),(17158,12,6,'绞车运行日志及巡回检查记录',23,'李乾',7,'绞车运行日志及巡回检查记录','007','绞车运行日志及巡回检查记录','2014-11-26 06:00:00','准时','5','正常','23.png','null',''),(17159,13,6,'绞车运行日志及巡回检查记录',23,'李乾',7,'绞车运行日志及巡回检查记录','007','绞车运行日志及巡回检查记录','2014-11-26 07:00:00','准时','6','正常','23.png','null',''),(17160,14,6,'绞车运行日志及巡回检查记录',23,'李乾',7,'绞车运行日志及巡回检查记录','007','绞车运行日志及巡回检查记录','2014-11-26 08:00:00','准时','7','正常','23.png','null',''),(17161,15,6,'绞车运行日志及巡回检查记录',23,'李乾',7,'绞车运行日志及巡回检查记录','007','绞车运行日志及巡回检查记录','2014-11-26 09:00:00','准时','8','正常','23.png','null',''),(17162,16,6,'绞车运行日志及巡回检查记录',23,'李乾',7,'绞车运行日志及巡回检查记录','007','绞车运行日志及巡回检查记录','2014-11-26 10:00:00','准时','9','正常','23.png','null',''),(17163,17,6,'绞车运行日志及巡回检查记录',23,'李乾',7,'绞车运行日志及巡回检查记录','007','绞车运行日志及巡回检查记录','2014-11-26 11:00:00','准时','10','正常','23.png','null',''),(17164,18,6,'绞车运行日志及巡回检查记录',23,'李乾',7,'绞车运行日志及巡回检查记录','007','绞车运行日志及巡回检查记录','2014-11-26 12:00:00','准时','11','正常','23.png','null',''),(17165,19,6,'绞车运行日志及巡回检查记录',23,'李乾',7,'绞车运行日志及巡回检查记录','007','绞车运行日志及巡回检查记录','2014-11-26 13:00:00','准时','12','正常','23.png','null',''),(17166,20,6,'绞车运行日志及巡回检查记录',23,'裴森',7,'绞车运行日志及巡回检查记录','007','绞车运行日志及巡回检查记录','2014-11-26 14:00:00','准时','13','正常','23.png','null',''),(17167,21,6,'绞车运行日志及巡回检查记录',23,'裴森',7,'绞车运行日志及巡回检查记录','007','绞车运行日志及巡回检查记录','2014-11-26 15:00:00','准时','14','正常','23.png','null',''),(17168,22,6,'绞车运行日志及巡回检查记录',23,'裴森',7,'绞车运行日志及巡回检查记录','007','绞车运行日志及巡回检查记录','2014-11-26 16:00:00','准时','15','正常','23.png','null',''),(17169,23,6,'绞车运行日志及巡回检查记录',23,'裴森',7,'绞车运行日志及巡回检查记录','007','绞车运行日志及巡回检查记录','2014-11-26 17:00:00','准时','16','正常','23.png','null',''),(17170,24,6,'绞车运行日志及巡回检查记录',23,'裴森',7,'绞车运行日志及巡回检查记录','007','绞车运行日志及巡回检查记录','2014-11-26 18:00:00','准时','17','正常','23.png','null',''),(17171,25,6,'绞车运行日志及巡回检查记录',23,'裴森',7,'绞车运行日志及巡回检查记录','007','绞车运行日志及巡回检查记录','2014-11-26 19:00:00','准时','18','正常','23.png','null',''),(17172,26,6,'绞车运行日志及巡回检查记录',23,'裴森',7,'绞车运行日志及巡回检查记录','007','绞车运行日志及巡回检查记录','2014-11-26 20:00:00','准时','19','正常','23.png','null',''),(17173,27,6,'绞车运行日志及巡回检查记录',23,'裴森',7,'绞车运行日志及巡回检查记录','007','绞车运行日志及巡回检查记录','2014-11-26 21:00:00','准时','20','正常','23.png','null',''),(17174,28,6,'绞车运行日志及巡回检查记录',23,'冯文彦',7,'绞车运行日志及巡回检查记录','007','绞车运行日志及巡回检查记录','2014-11-26 22:00:00','准时','21','正常','23.png','null',''),(17175,29,6,'绞车运行日志及巡回检查记录',23,'冯文彦',7,'绞车运行日志及巡回检查记录','007','绞车运行日志及巡回检查记录','2014-11-26 23:00:00','准时','22','正常','23.png','null',''),(17176,30,6,'绞车运行日志及巡回检查记录',23,'冯文彦',7,'绞车运行日志及巡回检查记录','007','绞车运行日志及巡回检查记录','2014-11-26 00:00:00','准时','23','正常','23.png','null',''),(17177,31,6,'绞车运行日志及巡回检查记录',23,'冯文彦',7,'绞车运行日志及巡回检查记录','007','绞车运行日志及巡回检查记录','2014-11-26 01:00:00','准时','24','正常','23.png','null',''),(17178,1,7,'提升机安全保护装置检查试验记录',22,'高义涛',2,'提升机安全保护装置','002','提升机安全保护装置','2014-11-26 00:00:00','准时','1','正常','22.png','孟志坚',''),(17179,3,8,'车房电工定期维护检修记录',21,'石磊',8,'车房电工定期维护检修记录','008','车房电工定期维护检修记录','2014-11-26 00:00:00','准时','1','正常','21.png','null',''),(17180,2,1,'多绳绞车钢丝绳查验记录',15,'牛利生',1,'多绳绞车钢丝绳','001','多绳绞车钢丝绳','2014-11-27 00:00:00','准时','1','正常','15.png','刘博',''),(17181,8,2,'提升系统钳工包机日检（一）',12,'高岭',4,'提升系统钳工包机日检（一）','004','提升系统钳工包机日检（一）','2014-11-27 00:00:00','准时','1','正常','12.png','null',''),(17182,7,3,'提升系统钳工包机日检（二）',19,'王军军',5,'提升系统钳工包机日检（二）','005','提升系统钳工包机日检（二）','2014-11-27 00:00:00','准时','1','正常','19.png','null',''),(17185,4,6,'绞车运行日志及巡回检查记录',6,'李健',7,'绞车运行日志及巡回检查记录','007','绞车运行日志及巡回检查记录','2014-11-27 02:00:00','准时','1','正常','6.png','null',''),(17186,9,6,'绞车运行日志及巡回检查记录',6,'李健',7,'绞车运行日志及巡回检查记录','007','绞车运行日志及巡回检查记录','2014-11-27 03:00:00','准时','2','正常','6.png','null',''),(17187,10,6,'绞车运行日志及巡回检查记录',6,'李健',7,'绞车运行日志及巡回检查记录','007','绞车运行日志及巡回检查记录','2014-11-27 04:00:00','准时','3','正常','6.png','null',''),(17188,11,6,'绞车运行日志及巡回检查记录',6,'李健',7,'绞车运行日志及巡回检查记录','007','绞车运行日志及巡回检查记录','2014-11-27 05:00:00','准时','4','正常','6.png','null',''),(17189,12,6,'绞车运行日志及巡回检查记录',6,'王巍',7,'绞车运行日志及巡回检查记录','007','绞车运行日志及巡回检查记录','2014-11-27 06:00:00','准时','5','正常','6.png','null',''),(17190,13,6,'绞车运行日志及巡回检查记录',6,'王巍',7,'绞车运行日志及巡回检查记录','007','绞车运行日志及巡回检查记录','2014-11-27 07:00:00','准时','6','正常','6.png','null',''),(17191,14,6,'绞车运行日志及巡回检查记录',6,'王巍',7,'绞车运行日志及巡回检查记录','007','绞车运行日志及巡回检查记录','2014-11-27 08:00:00','准时','7','正常','6.png','null',''),(17192,15,6,'绞车运行日志及巡回检查记录',6,'王巍',7,'绞车运行日志及巡回检查记录','007','绞车运行日志及巡回检查记录','2014-11-27 09:00:00','准时','8','正常','6.png','null',''),(17193,16,6,'绞车运行日志及巡回检查记录',6,'王巍',7,'绞车运行日志及巡回检查记录','007','绞车运行日志及巡回检查记录','2014-11-27 10:00:00','准时','9','正常','6.png','null',''),(17194,17,6,'绞车运行日志及巡回检查记录',6,'王巍',7,'绞车运行日志及巡回检查记录','007','绞车运行日志及巡回检查记录','2014-11-27 11:00:00','准时','10','正常','6.png','null',''),(17195,18,6,'绞车运行日志及巡回检查记录',6,'王巍',7,'绞车运行日志及巡回检查记录','007','绞车运行日志及巡回检查记录','2014-11-27 12:00:00','准时','11','正常','6.png','null',''),(17196,19,6,'绞车运行日志及巡回检查记录',6,'王巍',7,'绞车运行日志及巡回检查记录','007','绞车运行日志及巡回检查记录','2014-11-27 13:00:00','准时','12','正常','6.png','null',''),(17197,20,6,'绞车运行日志及巡回检查记录',6,'苑成智',7,'绞车运行日志及巡回检查记录','007','绞车运行日志及巡回检查记录','2014-11-27 14:00:00','准时','13','正常','6.png','null',''),(17198,21,6,'绞车运行日志及巡回检查记录',6,'苑成智',7,'绞车运行日志及巡回检查记录','007','绞车运行日志及巡回检查记录','2014-11-27 15:00:00','准时','14','正常','6.png','null',''),(17199,22,6,'绞车运行日志及巡回检查记录',6,'苑成智',7,'绞车运行日志及巡回检查记录','007','绞车运行日志及巡回检查记录','2014-11-27 16:00:00','准时','15','正常','6.png','null',''),(17200,23,6,'绞车运行日志及巡回检查记录',6,'苑成智',7,'绞车运行日志及巡回检查记录','007','绞车运行日志及巡回检查记录','2014-11-27 17:00:00','准时','16','正常','6.png','null',''),(17201,24,6,'绞车运行日志及巡回检查记录',6,'苑成智',7,'绞车运行日志及巡回检查记录','007','绞车运行日志及巡回检查记录','2014-11-27 18:00:00','准时','17','正常','6.png','null',''),(17202,25,6,'绞车运行日志及巡回检查记录',6,'苑成智',7,'绞车运行日志及巡回检查记录','007','绞车运行日志及巡回检查记录','2014-11-27 19:00:00','准时','18','正常','6.png','null',''),(17203,26,6,'绞车运行日志及巡回检查记录',6,'苑成智',7,'绞车运行日志及巡回检查记录','007','绞车运行日志及巡回检查记录','2014-11-27 20:00:00','准时','19','正常','6.png','null',''),(17204,27,6,'绞车运行日志及巡回检查记录',6,'苑成智',7,'绞车运行日志及巡回检查记录','007','绞车运行日志及巡回检查记录','2014-11-27 21:00:00','准时','20','正常','6.png','null',''),(17205,28,6,'绞车运行日志及巡回检查记录',6,'李健',7,'绞车运行日志及巡回检查记录','007','绞车运行日志及巡回检查记录','2014-11-27 22:00:00','准时','21','正常','6.png','null',''),(17206,29,6,'绞车运行日志及巡回检查记录',6,'李健',7,'绞车运行日志及巡回检查记录','007','绞车运行日志及巡回检查记录','2014-11-27 23:00:00','准时','22','正常','6.png','null',''),(17207,30,6,'绞车运行日志及巡回检查记录',6,'李健',7,'绞车运行日志及巡回检查记录','007','绞车运行日志及巡回检查记录','2014-11-27 00:00:00','准时','23','正常','6.png','null',''),(17208,31,6,'绞车运行日志及巡回检查记录',6,'李健',7,'绞车运行日志及巡回检查记录','007','绞车运行日志及巡回检查记录','2014-11-27 01:00:00','准时','24','正常','6.png','null',''),(17209,1,7,'提升机安全保护装置检查试验记录',22,'高义涛',2,'提升机安全保护装置','002','提升机安全保护装置','2014-11-27 00:00:00','准时','1','正常','22.png','刘超',''),(17210,3,8,'车房电工定期维护检修记录',22,'高义涛',8,'车房电工定期维护检修记录','008','车房电工定期维护检修记录','2014-11-27 00:00:00','准时','1','正常','22.png','null',''),(17211,2,1,'多绳绞车钢丝绳查验记录',16,'李卫',1,'多绳绞车钢丝绳','001','多绳绞车钢丝绳','2014-11-28 00:00:00','准时','1','正常','16.png','孟志坚',''),(17212,8,2,'提升系统钳工包机日检（一）',19,'王军军',4,'提升系统钳工包机日检（一）','004','提升系统钳工包机日检（一）','2014-11-28 00:00:00','准时','1','正常','19.png','null',''),(17213,7,3,'提升系统钳工包机日检（二）',12,'高岭',5,'提升系统钳工包机日检（二）','005','提升系统钳工包机日检（二）','2014-11-28 00:00:00','准时','1','正常','12.png','null',''),(17216,4,6,'绞车运行日志及巡回检查记录',6,'李健',7,'绞车运行日志及巡回检查记录','007','绞车运行日志及巡回检查记录','2014-11-28 02:00:00','准时','1','正常','6.png','null',''),(17217,9,6,'绞车运行日志及巡回检查记录',6,'李健',7,'绞车运行日志及巡回检查记录','007','绞车运行日志及巡回检查记录','2014-11-28 03:00:00','准时','2','正常','6.png','null',''),(17218,10,6,'绞车运行日志及巡回检查记录',6,'李健',7,'绞车运行日志及巡回检查记录','007','绞车运行日志及巡回检查记录','2014-11-28 04:00:00','准时','3','正常','6.png','null',''),(17219,11,6,'绞车运行日志及巡回检查记录',6,'李健',7,'绞车运行日志及巡回检查记录','007','绞车运行日志及巡回检查记录','2014-11-28 05:00:00','准时','4','正常','6.png','null',''),(17220,12,6,'绞车运行日志及巡回检查记录',6,'王巍',7,'绞车运行日志及巡回检查记录','007','绞车运行日志及巡回检查记录','2014-11-28 06:00:00','准时','5','正常','6.png','null',''),(17221,13,6,'绞车运行日志及巡回检查记录',6,'王巍',7,'绞车运行日志及巡回检查记录','007','绞车运行日志及巡回检查记录','2014-11-28 07:00:00','准时','6','正常','6.png','null',''),(17222,14,6,'绞车运行日志及巡回检查记录',6,'王巍',7,'绞车运行日志及巡回检查记录','007','绞车运行日志及巡回检查记录','2014-11-28 08:00:00','准时','7','正常','6.png','null',''),(17223,15,6,'绞车运行日志及巡回检查记录',6,'王巍',7,'绞车运行日志及巡回检查记录','007','绞车运行日志及巡回检查记录','2014-11-28 09:00:00','准时','8','正常','6.png','null',''),(17224,16,6,'绞车运行日志及巡回检查记录',6,'王巍',7,'绞车运行日志及巡回检查记录','007','绞车运行日志及巡回检查记录','2014-11-28 10:00:00','准时','9','正常','6.png','null',''),(17225,17,6,'绞车运行日志及巡回检查记录',6,'王巍',7,'绞车运行日志及巡回检查记录','007','绞车运行日志及巡回检查记录','2014-11-28 11:00:00','准时','10','正常','6.png','null',''),(17226,18,6,'绞车运行日志及巡回检查记录',6,'王巍',7,'绞车运行日志及巡回检查记录','007','绞车运行日志及巡回检查记录','2014-11-28 12:00:00','准时','11','正常','6.png','null',''),(17227,19,6,'绞车运行日志及巡回检查记录',6,'王巍',7,'绞车运行日志及巡回检查记录','007','绞车运行日志及巡回检查记录','2014-11-28 13:00:00','准时','12','正常','6.png','null',''),(17228,20,6,'绞车运行日志及巡回检查记录',6,'苑成智',7,'绞车运行日志及巡回检查记录','007','绞车运行日志及巡回检查记录','2014-11-28 14:00:00','准时','13','正常','6.png','null',''),(17229,21,6,'绞车运行日志及巡回检查记录',6,'苑成智',7,'绞车运行日志及巡回检查记录','007','绞车运行日志及巡回检查记录','2014-11-28 15:00:00','准时','14','正常','6.png','null',''),(17230,22,6,'绞车运行日志及巡回检查记录',6,'苑成智',7,'绞车运行日志及巡回检查记录','007','绞车运行日志及巡回检查记录','2014-11-28 16:00:00','准时','15','正常','6.png','null',''),(17231,23,6,'绞车运行日志及巡回检查记录',6,'苑成智',7,'绞车运行日志及巡回检查记录','007','绞车运行日志及巡回检查记录','2014-11-28 17:00:00','准时','16','正常','6.png','null',''),(17232,24,6,'绞车运行日志及巡回检查记录',6,'苑成智',7,'绞车运行日志及巡回检查记录','007','绞车运行日志及巡回检查记录','2014-11-28 18:00:00','准时','17','正常','6.png','null',''),(17233,25,6,'绞车运行日志及巡回检查记录',6,'苑成智',7,'绞车运行日志及巡回检查记录','007','绞车运行日志及巡回检查记录','2014-11-28 19:00:00','准时','18','正常','6.png','null',''),(17234,26,6,'绞车运行日志及巡回检查记录',6,'苑成智',7,'绞车运行日志及巡回检查记录','007','绞车运行日志及巡回检查记录','2014-11-28 20:00:00','准时','19','正常','6.png','null',''),(17235,27,6,'绞车运行日志及巡回检查记录',6,'苑成智',7,'绞车运行日志及巡回检查记录','007','绞车运行日志及巡回检查记录','2014-11-28 21:00:00','准时','20','正常','6.png','null',''),(17236,28,6,'绞车运行日志及巡回检查记录',6,'李健',7,'绞车运行日志及巡回检查记录','007','绞车运行日志及巡回检查记录','2014-11-28 22:00:00','准时','21','正常','6.png','null',''),(17237,29,6,'绞车运行日志及巡回检查记录',6,'李健',7,'绞车运行日志及巡回检查记录','007','绞车运行日志及巡回检查记录','2014-11-28 23:00:00','准时','22','正常','6.png','null',''),(17238,30,6,'绞车运行日志及巡回检查记录',6,'李健',7,'绞车运行日志及巡回检查记录','007','绞车运行日志及巡回检查记录','2014-11-28 00:00:00','准时','23','正常','6.png','null',''),(17239,31,6,'绞车运行日志及巡回检查记录',6,'李健',7,'绞车运行日志及巡回检查记录','007','绞车运行日志及巡回检查记录','2014-11-28 01:00:00','准时','24','正常','6.png','null',''),(17240,1,7,'提升机安全保护装置检查试验记录',21,'石磊',2,'提升机安全保护装置','002','提升机安全保护装置','2014-11-28 00:00:00','准时','1','正常','21.png','刘超',''),(17241,3,8,'车房电工定期维护检修记录',20,'郁奇峰',8,'车房电工定期维护检修记录','008','车房电工定期维护检修记录','2014-11-28 00:00:00','准时','1','正常','20.png','null',''),(17242,2,1,'多绳绞车钢丝绳查验记录',16,'李卫',1,'多绳绞车钢丝绳','001','多绳绞车钢丝绳','2014-11-29 00:00:00','准时','1','正常','16.png','郑威',''),(17243,8,2,'提升系统钳工包机日检（一）',12,'高岭',4,'提升系统钳工包机日检（一）','004','提升系统钳工包机日检（一）','2014-11-29 00:00:00','准时','1','正常','12.png','null',''),(17244,7,3,'提升系统钳工包机日检（二）',12,'高岭',5,'提升系统钳工包机日检（二）','005','提升系统钳工包机日检（二）','2014-11-29 00:00:00','准时','1','正常','12.png','null',''),(17247,4,6,'绞车运行日志及巡回检查记录',24,'李乾',7,'绞车运行日志及巡回检查记录','007','绞车运行日志及巡回检查记录','2014-11-29 02:00:00','准时','1','正常','24.png','null',''),(17248,9,6,'绞车运行日志及巡回检查记录',24,'李乾',7,'绞车运行日志及巡回检查记录','007','绞车运行日志及巡回检查记录','2014-11-29 03:00:00','准时','2','正常','24.png','null',''),(17249,10,6,'绞车运行日志及巡回检查记录',24,'李乾',7,'绞车运行日志及巡回检查记录','007','绞车运行日志及巡回检查记录','2014-11-29 04:00:00','准时','3','正常','24.png','null',''),(17250,11,6,'绞车运行日志及巡回检查记录',24,'李乾',7,'绞车运行日志及巡回检查记录','007','绞车运行日志及巡回检查记录','2014-11-29 05:00:00','准时','4','正常','24.png','null',''),(17251,12,6,'绞车运行日志及巡回检查记录',24,'裴森',7,'绞车运行日志及巡回检查记录','007','绞车运行日志及巡回检查记录','2014-11-29 06:00:00','准时','5','正常','24.png','null',''),(17252,13,6,'绞车运行日志及巡回检查记录',24,'裴森',7,'绞车运行日志及巡回检查记录','007','绞车运行日志及巡回检查记录','2014-11-29 07:00:00','准时','6','正常','24.png','null',''),(17253,14,6,'绞车运行日志及巡回检查记录',24,'裴森',7,'绞车运行日志及巡回检查记录','007','绞车运行日志及巡回检查记录','2014-11-29 08:00:00','准时','7','正常','24.png','null',''),(17254,15,6,'绞车运行日志及巡回检查记录',24,'裴森',7,'绞车运行日志及巡回检查记录','007','绞车运行日志及巡回检查记录','2014-11-29 09:00:00','准时','8','正常','24.png','null',''),(17255,16,6,'绞车运行日志及巡回检查记录',24,'裴森',7,'绞车运行日志及巡回检查记录','007','绞车运行日志及巡回检查记录','2014-11-29 10:00:00','准时','9','正常','24.png','null',''),(17256,17,6,'绞车运行日志及巡回检查记录',24,'裴森',7,'绞车运行日志及巡回检查记录','007','绞车运行日志及巡回检查记录','2014-11-29 11:00:00','准时','10','正常','24.png','null',''),(17257,18,6,'绞车运行日志及巡回检查记录',24,'裴森',7,'绞车运行日志及巡回检查记录','007','绞车运行日志及巡回检查记录','2014-11-29 12:00:00','准时','11','正常','24.png','null',''),(17258,19,6,'绞车运行日志及巡回检查记录',24,'裴森',7,'绞车运行日志及巡回检查记录','007','绞车运行日志及巡回检查记录','2014-11-29 13:00:00','准时','12','正常','24.png','null',''),(17259,20,6,'绞车运行日志及巡回检查记录',24,'李健',7,'绞车运行日志及巡回检查记录','007','绞车运行日志及巡回检查记录','2014-11-29 14:00:00','准时','13','正常','24.png','null',''),(17260,21,6,'绞车运行日志及巡回检查记录',24,'李健',7,'绞车运行日志及巡回检查记录','007','绞车运行日志及巡回检查记录','2014-11-29 15:00:00','准时','14','正常','24.png','null',''),(17261,22,6,'绞车运行日志及巡回检查记录',24,'李健',7,'绞车运行日志及巡回检查记录','007','绞车运行日志及巡回检查记录','2014-11-29 16:00:00','准时','15','正常','24.png','null',''),(17262,23,6,'绞车运行日志及巡回检查记录',24,'李健',7,'绞车运行日志及巡回检查记录','007','绞车运行日志及巡回检查记录','2014-11-29 17:00:00','准时','16','正常','24.png','null',''),(17263,24,6,'绞车运行日志及巡回检查记录',24,'李健',7,'绞车运行日志及巡回检查记录','007','绞车运行日志及巡回检查记录','2014-11-29 18:00:00','准时','17','正常','24.png','null',''),(17264,25,6,'绞车运行日志及巡回检查记录',24,'李健',7,'绞车运行日志及巡回检查记录','007','绞车运行日志及巡回检查记录','2014-11-29 19:00:00','准时','18','正常','24.png','null',''),(17265,26,6,'绞车运行日志及巡回检查记录',24,'李健',7,'绞车运行日志及巡回检查记录','007','绞车运行日志及巡回检查记录','2014-11-29 20:00:00','准时','19','正常','24.png','null',''),(17266,27,6,'绞车运行日志及巡回检查记录',24,'李健',7,'绞车运行日志及巡回检查记录','007','绞车运行日志及巡回检查记录','2014-11-29 21:00:00','准时','20','正常','24.png','null',''),(17267,28,6,'绞车运行日志及巡回检查记录',24,'李乾',7,'绞车运行日志及巡回检查记录','007','绞车运行日志及巡回检查记录','2014-11-29 22:00:00','准时','21','正常','24.png','null',''),(17268,29,6,'绞车运行日志及巡回检查记录',24,'李乾',7,'绞车运行日志及巡回检查记录','007','绞车运行日志及巡回检查记录','2014-11-29 23:00:00','准时','22','正常','24.png','null',''),(17269,30,6,'绞车运行日志及巡回检查记录',24,'李乾',7,'绞车运行日志及巡回检查记录','007','绞车运行日志及巡回检查记录','2014-11-29 00:00:00','准时','23','正常','24.png','null',''),(17270,31,6,'绞车运行日志及巡回检查记录',24,'李乾',7,'绞车运行日志及巡回检查记录','007','绞车运行日志及巡回检查记录','2014-11-29 01:00:00','准时','24','正常','24.png','null',''),(17271,1,7,'提升机安全保护装置检查试验记录',22,'高义涛',2,'提升机安全保护装置','002','提升机安全保护装置','2014-11-29 00:00:00','准时','1','正常','22.png','孟志坚',''),(17272,3,8,'车房电工定期维护检修记录',21,'石磊',8,'车房电工定期维护检修记录','008','车房电工定期维护检修记录','2014-11-29 00:00:00','准时','1','正常','21.png','null',''),(17273,2,1,'多绳绞车钢丝绳查验记录',16,'李卫',1,'多绳绞车钢丝绳','001','多绳绞车钢丝绳','2014-11-30 00:00:00','准时','1','正常','16.png','刘超',''),(17274,8,2,'提升系统钳工包机日检（一）',18,'唐庆恩',4,'提升系统钳工包机日检（一）','004','提升系统钳工包机日检（一）','2014-11-30 00:00:00','准时','1','正常','18.png','null',''),(17275,7,3,'提升系统钳工包机日检（二）',12,'高岭',5,'提升系统钳工包机日检（二）','005','提升系统钳工包机日检（二）','2014-11-30 00:00:00','准时','1','正常','12.png','null',''),(17276,6,4,'提升系统钳工周检',12,'高岭',6,'提升系统钳工周检','006','提升系统钳工周检','2014-11-24 00:00:00','准时','1','正常','12.png','null',''),(17277,5,5,'提升系统起重工周检',15,'牛利生',3,'提升系统起重工周检','003','提升系统起重工周检','2014-11-24 00:00:00','准时','1','正常','15.png','null',''),(17278,4,6,'绞车运行日志及巡回检查记录',5,'裴森',7,'绞车运行日志及巡回检查记录','007','绞车运行日志及巡回检查记录','2014-11-30 02:00:00','准时','1','正常','5.png','null',''),(17279,9,6,'绞车运行日志及巡回检查记录',5,'裴森',7,'绞车运行日志及巡回检查记录','007','绞车运行日志及巡回检查记录','2014-11-30 03:00:00','准时','2','正常','5.png','null',''),(17280,10,6,'绞车运行日志及巡回检查记录',5,'裴森',7,'绞车运行日志及巡回检查记录','007','绞车运行日志及巡回检查记录','2014-11-30 04:00:00','准时','3','正常','5.png','null',''),(17281,11,6,'绞车运行日志及巡回检查记录',5,'裴森',7,'绞车运行日志及巡回检查记录','007','绞车运行日志及巡回检查记录','2014-11-30 05:00:00','准时','4','正常','5.png','null',''),(17282,12,6,'绞车运行日志及巡回检查记录',5,'李健',7,'绞车运行日志及巡回检查记录','007','绞车运行日志及巡回检查记录','2014-11-30 06:00:00','准时','5','正常','5.png','null',''),(17283,13,6,'绞车运行日志及巡回检查记录',5,'李健',7,'绞车运行日志及巡回检查记录','007','绞车运行日志及巡回检查记录','2014-11-30 07:00:00','准时','6','正常','5.png','null',''),(17284,14,6,'绞车运行日志及巡回检查记录',5,'李健',7,'绞车运行日志及巡回检查记录','007','绞车运行日志及巡回检查记录','2014-11-30 08:00:00','准时','7','正常','5.png','null',''),(17285,15,6,'绞车运行日志及巡回检查记录',5,'李健',7,'绞车运行日志及巡回检查记录','007','绞车运行日志及巡回检查记录','2014-11-30 09:00:00','准时','8','正常','5.png','null',''),(17286,16,6,'绞车运行日志及巡回检查记录',5,'李健',7,'绞车运行日志及巡回检查记录','007','绞车运行日志及巡回检查记录','2014-11-30 10:00:00','准时','9','正常','5.png','null',''),(17287,17,6,'绞车运行日志及巡回检查记录',5,'李健',7,'绞车运行日志及巡回检查记录','007','绞车运行日志及巡回检查记录','2014-11-30 11:00:00','准时','10','正常','5.png','null',''),(17288,18,6,'绞车运行日志及巡回检查记录',5,'李健',7,'绞车运行日志及巡回检查记录','007','绞车运行日志及巡回检查记录','2014-11-30 12:00:00','准时','11','正常','5.png','null',''),(17289,19,6,'绞车运行日志及巡回检查记录',5,'李健',7,'绞车运行日志及巡回检查记录','007','绞车运行日志及巡回检查记录','2014-11-30 13:00:00','准时','12','正常','5.png','null',''),(17290,20,6,'绞车运行日志及巡回检查记录',5,'王巍',7,'绞车运行日志及巡回检查记录','007','绞车运行日志及巡回检查记录','2014-11-30 14:00:00','准时','13','正常','5.png','null',''),(17291,21,6,'绞车运行日志及巡回检查记录',5,'王巍',7,'绞车运行日志及巡回检查记录','007','绞车运行日志及巡回检查记录','2014-11-30 15:00:00','准时','14','正常','5.png','null',''),(17292,22,6,'绞车运行日志及巡回检查记录',5,'王巍',7,'绞车运行日志及巡回检查记录','007','绞车运行日志及巡回检查记录','2014-11-30 16:00:00','准时','15','正常','5.png','null',''),(17293,23,6,'绞车运行日志及巡回检查记录',5,'王巍',7,'绞车运行日志及巡回检查记录','007','绞车运行日志及巡回检查记录','2014-11-30 17:00:00','准时','16','正常','5.png','null',''),(17294,24,6,'绞车运行日志及巡回检查记录',5,'王巍',7,'绞车运行日志及巡回检查记录','007','绞车运行日志及巡回检查记录','2014-11-30 18:00:00','准时','17','正常','5.png','null',''),(17295,25,6,'绞车运行日志及巡回检查记录',5,'王巍',7,'绞车运行日志及巡回检查记录','007','绞车运行日志及巡回检查记录','2014-11-30 19:00:00','准时','18','正常','5.png','null',''),(17296,26,6,'绞车运行日志及巡回检查记录',5,'王巍',7,'绞车运行日志及巡回检查记录','007','绞车运行日志及巡回检查记录','2014-11-30 20:00:00','准时','19','正常','5.png','null',''),(17297,27,6,'绞车运行日志及巡回检查记录',5,'王巍',7,'绞车运行日志及巡回检查记录','007','绞车运行日志及巡回检查记录','2014-11-30 21:00:00','准时','20','正常','5.png','null',''),(17298,28,6,'绞车运行日志及巡回检查记录',5,'裴森',7,'绞车运行日志及巡回检查记录','007','绞车运行日志及巡回检查记录','2014-11-30 22:00:00','准时','21','正常','5.png','null',''),(17299,29,6,'绞车运行日志及巡回检查记录',5,'裴森',7,'绞车运行日志及巡回检查记录','007','绞车运行日志及巡回检查记录','2014-11-30 23:00:00','准时','22','正常','5.png','null',''),(17300,30,6,'绞车运行日志及巡回检查记录',5,'裴森',7,'绞车运行日志及巡回检查记录','007','绞车运行日志及巡回检查记录','2014-11-30 00:00:00','准时','23','正常','5.png','null',''),(17301,31,6,'绞车运行日志及巡回检查记录',5,'裴森',7,'绞车运行日志及巡回检查记录','007','绞车运行日志及巡回检查记录','2014-11-30 01:00:00','准时','24','正常','5.png','null',''),(17302,1,7,'提升机安全保护装置检查试验记录',21,'石磊',2,'提升机安全保护装置','002','提升机安全保护装置','2014-11-30 00:00:00','准时','1','正常','21.png','郑威',''),(17303,3,8,'车房电工定期维护检修记录',20,'郁奇峰',8,'车房电工定期维护检修记录','008','车房电工定期维护检修记录','2014-11-30 00:00:00','准时','1','正常','20.png','null',''),(17304,2,1,'多绳绞车钢丝绳查验记录',15,'牛利生',1,'多绳绞车钢丝绳','001','多绳绞车钢丝绳','2014-12-01 00:00:00','准时','1','正常','15.png','王春青',''),(17305,8,2,'提升系统钳工包机日检（一）',12,'高岭',4,'提升系统钳工包机日检（一）','004','提升系统钳工包机日检（一）','2014-12-01 00:00:00','准时','1','正常','12.png','null',''),(17306,7,3,'提升系统钳工包机日检（二）',12,'高岭',5,'提升系统钳工包机日检（二）','005','提升系统钳工包机日检（二）','2014-12-01 00:00:00','准时','1','正常','12.png','null',''),(17309,4,6,'绞车运行日志及巡回检查记录',23,'冯文彦',7,'绞车运行日志及巡回检查记录','007','绞车运行日志及巡回检查记录','2014-12-01 02:00:00','准时','1','正常','23.png','null',''),(17310,9,6,'绞车运行日志及巡回检查记录',23,'冯文彦',7,'绞车运行日志及巡回检查记录','007','绞车运行日志及巡回检查记录','2014-12-01 03:00:00','准时','2','正常','23.png','null',''),(17311,10,6,'绞车运行日志及巡回检查记录',23,'冯文彦',7,'绞车运行日志及巡回检查记录','007','绞车运行日志及巡回检查记录','2014-12-01 04:00:00','准时','3','正常','23.png','null',''),(17312,11,6,'绞车运行日志及巡回检查记录',23,'冯文彦',7,'绞车运行日志及巡回检查记录','007','绞车运行日志及巡回检查记录','2014-12-01 05:00:00','准时','4','正常','23.png','null',''),(17313,12,6,'绞车运行日志及巡回检查记录',23,'李乾',7,'绞车运行日志及巡回检查记录','007','绞车运行日志及巡回检查记录','2014-12-01 06:00:00','准时','5','正常','23.png','null',''),(17314,13,6,'绞车运行日志及巡回检查记录',23,'李乾',7,'绞车运行日志及巡回检查记录','007','绞车运行日志及巡回检查记录','2014-12-01 07:00:00','准时','6','正常','23.png','null',''),(17315,14,6,'绞车运行日志及巡回检查记录',23,'李乾',7,'绞车运行日志及巡回检查记录','007','绞车运行日志及巡回检查记录','2014-12-01 08:00:00','准时','7','正常','23.png','null',''),(17316,15,6,'绞车运行日志及巡回检查记录',23,'李乾',7,'绞车运行日志及巡回检查记录','007','绞车运行日志及巡回检查记录','2014-12-01 09:00:00','准时','8','正常','23.png','null',''),(17317,16,6,'绞车运行日志及巡回检查记录',23,'李乾',7,'绞车运行日志及巡回检查记录','007','绞车运行日志及巡回检查记录','2014-12-01 10:00:00','准时','9','正常','23.png','null',''),(17318,17,6,'绞车运行日志及巡回检查记录',23,'李乾',7,'绞车运行日志及巡回检查记录','007','绞车运行日志及巡回检查记录','2014-12-01 11:00:00','准时','10','正常','23.png','null',''),(17319,18,6,'绞车运行日志及巡回检查记录',23,'李乾',7,'绞车运行日志及巡回检查记录','007','绞车运行日志及巡回检查记录','2014-12-01 12:00:00','准时','11','正常','23.png','null',''),(17320,19,6,'绞车运行日志及巡回检查记录',23,'李乾',7,'绞车运行日志及巡回检查记录','007','绞车运行日志及巡回检查记录','2014-12-01 13:00:00','准时','12','正常','23.png','null',''),(17321,20,6,'绞车运行日志及巡回检查记录',23,'裴森',7,'绞车运行日志及巡回检查记录','007','绞车运行日志及巡回检查记录','2014-12-01 14:00:00','准时','13','正常','23.png','null',''),(17322,21,6,'绞车运行日志及巡回检查记录',23,'裴森',7,'绞车运行日志及巡回检查记录','007','绞车运行日志及巡回检查记录','2014-12-01 15:00:00','准时','14','正常','23.png','null',''),(17323,22,6,'绞车运行日志及巡回检查记录',23,'裴森',7,'绞车运行日志及巡回检查记录','007','绞车运行日志及巡回检查记录','2014-12-01 16:00:00','准时','15','正常','23.png','null',''),(17324,23,6,'绞车运行日志及巡回检查记录',23,'裴森',7,'绞车运行日志及巡回检查记录','007','绞车运行日志及巡回检查记录','2014-12-01 17:00:00','准时','16','正常','23.png','null',''),(17325,24,6,'绞车运行日志及巡回检查记录',23,'裴森',7,'绞车运行日志及巡回检查记录','007','绞车运行日志及巡回检查记录','2014-12-01 18:00:00','准时','17','正常','23.png','null',''),(17326,25,6,'绞车运行日志及巡回检查记录',23,'裴森',7,'绞车运行日志及巡回检查记录','007','绞车运行日志及巡回检查记录','2014-12-01 19:00:00','准时','18','正常','23.png','null',''),(17327,26,6,'绞车运行日志及巡回检查记录',23,'裴森',7,'绞车运行日志及巡回检查记录','007','绞车运行日志及巡回检查记录','2014-12-01 20:00:00','准时','19','正常','23.png','null',''),(17328,27,6,'绞车运行日志及巡回检查记录',23,'裴森',7,'绞车运行日志及巡回检查记录','007','绞车运行日志及巡回检查记录','2014-12-01 21:00:00','准时','20','正常','23.png','null',''),(17329,28,6,'绞车运行日志及巡回检查记录',23,'冯文彦',7,'绞车运行日志及巡回检查记录','007','绞车运行日志及巡回检查记录','2014-12-01 22:00:00','准时','21','正常','23.png','null',''),(17330,29,6,'绞车运行日志及巡回检查记录',23,'冯文彦',7,'绞车运行日志及巡回检查记录','007','绞车运行日志及巡回检查记录','2014-12-01 23:00:00','准时','22','正常','23.png','null',''),(17331,30,6,'绞车运行日志及巡回检查记录',23,'冯文彦',7,'绞车运行日志及巡回检查记录','007','绞车运行日志及巡回检查记录','2014-12-01 00:00:00','准时','23','正常','23.png','null',''),(17332,31,6,'绞车运行日志及巡回检查记录',23,'冯文彦',7,'绞车运行日志及巡回检查记录','007','绞车运行日志及巡回检查记录','2014-12-01 01:00:00','准时','24','正常','23.png','null',''),(17333,1,7,'提升机安全保护装置检查试验记录',22,'高义涛',2,'提升机安全保护装置','002','提升机安全保护装置','2014-12-01 00:00:00','准时','1','正常','22.png','郑威',''),(17334,3,8,'车房电工定期维护检修记录',22,'高义涛',8,'车房电工定期维护检修记录','008','车房电工定期维护检修记录','2014-12-01 00:00:00','准时','1','正常','22.png','null',''),(17335,2,1,'多绳绞车钢丝绳查验记录',15,'牛利生',1,'多绳绞车钢丝绳','001','多绳绞车钢丝绳','2014-12-02 00:00:00','准时','1','正常','15.png','郑威',''),(17336,8,2,'提升系统钳工包机日检（一）',12,'高岭',4,'提升系统钳工包机日检（一）','004','提升系统钳工包机日检（一）','2014-12-02 00:00:00','准时','1','正常','12.png','null',''),(17337,7,3,'提升系统钳工包机日检（二）',8,'左睿',5,'提升系统钳工包机日检（二）','005','提升系统钳工包机日检（二）','2014-12-02 00:00:00','准时','1','正常','8.png','null',''),(17340,4,6,'绞车运行日志及巡回检查记录',5,'裴森',7,'绞车运行日志及巡回检查记录','007','绞车运行日志及巡回检查记录','2014-12-02 02:00:00','准时','1','正常','5.png','null',''),(17341,9,6,'绞车运行日志及巡回检查记录',5,'裴森',7,'绞车运行日志及巡回检查记录','007','绞车运行日志及巡回检查记录','2014-12-02 03:00:00','准时','2','正常','5.png','null',''),(17342,10,6,'绞车运行日志及巡回检查记录',5,'裴森',7,'绞车运行日志及巡回检查记录','007','绞车运行日志及巡回检查记录','2014-12-02 04:00:00','准时','3','正常','5.png','null',''),(17343,11,6,'绞车运行日志及巡回检查记录',5,'裴森',7,'绞车运行日志及巡回检查记录','007','绞车运行日志及巡回检查记录','2014-12-02 05:00:00','准时','4','正常','5.png','null',''),(17344,12,6,'绞车运行日志及巡回检查记录',5,'李健',7,'绞车运行日志及巡回检查记录','007','绞车运行日志及巡回检查记录','2014-12-02 06:00:00','准时','5','正常','5.png','null',''),(17345,13,6,'绞车运行日志及巡回检查记录',5,'李健',7,'绞车运行日志及巡回检查记录','007','绞车运行日志及巡回检查记录','2014-12-02 07:00:00','准时','6','正常','5.png','null',''),(17346,14,6,'绞车运行日志及巡回检查记录',5,'李健',7,'绞车运行日志及巡回检查记录','007','绞车运行日志及巡回检查记录','2014-12-02 08:00:00','准时','7','正常','5.png','null',''),(17347,15,6,'绞车运行日志及巡回检查记录',5,'李健',7,'绞车运行日志及巡回检查记录','007','绞车运行日志及巡回检查记录','2014-12-02 09:00:00','准时','8','正常','5.png','null',''),(17348,16,6,'绞车运行日志及巡回检查记录',5,'李健',7,'绞车运行日志及巡回检查记录','007','绞车运行日志及巡回检查记录','2014-12-02 10:00:00','准时','9','正常','5.png','null',''),(17349,17,6,'绞车运行日志及巡回检查记录',5,'李健',7,'绞车运行日志及巡回检查记录','007','绞车运行日志及巡回检查记录','2014-12-02 11:00:00','准时','10','正常','5.png','null',''),(17350,18,6,'绞车运行日志及巡回检查记录',5,'李健',7,'绞车运行日志及巡回检查记录','007','绞车运行日志及巡回检查记录','2014-12-02 12:00:00','准时','11','正常','5.png','null',''),(17351,19,6,'绞车运行日志及巡回检查记录',5,'李健',7,'绞车运行日志及巡回检查记录','007','绞车运行日志及巡回检查记录','2014-12-02 13:00:00','准时','12','正常','5.png','null',''),(17352,20,6,'绞车运行日志及巡回检查记录',5,'王巍',7,'绞车运行日志及巡回检查记录','007','绞车运行日志及巡回检查记录','2014-12-02 14:00:00','准时','13','正常','5.png','null',''),(17353,21,6,'绞车运行日志及巡回检查记录',5,'王巍',7,'绞车运行日志及巡回检查记录','007','绞车运行日志及巡回检查记录','2014-12-02 15:00:00','准时','14','正常','5.png','null',''),(17354,22,6,'绞车运行日志及巡回检查记录',5,'王巍',7,'绞车运行日志及巡回检查记录','007','绞车运行日志及巡回检查记录','2014-12-02 16:00:00','准时','15','正常','5.png','null',''),(17355,23,6,'绞车运行日志及巡回检查记录',5,'王巍',7,'绞车运行日志及巡回检查记录','007','绞车运行日志及巡回检查记录','2014-12-02 17:00:00','准时','16','正常','5.png','null',''),(17356,24,6,'绞车运行日志及巡回检查记录',5,'王巍',7,'绞车运行日志及巡回检查记录','007','绞车运行日志及巡回检查记录','2014-12-02 18:00:00','准时','17','正常','5.png','null',''),(17357,25,6,'绞车运行日志及巡回检查记录',5,'王巍',7,'绞车运行日志及巡回检查记录','007','绞车运行日志及巡回检查记录','2014-12-02 19:00:00','准时','18','正常','5.png','null',''),(17358,26,6,'绞车运行日志及巡回检查记录',5,'王巍',7,'绞车运行日志及巡回检查记录','007','绞车运行日志及巡回检查记录','2014-12-02 20:00:00','准时','19','正常','5.png','null',''),(17359,27,6,'绞车运行日志及巡回检查记录',5,'王巍',7,'绞车运行日志及巡回检查记录','007','绞车运行日志及巡回检查记录','2014-12-02 21:00:00','准时','20','正常','5.png','null',''),(17360,28,6,'绞车运行日志及巡回检查记录',5,'裴森',7,'绞车运行日志及巡回检查记录','007','绞车运行日志及巡回检查记录','2014-12-02 22:00:00','准时','21','正常','5.png','null',''),(17361,29,6,'绞车运行日志及巡回检查记录',5,'裴森',7,'绞车运行日志及巡回检查记录','007','绞车运行日志及巡回检查记录','2014-12-02 23:00:00','准时','22','正常','5.png','null',''),(17362,30,6,'绞车运行日志及巡回检查记录',5,'裴森',7,'绞车运行日志及巡回检查记录','007','绞车运行日志及巡回检查记录','2014-12-02 00:00:00','准时','23','正常','5.png','null',''),(17363,31,6,'绞车运行日志及巡回检查记录',5,'裴森',7,'绞车运行日志及巡回检查记录','007','绞车运行日志及巡回检查记录','2014-12-02 01:00:00','准时','24','正常','5.png','null',''),(17364,1,7,'提升机安全保护装置检查试验记录',21,'石磊',2,'提升机安全保护装置','002','提升机安全保护装置','2014-12-02 00:00:00','准时','1','正常','21.png','郑威',''),(17365,3,8,'车房电工定期维护检修记录',20,'郁奇峰',8,'车房电工定期维护检修记录','008','车房电工定期维护检修记录','2014-12-02 00:00:00','准时','1','正常','20.png','null',''),(17366,2,1,'多绳绞车钢丝绳查验记录',16,'李卫',1,'多绳绞车钢丝绳','001','多绳绞车钢丝绳','2014-12-03 00:00:00','准时','1','正常','16.png','王春青',''),(17367,8,2,'提升系统钳工包机日检（一）',12,'高岭',4,'提升系统钳工包机日检（一）','004','提升系统钳工包机日检（一）','2014-12-03 00:00:00','准时','1','正常','12.png','null',''),(17368,7,3,'提升系统钳工包机日检（二）',8,'左睿',5,'提升系统钳工包机日检（二）','005','提升系统钳工包机日检（二）','2014-12-03 00:00:00','准时','1','正常','8.png','null',''),(17371,4,6,'绞车运行日志及巡回检查记录',6,'李健',7,'绞车运行日志及巡回检查记录','007','绞车运行日志及巡回检查记录','2014-12-03 02:00:00','准时','1','正常','6.png','null',''),(17372,9,6,'绞车运行日志及巡回检查记录',6,'李健',7,'绞车运行日志及巡回检查记录','007','绞车运行日志及巡回检查记录','2014-12-03 03:00:00','准时','2','正常','6.png','null',''),(17373,10,6,'绞车运行日志及巡回检查记录',6,'李健',7,'绞车运行日志及巡回检查记录','007','绞车运行日志及巡回检查记录','2014-12-03 04:00:00','准时','3','正常','6.png','null',''),(17374,11,6,'绞车运行日志及巡回检查记录',6,'李健',7,'绞车运行日志及巡回检查记录','007','绞车运行日志及巡回检查记录','2014-12-03 05:00:00','准时','4','正常','6.png','null',''),(17375,12,6,'绞车运行日志及巡回检查记录',6,'王巍',7,'绞车运行日志及巡回检查记录','007','绞车运行日志及巡回检查记录','2014-12-03 06:00:00','准时','5','正常','6.png','null',''),(17376,13,6,'绞车运行日志及巡回检查记录',6,'王巍',7,'绞车运行日志及巡回检查记录','007','绞车运行日志及巡回检查记录','2014-12-03 07:00:00','准时','6','正常','6.png','null',''),(17377,14,6,'绞车运行日志及巡回检查记录',6,'王巍',7,'绞车运行日志及巡回检查记录','007','绞车运行日志及巡回检查记录','2014-12-03 08:00:00','准时','7','正常','6.png','null',''),(17378,15,6,'绞车运行日志及巡回检查记录',6,'王巍',7,'绞车运行日志及巡回检查记录','007','绞车运行日志及巡回检查记录','2014-12-03 09:00:00','准时','8','正常','6.png','null',''),(17379,16,6,'绞车运行日志及巡回检查记录',6,'王巍',7,'绞车运行日志及巡回检查记录','007','绞车运行日志及巡回检查记录','2014-12-03 10:00:00','准时','9','正常','6.png','null',''),(17380,17,6,'绞车运行日志及巡回检查记录',6,'王巍',7,'绞车运行日志及巡回检查记录','007','绞车运行日志及巡回检查记录','2014-12-03 11:00:00','准时','10','正常','6.png','null',''),(17381,18,6,'绞车运行日志及巡回检查记录',6,'王巍',7,'绞车运行日志及巡回检查记录','007','绞车运行日志及巡回检查记录','2014-12-03 12:00:00','准时','11','正常','6.png','null',''),(17382,19,6,'绞车运行日志及巡回检查记录',6,'王巍',7,'绞车运行日志及巡回检查记录','007','绞车运行日志及巡回检查记录','2014-12-03 13:00:00','准时','12','正常','6.png','null',''),(17383,20,6,'绞车运行日志及巡回检查记录',6,'苑成智',7,'绞车运行日志及巡回检查记录','007','绞车运行日志及巡回检查记录','2014-12-03 14:00:00','准时','13','正常','6.png','null',''),(17384,21,6,'绞车运行日志及巡回检查记录',6,'苑成智',7,'绞车运行日志及巡回检查记录','007','绞车运行日志及巡回检查记录','2014-12-03 15:00:00','准时','14','正常','6.png','null',''),(17385,22,6,'绞车运行日志及巡回检查记录',6,'苑成智',7,'绞车运行日志及巡回检查记录','007','绞车运行日志及巡回检查记录','2014-12-03 16:00:00','准时','15','正常','6.png','null',''),(17386,23,6,'绞车运行日志及巡回检查记录',6,'苑成智',7,'绞车运行日志及巡回检查记录','007','绞车运行日志及巡回检查记录','2014-12-03 17:00:00','准时','16','正常','6.png','null',''),(17387,24,6,'绞车运行日志及巡回检查记录',6,'苑成智',7,'绞车运行日志及巡回检查记录','007','绞车运行日志及巡回检查记录','2014-12-03 18:00:00','准时','17','正常','6.png','null',''),(17388,25,6,'绞车运行日志及巡回检查记录',6,'苑成智',7,'绞车运行日志及巡回检查记录','007','绞车运行日志及巡回检查记录','2014-12-03 19:00:00','准时','18','正常','6.png','null',''),(17389,26,6,'绞车运行日志及巡回检查记录',6,'苑成智',7,'绞车运行日志及巡回检查记录','007','绞车运行日志及巡回检查记录','2014-12-03 20:00:00','准时','19','正常','6.png','null',''),(17390,27,6,'绞车运行日志及巡回检查记录',6,'苑成智',7,'绞车运行日志及巡回检查记录','007','绞车运行日志及巡回检查记录','2014-12-03 21:00:00','准时','20','正常','6.png','null',''),(17391,28,6,'绞车运行日志及巡回检查记录',6,'李健',7,'绞车运行日志及巡回检查记录','007','绞车运行日志及巡回检查记录','2014-12-03 22:00:00','准时','21','正常','6.png','null',''),(17392,29,6,'绞车运行日志及巡回检查记录',6,'李健',7,'绞车运行日志及巡回检查记录','007','绞车运行日志及巡回检查记录','2014-12-03 23:00:00','准时','22','正常','6.png','null',''),(17393,30,6,'绞车运行日志及巡回检查记录',6,'李健',7,'绞车运行日志及巡回检查记录','007','绞车运行日志及巡回检查记录','2014-12-03 00:00:00','准时','23','正常','6.png','null',''),(17394,31,6,'绞车运行日志及巡回检查记录',6,'李健',7,'绞车运行日志及巡回检查记录','007','绞车运行日志及巡回检查记录','2014-12-03 01:00:00','准时','24','正常','6.png','null',''),(17395,1,7,'提升机安全保护装置检查试验记录',21,'石磊',2,'提升机安全保护装置','002','提升机安全保护装置','2014-12-03 00:00:00','准时','1','正常','21.png','刘博',''),(17396,3,8,'车房电工定期维护检修记录',21,'石磊',8,'车房电工定期维护检修记录','008','车房电工定期维护检修记录','2014-12-03 00:00:00','准时','1','正常','21.png','null',''),(17397,2,1,'多绳绞车钢丝绳查验记录',15,'牛利生',1,'多绳绞车钢丝绳','001','多绳绞车钢丝绳','2014-12-04 00:00:00','准时','1','正常','15.png','刘博',''),(17398,8,2,'提升系统钳工包机日检（一）',8,'左睿',4,'提升系统钳工包机日检（一）','004','提升系统钳工包机日检（一）','2014-12-04 00:00:00','准时','1','正常','8.png','null',''),(17399,7,3,'提升系统钳工包机日检（二）',19,'王军军',5,'提升系统钳工包机日检（二）','005','提升系统钳工包机日检（二）','2014-12-04 00:00:00','准时','1','正常','19.png','null',''),(17402,4,6,'绞车运行日志及巡回检查记录',23,'冯文彦',7,'绞车运行日志及巡回检查记录','007','绞车运行日志及巡回检查记录','2014-12-04 02:00:00','准时','1','正常','23.png','null',''),(17403,9,6,'绞车运行日志及巡回检查记录',23,'冯文彦',7,'绞车运行日志及巡回检查记录','007','绞车运行日志及巡回检查记录','2014-12-04 03:00:00','准时','2','正常','23.png','null',''),(17404,10,6,'绞车运行日志及巡回检查记录',23,'冯文彦',7,'绞车运行日志及巡回检查记录','007','绞车运行日志及巡回检查记录','2014-12-04 04:00:00','准时','3','正常','23.png','null',''),(17405,11,6,'绞车运行日志及巡回检查记录',23,'冯文彦',7,'绞车运行日志及巡回检查记录','007','绞车运行日志及巡回检查记录','2014-12-04 05:00:00','准时','4','正常','23.png','null',''),(17406,12,6,'绞车运行日志及巡回检查记录',23,'李乾',7,'绞车运行日志及巡回检查记录','007','绞车运行日志及巡回检查记录','2014-12-04 06:00:00','准时','5','正常','23.png','null',''),(17407,13,6,'绞车运行日志及巡回检查记录',23,'李乾',7,'绞车运行日志及巡回检查记录','007','绞车运行日志及巡回检查记录','2014-12-04 07:00:00','准时','6','正常','23.png','null',''),(17408,14,6,'绞车运行日志及巡回检查记录',23,'李乾',7,'绞车运行日志及巡回检查记录','007','绞车运行日志及巡回检查记录','2014-12-04 08:00:00','准时','7','正常','23.png','null',''),(17409,15,6,'绞车运行日志及巡回检查记录',23,'李乾',7,'绞车运行日志及巡回检查记录','007','绞车运行日志及巡回检查记录','2014-12-04 09:00:00','准时','8','正常','23.png','null',''),(17410,16,6,'绞车运行日志及巡回检查记录',23,'李乾',7,'绞车运行日志及巡回检查记录','007','绞车运行日志及巡回检查记录','2014-12-04 10:00:00','准时','9','正常','23.png','null',''),(17411,17,6,'绞车运行日志及巡回检查记录',23,'李乾',7,'绞车运行日志及巡回检查记录','007','绞车运行日志及巡回检查记录','2014-12-04 11:00:00','准时','10','正常','23.png','null',''),(17412,18,6,'绞车运行日志及巡回检查记录',23,'李乾',7,'绞车运行日志及巡回检查记录','007','绞车运行日志及巡回检查记录','2014-12-04 12:00:00','准时','11','正常','23.png','null',''),(17413,19,6,'绞车运行日志及巡回检查记录',23,'李乾',7,'绞车运行日志及巡回检查记录','007','绞车运行日志及巡回检查记录','2014-12-04 13:00:00','准时','12','正常','23.png','null',''),(17414,20,6,'绞车运行日志及巡回检查记录',23,'裴森',7,'绞车运行日志及巡回检查记录','007','绞车运行日志及巡回检查记录','2014-12-04 14:00:00','准时','13','正常','23.png','null',''),(17415,21,6,'绞车运行日志及巡回检查记录',23,'裴森',7,'绞车运行日志及巡回检查记录','007','绞车运行日志及巡回检查记录','2014-12-04 15:00:00','准时','14','正常','23.png','null',''),(17416,22,6,'绞车运行日志及巡回检查记录',23,'裴森',7,'绞车运行日志及巡回检查记录','007','绞车运行日志及巡回检查记录','2014-12-04 16:00:00','准时','15','正常','23.png','null',''),(17417,23,6,'绞车运行日志及巡回检查记录',23,'裴森',7,'绞车运行日志及巡回检查记录','007','绞车运行日志及巡回检查记录','2014-12-04 17:00:00','准时','16','正常','23.png','null',''),(17418,24,6,'绞车运行日志及巡回检查记录',23,'裴森',7,'绞车运行日志及巡回检查记录','007','绞车运行日志及巡回检查记录','2014-12-04 18:00:00','准时','17','正常','23.png','null',''),(17419,25,6,'绞车运行日志及巡回检查记录',23,'裴森',7,'绞车运行日志及巡回检查记录','007','绞车运行日志及巡回检查记录','2014-12-04 19:00:00','准时','18','正常','23.png','null',''),(17420,26,6,'绞车运行日志及巡回检查记录',23,'裴森',7,'绞车运行日志及巡回检查记录','007','绞车运行日志及巡回检查记录','2014-12-04 20:00:00','准时','19','正常','23.png','null',''),(17421,27,6,'绞车运行日志及巡回检查记录',23,'裴森',7,'绞车运行日志及巡回检查记录','007','绞车运行日志及巡回检查记录','2014-12-04 21:00:00','准时','20','正常','23.png','null',''),(17422,28,6,'绞车运行日志及巡回检查记录',23,'冯文彦',7,'绞车运行日志及巡回检查记录','007','绞车运行日志及巡回检查记录','2014-12-04 22:00:00','准时','21','正常','23.png','null',''),(17423,29,6,'绞车运行日志及巡回检查记录',23,'冯文彦',7,'绞车运行日志及巡回检查记录','007','绞车运行日志及巡回检查记录','2014-12-04 23:00:00','准时','22','正常','23.png','null',''),(17424,30,6,'绞车运行日志及巡回检查记录',23,'冯文彦',7,'绞车运行日志及巡回检查记录','007','绞车运行日志及巡回检查记录','2014-12-04 00:00:00','准时','23','正常','23.png','null',''),(17425,31,6,'绞车运行日志及巡回检查记录',23,'冯文彦',7,'绞车运行日志及巡回检查记录','007','绞车运行日志及巡回检查记录','2014-12-04 01:00:00','准时','24','正常','23.png','null',''),(17426,1,7,'提升机安全保护装置检查试验记录',21,'石磊',2,'提升机安全保护装置','002','提升机安全保护装置','2014-12-04 00:00:00','准时','1','正常','21.png','王春青',''),(17427,3,8,'车房电工定期维护检修记录',21,'石磊',8,'车房电工定期维护检修记录','008','车房电工定期维护检修记录','2014-12-04 00:00:00','准时','1','正常','21.png','null',''),(17428,2,1,'多绳绞车钢丝绳查验记录',15,'牛利生',1,'多绳绞车钢丝绳','001','多绳绞车钢丝绳','2014-12-05 00:00:00','准时','1','正常','15.png','郑威',''),(17429,8,2,'提升系统钳工包机日检（一）',17,'刘金伟',4,'提升系统钳工包机日检（一）','004','提升系统钳工包机日检（一）','2014-12-05 00:00:00','准时','1','正常','17.png','null',''),(17430,7,3,'提升系统钳工包机日检（二）',8,'左睿',5,'提升系统钳工包机日检（二）','005','提升系统钳工包机日检（二）','2014-12-05 00:00:00','准时','1','正常','8.png','null',''),(17433,4,6,'绞车运行日志及巡回检查记录',5,'裴森',7,'绞车运行日志及巡回检查记录','007','绞车运行日志及巡回检查记录','2014-12-05 02:00:00','准时','1','正常','5.png','null',''),(17434,9,6,'绞车运行日志及巡回检查记录',5,'裴森',7,'绞车运行日志及巡回检查记录','007','绞车运行日志及巡回检查记录','2014-12-05 03:00:00','准时','2','正常','5.png','null',''),(17435,10,6,'绞车运行日志及巡回检查记录',5,'裴森',7,'绞车运行日志及巡回检查记录','007','绞车运行日志及巡回检查记录','2014-12-05 04:00:00','准时','3','正常','5.png','null',''),(17436,11,6,'绞车运行日志及巡回检查记录',5,'裴森',7,'绞车运行日志及巡回检查记录','007','绞车运行日志及巡回检查记录','2014-12-05 05:00:00','准时','4','正常','5.png','null',''),(17437,12,6,'绞车运行日志及巡回检查记录',5,'李健',7,'绞车运行日志及巡回检查记录','007','绞车运行日志及巡回检查记录','2014-12-05 06:00:00','准时','5','正常','5.png','null',''),(17438,13,6,'绞车运行日志及巡回检查记录',5,'李健',7,'绞车运行日志及巡回检查记录','007','绞车运行日志及巡回检查记录','2014-12-05 07:00:00','准时','6','正常','5.png','null',''),(17439,14,6,'绞车运行日志及巡回检查记录',5,'李健',7,'绞车运行日志及巡回检查记录','007','绞车运行日志及巡回检查记录','2014-12-05 08:00:00','准时','7','正常','5.png','null',''),(17440,15,6,'绞车运行日志及巡回检查记录',5,'李健',7,'绞车运行日志及巡回检查记录','007','绞车运行日志及巡回检查记录','2014-12-05 09:00:00','准时','8','正常','5.png','null',''),(17441,16,6,'绞车运行日志及巡回检查记录',5,'李健',7,'绞车运行日志及巡回检查记录','007','绞车运行日志及巡回检查记录','2014-12-05 10:00:00','准时','9','正常','5.png','null',''),(17442,17,6,'绞车运行日志及巡回检查记录',5,'李健',7,'绞车运行日志及巡回检查记录','007','绞车运行日志及巡回检查记录','2014-12-05 11:00:00','准时','10','正常','5.png','null',''),(17443,18,6,'绞车运行日志及巡回检查记录',5,'李健',7,'绞车运行日志及巡回检查记录','007','绞车运行日志及巡回检查记录','2014-12-05 12:00:00','准时','11','正常','5.png','null',''),(17444,19,6,'绞车运行日志及巡回检查记录',5,'李健',7,'绞车运行日志及巡回检查记录','007','绞车运行日志及巡回检查记录','2014-12-05 13:00:00','准时','12','正常','5.png','null',''),(17445,20,6,'绞车运行日志及巡回检查记录',5,'王巍',7,'绞车运行日志及巡回检查记录','007','绞车运行日志及巡回检查记录','2014-12-05 14:00:00','准时','13','正常','5.png','null',''),(17446,21,6,'绞车运行日志及巡回检查记录',5,'王巍',7,'绞车运行日志及巡回检查记录','007','绞车运行日志及巡回检查记录','2014-12-05 15:00:00','准时','14','正常','5.png','null',''),(17447,22,6,'绞车运行日志及巡回检查记录',5,'王巍',7,'绞车运行日志及巡回检查记录','007','绞车运行日志及巡回检查记录','2014-12-05 16:00:00','准时','15','正常','5.png','null',''),(17448,23,6,'绞车运行日志及巡回检查记录',5,'王巍',7,'绞车运行日志及巡回检查记录','007','绞车运行日志及巡回检查记录','2014-12-05 17:00:00','准时','16','正常','5.png','null',''),(17449,24,6,'绞车运行日志及巡回检查记录',5,'王巍',7,'绞车运行日志及巡回检查记录','007','绞车运行日志及巡回检查记录','2014-12-05 18:00:00','准时','17','正常','5.png','null',''),(17450,25,6,'绞车运行日志及巡回检查记录',5,'王巍',7,'绞车运行日志及巡回检查记录','007','绞车运行日志及巡回检查记录','2014-12-05 19:00:00','准时','18','正常','5.png','null',''),(17451,26,6,'绞车运行日志及巡回检查记录',5,'王巍',7,'绞车运行日志及巡回检查记录','007','绞车运行日志及巡回检查记录','2014-12-05 20:00:00','准时','19','正常','5.png','null',''),(17452,27,6,'绞车运行日志及巡回检查记录',5,'王巍',7,'绞车运行日志及巡回检查记录','007','绞车运行日志及巡回检查记录','2014-12-05 21:00:00','准时','20','正常','5.png','null',''),(17453,28,6,'绞车运行日志及巡回检查记录',5,'裴森',7,'绞车运行日志及巡回检查记录','007','绞车运行日志及巡回检查记录','2014-12-05 22:00:00','准时','21','正常','5.png','null',''),(17454,29,6,'绞车运行日志及巡回检查记录',5,'裴森',7,'绞车运行日志及巡回检查记录','007','绞车运行日志及巡回检查记录','2014-12-05 23:00:00','准时','22','正常','5.png','null',''),(17455,30,6,'绞车运行日志及巡回检查记录',5,'裴森',7,'绞车运行日志及巡回检查记录','007','绞车运行日志及巡回检查记录','2014-12-05 00:00:00','准时','23','正常','5.png','null',''),(17456,31,6,'绞车运行日志及巡回检查记录',5,'裴森',7,'绞车运行日志及巡回检查记录','007','绞车运行日志及巡回检查记录','2014-12-05 01:00:00','准时','24','正常','5.png','null',''),(17457,1,7,'提升机安全保护装置检查试验记录',20,'郁奇峰',2,'提升机安全保护装置','002','提升机安全保护装置','2014-12-05 00:00:00','准时','1','正常','20.png','孟志坚',''),(17458,3,8,'车房电工定期维护检修记录',22,'高义涛',8,'车房电工定期维护检修记录','008','车房电工定期维护检修记录','2014-12-05 00:00:00','准时','1','正常','22.png','null',''),(17459,2,1,'多绳绞车钢丝绳查验记录',11,'葛鑫',1,'多绳绞车钢丝绳','001','多绳绞车钢丝绳','2014-12-06 00:00:00','准时','1','正常','11.png','杨磊',''),(17460,8,2,'提升系统钳工包机日检（一）',12,'高岭',4,'提升系统钳工包机日检（一）','004','提升系统钳工包机日检（一）','2014-12-06 00:00:00','准时','1','正常','12.png','null',''),(17461,7,3,'提升系统钳工包机日检（二）',8,'左睿',5,'提升系统钳工包机日检（二）','005','提升系统钳工包机日检（二）','2014-12-06 00:00:00','准时','1','正常','8.png','null',''),(17464,4,6,'绞车运行日志及巡回检查记录',6,'李健',7,'绞车运行日志及巡回检查记录','007','绞车运行日志及巡回检查记录','2014-12-06 02:00:00','准时','1','正常','6.png','null',''),(17465,9,6,'绞车运行日志及巡回检查记录',6,'李健',7,'绞车运行日志及巡回检查记录','007','绞车运行日志及巡回检查记录','2014-12-06 03:00:00','准时','2','正常','6.png','null',''),(17466,10,6,'绞车运行日志及巡回检查记录',6,'李健',7,'绞车运行日志及巡回检查记录','007','绞车运行日志及巡回检查记录','2014-12-06 04:00:00','准时','3','正常','6.png','null',''),(17467,11,6,'绞车运行日志及巡回检查记录',6,'李健',7,'绞车运行日志及巡回检查记录','007','绞车运行日志及巡回检查记录','2014-12-06 05:00:00','准时','4','正常','6.png','null',''),(17468,12,6,'绞车运行日志及巡回检查记录',6,'王巍',7,'绞车运行日志及巡回检查记录','007','绞车运行日志及巡回检查记录','2014-12-06 06:00:00','准时','5','正常','6.png','null',''),(17469,13,6,'绞车运行日志及巡回检查记录',6,'王巍',7,'绞车运行日志及巡回检查记录','007','绞车运行日志及巡回检查记录','2014-12-06 07:00:00','准时','6','正常','6.png','null',''),(17470,14,6,'绞车运行日志及巡回检查记录',6,'王巍',7,'绞车运行日志及巡回检查记录','007','绞车运行日志及巡回检查记录','2014-12-06 08:00:00','准时','7','正常','6.png','null',''),(17471,15,6,'绞车运行日志及巡回检查记录',6,'王巍',7,'绞车运行日志及巡回检查记录','007','绞车运行日志及巡回检查记录','2014-12-06 09:00:00','准时','8','正常','6.png','null',''),(17472,16,6,'绞车运行日志及巡回检查记录',6,'王巍',7,'绞车运行日志及巡回检查记录','007','绞车运行日志及巡回检查记录','2014-12-06 10:00:00','准时','9','正常','6.png','null',''),(17473,17,6,'绞车运行日志及巡回检查记录',6,'王巍',7,'绞车运行日志及巡回检查记录','007','绞车运行日志及巡回检查记录','2014-12-06 11:00:00','准时','10','正常','6.png','null',''),(17474,18,6,'绞车运行日志及巡回检查记录',6,'王巍',7,'绞车运行日志及巡回检查记录','007','绞车运行日志及巡回检查记录','2014-12-06 12:00:00','准时','11','正常','6.png','null',''),(17475,19,6,'绞车运行日志及巡回检查记录',6,'王巍',7,'绞车运行日志及巡回检查记录','007','绞车运行日志及巡回检查记录','2014-12-06 13:00:00','准时','12','正常','6.png','null',''),(17476,20,6,'绞车运行日志及巡回检查记录',6,'苑成智',7,'绞车运行日志及巡回检查记录','007','绞车运行日志及巡回检查记录','2014-12-06 14:00:00','准时','13','正常','6.png','null',''),(17477,21,6,'绞车运行日志及巡回检查记录',6,'苑成智',7,'绞车运行日志及巡回检查记录','007','绞车运行日志及巡回检查记录','2014-12-06 15:00:00','准时','14','正常','6.png','null',''),(17478,22,6,'绞车运行日志及巡回检查记录',6,'苑成智',7,'绞车运行日志及巡回检查记录','007','绞车运行日志及巡回检查记录','2014-12-06 16:00:00','准时','15','正常','6.png','null',''),(17479,23,6,'绞车运行日志及巡回检查记录',6,'苑成智',7,'绞车运行日志及巡回检查记录','007','绞车运行日志及巡回检查记录','2014-12-06 17:00:00','准时','16','正常','6.png','null',''),(17480,24,6,'绞车运行日志及巡回检查记录',6,'苑成智',7,'绞车运行日志及巡回检查记录','007','绞车运行日志及巡回检查记录','2014-12-06 18:00:00','准时','17','正常','6.png','null',''),(17481,25,6,'绞车运行日志及巡回检查记录',6,'苑成智',7,'绞车运行日志及巡回检查记录','007','绞车运行日志及巡回检查记录','2014-12-06 19:00:00','准时','18','正常','6.png','null',''),(17482,26,6,'绞车运行日志及巡回检查记录',6,'苑成智',7,'绞车运行日志及巡回检查记录','007','绞车运行日志及巡回检查记录','2014-12-06 20:00:00','准时','19','正常','6.png','null',''),(17483,27,6,'绞车运行日志及巡回检查记录',6,'苑成智',7,'绞车运行日志及巡回检查记录','007','绞车运行日志及巡回检查记录','2014-12-06 21:00:00','准时','20','正常','6.png','null',''),(17484,28,6,'绞车运行日志及巡回检查记录',6,'李健',7,'绞车运行日志及巡回检查记录','007','绞车运行日志及巡回检查记录','2014-12-06 22:00:00','准时','21','正常','6.png','null',''),(17485,29,6,'绞车运行日志及巡回检查记录',6,'李健',7,'绞车运行日志及巡回检查记录','007','绞车运行日志及巡回检查记录','2014-12-06 23:00:00','准时','22','正常','6.png','null',''),(17486,30,6,'绞车运行日志及巡回检查记录',6,'李健',7,'绞车运行日志及巡回检查记录','007','绞车运行日志及巡回检查记录','2014-12-06 00:00:00','准时','23','正常','6.png','null',''),(17487,31,6,'绞车运行日志及巡回检查记录',6,'李健',7,'绞车运行日志及巡回检查记录','007','绞车运行日志及巡回检查记录','2014-12-06 01:00:00','准时','24','正常','6.png','null',''),(17488,1,7,'提升机安全保护装置检查试验记录',21,'石磊',2,'提升机安全保护装置','002','提升机安全保护装置','2014-12-06 00:00:00','准时','1','正常','21.png','杨磊',''),(17489,3,8,'车房电工定期维护检修记录',22,'高义涛',8,'车房电工定期维护检修记录','008','车房电工定期维护检修记录','2014-12-06 00:00:00','准时','1','正常','22.png','null',''),(17490,2,1,'多绳绞车钢丝绳查验记录',14,'刘鹏',1,'多绳绞车钢丝绳','001','多绳绞车钢丝绳','2014-12-07 00:00:00','准时','1','正常','14.png','刘博',''),(17491,8,2,'提升系统钳工包机日检（一）',8,'左睿',4,'提升系统钳工包机日检（一）','004','提升系统钳工包机日检（一）','2014-12-07 00:00:00','准时','1','正常','8.png','null',''),(17492,7,3,'提升系统钳工包机日检（二）',18,'唐庆恩',5,'提升系统钳工包机日检（二）','005','提升系统钳工包机日检（二）','2014-12-07 00:00:00','准时','1','正常','18.png','null',''),(17493,6,4,'提升系统钳工周检',12,'高岭',6,'提升系统钳工周检','006','提升系统钳工周检','2014-12-01 00:00:00','准时','1','正常','12.png','null',''),(17494,5,5,'提升系统起重工周检',13,'谷银桥',3,'提升系统起重工周检','003','提升系统起重工周检','2014-12-01 00:00:00','准时','1','正常','13.png','null',''),(17495,4,6,'绞车运行日志及巡回检查记录',5,'裴森',7,'绞车运行日志及巡回检查记录','007','绞车运行日志及巡回检查记录','2014-12-07 02:00:00','准时','1','正常','5.png','null',''),(17496,9,6,'绞车运行日志及巡回检查记录',5,'裴森',7,'绞车运行日志及巡回检查记录','007','绞车运行日志及巡回检查记录','2014-12-07 03:00:00','准时','2','正常','5.png','null',''),(17497,10,6,'绞车运行日志及巡回检查记录',5,'裴森',7,'绞车运行日志及巡回检查记录','007','绞车运行日志及巡回检查记录','2014-12-07 04:00:00','准时','3','正常','5.png','null',''),(17498,11,6,'绞车运行日志及巡回检查记录',5,'裴森',7,'绞车运行日志及巡回检查记录','007','绞车运行日志及巡回检查记录','2014-12-07 05:00:00','准时','4','正常','5.png','null',''),(17499,12,6,'绞车运行日志及巡回检查记录',5,'李健',7,'绞车运行日志及巡回检查记录','007','绞车运行日志及巡回检查记录','2014-12-07 06:00:00','准时','5','正常','5.png','null',''),(17500,13,6,'绞车运行日志及巡回检查记录',5,'李健',7,'绞车运行日志及巡回检查记录','007','绞车运行日志及巡回检查记录','2014-12-07 07:00:00','准时','6','正常','5.png','null',''),(17501,14,6,'绞车运行日志及巡回检查记录',5,'李健',7,'绞车运行日志及巡回检查记录','007','绞车运行日志及巡回检查记录','2014-12-07 08:00:00','准时','7','正常','5.png','null',''),(17502,15,6,'绞车运行日志及巡回检查记录',5,'李健',7,'绞车运行日志及巡回检查记录','007','绞车运行日志及巡回检查记录','2014-12-07 09:00:00','准时','8','正常','5.png','null',''),(17503,16,6,'绞车运行日志及巡回检查记录',5,'李健',7,'绞车运行日志及巡回检查记录','007','绞车运行日志及巡回检查记录','2014-12-07 10:00:00','准时','9','正常','5.png','null',''),(17504,17,6,'绞车运行日志及巡回检查记录',5,'李健',7,'绞车运行日志及巡回检查记录','007','绞车运行日志及巡回检查记录','2014-12-07 11:00:00','准时','10','正常','5.png','null',''),(17505,18,6,'绞车运行日志及巡回检查记录',5,'李健',7,'绞车运行日志及巡回检查记录','007','绞车运行日志及巡回检查记录','2014-12-07 12:00:00','准时','11','正常','5.png','null',''),(17506,19,6,'绞车运行日志及巡回检查记录',5,'李健',7,'绞车运行日志及巡回检查记录','007','绞车运行日志及巡回检查记录','2014-12-07 13:00:00','准时','12','正常','5.png','null',''),(17507,20,6,'绞车运行日志及巡回检查记录',5,'王巍',7,'绞车运行日志及巡回检查记录','007','绞车运行日志及巡回检查记录','2014-12-07 14:00:00','准时','13','正常','5.png','null',''),(17508,21,6,'绞车运行日志及巡回检查记录',5,'王巍',7,'绞车运行日志及巡回检查记录','007','绞车运行日志及巡回检查记录','2014-12-07 15:00:00','准时','14','正常','5.png','null',''),(17509,22,6,'绞车运行日志及巡回检查记录',5,'王巍',7,'绞车运行日志及巡回检查记录','007','绞车运行日志及巡回检查记录','2014-12-07 16:00:00','准时','15','正常','5.png','null',''),(17510,23,6,'绞车运行日志及巡回检查记录',5,'王巍',7,'绞车运行日志及巡回检查记录','007','绞车运行日志及巡回检查记录','2014-12-07 17:00:00','准时','16','正常','5.png','null',''),(17511,24,6,'绞车运行日志及巡回检查记录',5,'王巍',7,'绞车运行日志及巡回检查记录','007','绞车运行日志及巡回检查记录','2014-12-07 18:00:00','准时','17','正常','5.png','null',''),(17512,25,6,'绞车运行日志及巡回检查记录',5,'王巍',7,'绞车运行日志及巡回检查记录','007','绞车运行日志及巡回检查记录','2014-12-07 19:00:00','准时','18','正常','5.png','null',''),(17513,26,6,'绞车运行日志及巡回检查记录',5,'王巍',7,'绞车运行日志及巡回检查记录','007','绞车运行日志及巡回检查记录','2014-12-07 20:00:00','准时','19','正常','5.png','null',''),(17514,27,6,'绞车运行日志及巡回检查记录',5,'王巍',7,'绞车运行日志及巡回检查记录','007','绞车运行日志及巡回检查记录','2014-12-07 21:00:00','准时','20','正常','5.png','null',''),(17515,28,6,'绞车运行日志及巡回检查记录',5,'裴森',7,'绞车运行日志及巡回检查记录','007','绞车运行日志及巡回检查记录','2014-12-07 22:00:00','准时','21','正常','5.png','null',''),(17516,29,6,'绞车运行日志及巡回检查记录',5,'裴森',7,'绞车运行日志及巡回检查记录','007','绞车运行日志及巡回检查记录','2014-12-07 23:00:00','准时','22','正常','5.png','null',''),(17517,30,6,'绞车运行日志及巡回检查记录',5,'裴森',7,'绞车运行日志及巡回检查记录','007','绞车运行日志及巡回检查记录','2014-12-07 00:00:00','准时','23','正常','5.png','null',''),(17518,31,6,'绞车运行日志及巡回检查记录',5,'裴森',7,'绞车运行日志及巡回检查记录','007','绞车运行日志及巡回检查记录','2014-12-07 01:00:00','准时','24','正常','5.png','null',''),(17519,1,7,'提升机安全保护装置检查试验记录',22,'高义涛',2,'提升机安全保护装置','002','提升机安全保护装置','2014-12-07 00:00:00','准时','1','正常','22.png','刘超',''),(17520,3,8,'车房电工定期维护检修记录',21,'石磊',8,'车房电工定期维护检修记录','008','车房电工定期维护检修记录','2014-12-07 00:00:00','准时','1','正常','21.png','null',''),(17521,2,1,'多绳绞车钢丝绳查验记录',13,'谷银桥',1,'多绳绞车钢丝绳','001','多绳绞车钢丝绳','2014-12-08 00:00:00','准时','1','正常','13.png','刘超',''),(17522,8,2,'提升系统钳工包机日检（一）',12,'高岭',4,'提升系统钳工包机日检（一）','004','提升系统钳工包机日检（一）','2014-12-08 00:00:00','准时','1','正常','12.png','null',''),(17523,7,3,'提升系统钳工包机日检（二）',12,'高岭',5,'提升系统钳工包机日检（二）','005','提升系统钳工包机日检（二）','2014-12-08 00:00:00','准时','1','正常','12.png','null',''),(17526,4,6,'绞车运行日志及巡回检查记录',23,'冯文彦',7,'绞车运行日志及巡回检查记录','007','绞车运行日志及巡回检查记录','2014-12-08 02:00:00','准时','1','正常','23.png','null',''),(17527,9,6,'绞车运行日志及巡回检查记录',23,'冯文彦',7,'绞车运行日志及巡回检查记录','007','绞车运行日志及巡回检查记录','2014-12-08 03:00:00','准时','2','正常','23.png','null',''),(17528,10,6,'绞车运行日志及巡回检查记录',23,'冯文彦',7,'绞车运行日志及巡回检查记录','007','绞车运行日志及巡回检查记录','2014-12-08 04:00:00','准时','3','正常','23.png','null',''),(17529,11,6,'绞车运行日志及巡回检查记录',23,'冯文彦',7,'绞车运行日志及巡回检查记录','007','绞车运行日志及巡回检查记录','2014-12-08 05:00:00','准时','4','正常','23.png','null',''),(17530,12,6,'绞车运行日志及巡回检查记录',23,'李乾',7,'绞车运行日志及巡回检查记录','007','绞车运行日志及巡回检查记录','2014-12-08 06:00:00','准时','5','正常','23.png','null',''),(17531,13,6,'绞车运行日志及巡回检查记录',23,'李乾',7,'绞车运行日志及巡回检查记录','007','绞车运行日志及巡回检查记录','2014-12-08 07:00:00','准时','6','正常','23.png','null',''),(17532,14,6,'绞车运行日志及巡回检查记录',23,'李乾',7,'绞车运行日志及巡回检查记录','007','绞车运行日志及巡回检查记录','2014-12-08 08:00:00','准时','7','正常','23.png','null',''),(17533,15,6,'绞车运行日志及巡回检查记录',23,'李乾',7,'绞车运行日志及巡回检查记录','007','绞车运行日志及巡回检查记录','2014-12-08 09:00:00','准时','8','正常','23.png','null',''),(17534,16,6,'绞车运行日志及巡回检查记录',23,'李乾',7,'绞车运行日志及巡回检查记录','007','绞车运行日志及巡回检查记录','2014-12-08 10:00:00','准时','9','正常','23.png','null',''),(17535,17,6,'绞车运行日志及巡回检查记录',23,'李乾',7,'绞车运行日志及巡回检查记录','007','绞车运行日志及巡回检查记录','2014-12-08 11:00:00','准时','10','正常','23.png','null',''),(17536,18,6,'绞车运行日志及巡回检查记录',23,'李乾',7,'绞车运行日志及巡回检查记录','007','绞车运行日志及巡回检查记录','2014-12-08 12:00:00','准时','11','正常','23.png','null',''),(17537,19,6,'绞车运行日志及巡回检查记录',23,'李乾',7,'绞车运行日志及巡回检查记录','007','绞车运行日志及巡回检查记录','2014-12-08 13:00:00','准时','12','正常','23.png','null',''),(17538,20,6,'绞车运行日志及巡回检查记录',23,'裴森',7,'绞车运行日志及巡回检查记录','007','绞车运行日志及巡回检查记录','2014-12-08 14:00:00','准时','13','正常','23.png','null',''),(17539,21,6,'绞车运行日志及巡回检查记录',23,'裴森',7,'绞车运行日志及巡回检查记录','007','绞车运行日志及巡回检查记录','2014-12-08 15:00:00','准时','14','正常','23.png','null',''),(17540,22,6,'绞车运行日志及巡回检查记录',23,'裴森',7,'绞车运行日志及巡回检查记录','007','绞车运行日志及巡回检查记录','2014-12-08 16:00:00','准时','15','正常','23.png','null',''),(17541,23,6,'绞车运行日志及巡回检查记录',23,'裴森',7,'绞车运行日志及巡回检查记录','007','绞车运行日志及巡回检查记录','2014-12-08 17:00:00','准时','16','正常','23.png','null',''),(17542,24,6,'绞车运行日志及巡回检查记录',23,'裴森',7,'绞车运行日志及巡回检查记录','007','绞车运行日志及巡回检查记录','2014-12-08 18:00:00','准时','17','正常','23.png','null',''),(17543,25,6,'绞车运行日志及巡回检查记录',23,'裴森',7,'绞车运行日志及巡回检查记录','007','绞车运行日志及巡回检查记录','2014-12-08 19:00:00','准时','18','正常','23.png','null',''),(17544,26,6,'绞车运行日志及巡回检查记录',23,'裴森',7,'绞车运行日志及巡回检查记录','007','绞车运行日志及巡回检查记录','2014-12-08 20:00:00','准时','19','正常','23.png','null',''),(17545,27,6,'绞车运行日志及巡回检查记录',23,'裴森',7,'绞车运行日志及巡回检查记录','007','绞车运行日志及巡回检查记录','2014-12-08 21:00:00','准时','20','正常','23.png','null',''),(17546,28,6,'绞车运行日志及巡回检查记录',23,'冯文彦',7,'绞车运行日志及巡回检查记录','007','绞车运行日志及巡回检查记录','2014-12-08 22:00:00','准时','21','正常','23.png','null',''),(17547,29,6,'绞车运行日志及巡回检查记录',23,'冯文彦',7,'绞车运行日志及巡回检查记录','007','绞车运行日志及巡回检查记录','2014-12-08 23:00:00','准时','22','正常','23.png','null',''),(17548,30,6,'绞车运行日志及巡回检查记录',23,'冯文彦',7,'绞车运行日志及巡回检查记录','007','绞车运行日志及巡回检查记录','2014-12-08 00:00:00','准时','23','正常','23.png','null',''),(17549,31,6,'绞车运行日志及巡回检查记录',23,'冯文彦',7,'绞车运行日志及巡回检查记录','007','绞车运行日志及巡回检查记录','2014-12-08 01:00:00','准时','24','正常','23.png','null',''),(17550,1,7,'提升机安全保护装置检查试验记录',20,'郁奇峰',2,'提升机安全保护装置','002','提升机安全保护装置','2014-12-08 00:00:00','准时','1','正常','20.png','刘博',''),(17551,3,8,'车房电工定期维护检修记录',20,'郁奇峰',8,'车房电工定期维护检修记录','008','车房电工定期维护检修记录','2014-12-08 00:00:00','准时','1','正常','20.png','null',''),(17552,2,1,'多绳绞车钢丝绳查验记录',13,'谷银桥',1,'多绳绞车钢丝绳','001','多绳绞车钢丝绳','2014-12-09 00:00:00','准时','1','正常','13.png','郑威',''),(17553,8,2,'提升系统钳工包机日检（一）',17,'刘金伟',4,'提升系统钳工包机日检（一）','004','提升系统钳工包机日检（一）','2014-12-09 00:00:00','准时','1','正常','17.png','null',''),(17554,7,3,'提升系统钳工包机日检（二）',8,'左睿',5,'提升系统钳工包机日检（二）','005','提升系统钳工包机日检（二）','2014-12-09 00:00:00','准时','1','正常','8.png','null',''),(17557,4,6,'绞车运行日志及巡回检查记录',24,'李乾',7,'绞车运行日志及巡回检查记录','007','绞车运行日志及巡回检查记录','2014-12-09 02:00:00','准时','1','正常','24.png','null',''),(17558,9,6,'绞车运行日志及巡回检查记录',24,'李乾',7,'绞车运行日志及巡回检查记录','007','绞车运行日志及巡回检查记录','2014-12-09 03:00:00','准时','2','正常','24.png','null',''),(17559,10,6,'绞车运行日志及巡回检查记录',24,'李乾',7,'绞车运行日志及巡回检查记录','007','绞车运行日志及巡回检查记录','2014-12-09 04:00:00','准时','3','正常','24.png','null',''),(17560,11,6,'绞车运行日志及巡回检查记录',24,'李乾',7,'绞车运行日志及巡回检查记录','007','绞车运行日志及巡回检查记录','2014-12-09 05:00:00','准时','4','正常','24.png','null',''),(17561,12,6,'绞车运行日志及巡回检查记录',24,'裴森',7,'绞车运行日志及巡回检查记录','007','绞车运行日志及巡回检查记录','2014-12-09 06:00:00','准时','5','正常','24.png','null',''),(17562,13,6,'绞车运行日志及巡回检查记录',24,'裴森',7,'绞车运行日志及巡回检查记录','007','绞车运行日志及巡回检查记录','2014-12-09 07:00:00','准时','6','正常','24.png','null',''),(17563,14,6,'绞车运行日志及巡回检查记录',24,'裴森',7,'绞车运行日志及巡回检查记录','007','绞车运行日志及巡回检查记录','2014-12-09 08:00:00','准时','7','正常','24.png','null',''),(17564,15,6,'绞车运行日志及巡回检查记录',24,'裴森',7,'绞车运行日志及巡回检查记录','007','绞车运行日志及巡回检查记录','2014-12-09 09:00:00','准时','8','正常','24.png','null',''),(17565,16,6,'绞车运行日志及巡回检查记录',24,'裴森',7,'绞车运行日志及巡回检查记录','007','绞车运行日志及巡回检查记录','2014-12-09 10:00:00','准时','9','正常','24.png','null',''),(17566,17,6,'绞车运行日志及巡回检查记录',24,'裴森',7,'绞车运行日志及巡回检查记录','007','绞车运行日志及巡回检查记录','2014-12-09 11:00:00','准时','10','正常','24.png','null',''),(17567,18,6,'绞车运行日志及巡回检查记录',24,'裴森',7,'绞车运行日志及巡回检查记录','007','绞车运行日志及巡回检查记录','2014-12-09 12:00:00','准时','11','正常','24.png','null',''),(17568,19,6,'绞车运行日志及巡回检查记录',24,'裴森',7,'绞车运行日志及巡回检查记录','007','绞车运行日志及巡回检查记录','2014-12-09 13:00:00','准时','12','正常','24.png','null',''),(17569,20,6,'绞车运行日志及巡回检查记录',24,'李健',7,'绞车运行日志及巡回检查记录','007','绞车运行日志及巡回检查记录','2014-12-09 14:00:00','准时','13','正常','24.png','null',''),(17570,21,6,'绞车运行日志及巡回检查记录',24,'李健',7,'绞车运行日志及巡回检查记录','007','绞车运行日志及巡回检查记录','2014-12-09 15:00:00','准时','14','正常','24.png','null',''),(17571,22,6,'绞车运行日志及巡回检查记录',24,'李健',7,'绞车运行日志及巡回检查记录','007','绞车运行日志及巡回检查记录','2014-12-09 16:00:00','准时','15','正常','24.png','null',''),(17572,23,6,'绞车运行日志及巡回检查记录',24,'李健',7,'绞车运行日志及巡回检查记录','007','绞车运行日志及巡回检查记录','2014-12-09 17:00:00','准时','16','正常','24.png','null',''),(17573,24,6,'绞车运行日志及巡回检查记录',24,'李健',7,'绞车运行日志及巡回检查记录','007','绞车运行日志及巡回检查记录','2014-12-09 18:00:00','准时','17','正常','24.png','null',''),(17574,25,6,'绞车运行日志及巡回检查记录',24,'李健',7,'绞车运行日志及巡回检查记录','007','绞车运行日志及巡回检查记录','2014-12-09 19:00:00','准时','18','正常','24.png','null',''),(17575,26,6,'绞车运行日志及巡回检查记录',24,'李健',7,'绞车运行日志及巡回检查记录','007','绞车运行日志及巡回检查记录','2014-12-09 20:00:00','准时','19','正常','24.png','null',''),(17576,27,6,'绞车运行日志及巡回检查记录',24,'李健',7,'绞车运行日志及巡回检查记录','007','绞车运行日志及巡回检查记录','2014-12-09 21:00:00','准时','20','正常','24.png','null',''),(17577,28,6,'绞车运行日志及巡回检查记录',24,'李乾',7,'绞车运行日志及巡回检查记录','007','绞车运行日志及巡回检查记录','2014-12-09 22:00:00','准时','21','正常','24.png','null',''),(17578,29,6,'绞车运行日志及巡回检查记录',24,'李乾',7,'绞车运行日志及巡回检查记录','007','绞车运行日志及巡回检查记录','2014-12-09 23:00:00','准时','22','正常','24.png','null',''),(17579,30,6,'绞车运行日志及巡回检查记录',24,'李乾',7,'绞车运行日志及巡回检查记录','007','绞车运行日志及巡回检查记录','2014-12-09 00:00:00','准时','23','正常','24.png','null',''),(17580,31,6,'绞车运行日志及巡回检查记录',24,'李乾',7,'绞车运行日志及巡回检查记录','007','绞车运行日志及巡回检查记录','2014-12-09 01:00:00','准时','24','正常','24.png','null',''),(17581,1,7,'提升机安全保护装置检查试验记录',20,'郁奇峰',2,'提升机安全保护装置','002','提升机安全保护装置','2014-12-09 00:00:00','准时','1','正常','20.png','刘超',''),(17582,3,8,'车房电工定期维护检修记录',21,'石磊',8,'车房电工定期维护检修记录','008','车房电工定期维护检修记录','2014-12-09 00:00:00','准时','1','正常','21.png','null',''),(17583,2,1,'多绳绞车钢丝绳查验记录',15,'牛利生',1,'多绳绞车钢丝绳','001','多绳绞车钢丝绳','2014-12-10 00:00:00','准时','1','正常','15.png','刘博',''),(17584,8,2,'提升系统钳工包机日检（一）',17,'刘金伟',4,'提升系统钳工包机日检（一）','004','提升系统钳工包机日检（一）','2014-12-10 00:00:00','准时','1','正常','17.png','null',''),(17585,7,3,'提升系统钳工包机日检（二）',8,'左睿',5,'提升系统钳工包机日检（二）','005','提升系统钳工包机日检（二）','2014-12-10 00:00:00','准时','1','正常','8.png','null',''),(17588,4,6,'绞车运行日志及巡回检查记录',6,'李健',7,'绞车运行日志及巡回检查记录','007','绞车运行日志及巡回检查记录','2014-12-10 02:00:00','准时','1','正常','6.png','null',''),(17589,9,6,'绞车运行日志及巡回检查记录',6,'李健',7,'绞车运行日志及巡回检查记录','007','绞车运行日志及巡回检查记录','2014-12-10 03:00:00','准时','2','正常','6.png','null',''),(17590,10,6,'绞车运行日志及巡回检查记录',6,'李健',7,'绞车运行日志及巡回检查记录','007','绞车运行日志及巡回检查记录','2014-12-10 04:00:00','准时','3','正常','6.png','null',''),(17591,11,6,'绞车运行日志及巡回检查记录',6,'李健',7,'绞车运行日志及巡回检查记录','007','绞车运行日志及巡回检查记录','2014-12-10 05:00:00','准时','4','正常','6.png','null',''),(17592,12,6,'绞车运行日志及巡回检查记录',6,'王巍',7,'绞车运行日志及巡回检查记录','007','绞车运行日志及巡回检查记录','2014-12-10 06:00:00','准时','5','正常','6.png','null',''),(17593,13,6,'绞车运行日志及巡回检查记录',6,'王巍',7,'绞车运行日志及巡回检查记录','007','绞车运行日志及巡回检查记录','2014-12-10 07:00:00','准时','6','正常','6.png','null',''),(17594,14,6,'绞车运行日志及巡回检查记录',6,'王巍',7,'绞车运行日志及巡回检查记录','007','绞车运行日志及巡回检查记录','2014-12-10 08:00:00','准时','7','正常','6.png','null',''),(17595,15,6,'绞车运行日志及巡回检查记录',6,'王巍',7,'绞车运行日志及巡回检查记录','007','绞车运行日志及巡回检查记录','2014-12-10 09:00:00','准时','8','正常','6.png','null',''),(17596,16,6,'绞车运行日志及巡回检查记录',6,'王巍',7,'绞车运行日志及巡回检查记录','007','绞车运行日志及巡回检查记录','2014-12-10 10:00:00','准时','9','正常','6.png','null',''),(17597,17,6,'绞车运行日志及巡回检查记录',6,'王巍',7,'绞车运行日志及巡回检查记录','007','绞车运行日志及巡回检查记录','2014-12-10 11:00:00','准时','10','正常','6.png','null',''),(17598,18,6,'绞车运行日志及巡回检查记录',6,'王巍',7,'绞车运行日志及巡回检查记录','007','绞车运行日志及巡回检查记录','2014-12-10 12:00:00','准时','11','正常','6.png','null',''),(17599,19,6,'绞车运行日志及巡回检查记录',6,'王巍',7,'绞车运行日志及巡回检查记录','007','绞车运行日志及巡回检查记录','2014-12-10 13:00:00','准时','12','正常','6.png','null',''),(17600,20,6,'绞车运行日志及巡回检查记录',6,'苑成智',7,'绞车运行日志及巡回检查记录','007','绞车运行日志及巡回检查记录','2014-12-10 14:00:00','准时','13','正常','6.png','null',''),(17601,21,6,'绞车运行日志及巡回检查记录',6,'苑成智',7,'绞车运行日志及巡回检查记录','007','绞车运行日志及巡回检查记录','2014-12-10 15:00:00','准时','14','正常','6.png','null',''),(17602,22,6,'绞车运行日志及巡回检查记录',6,'苑成智',7,'绞车运行日志及巡回检查记录','007','绞车运行日志及巡回检查记录','2014-12-10 16:00:00','准时','15','正常','6.png','null',''),(17603,23,6,'绞车运行日志及巡回检查记录',6,'苑成智',7,'绞车运行日志及巡回检查记录','007','绞车运行日志及巡回检查记录','2014-12-10 17:00:00','准时','16','正常','6.png','null',''),(17604,24,6,'绞车运行日志及巡回检查记录',6,'苑成智',7,'绞车运行日志及巡回检查记录','007','绞车运行日志及巡回检查记录','2014-12-10 18:00:00','准时','17','正常','6.png','null',''),(17605,25,6,'绞车运行日志及巡回检查记录',6,'苑成智',7,'绞车运行日志及巡回检查记录','007','绞车运行日志及巡回检查记录','2014-12-10 19:00:00','准时','18','正常','6.png','null',''),(17606,26,6,'绞车运行日志及巡回检查记录',6,'苑成智',7,'绞车运行日志及巡回检查记录','007','绞车运行日志及巡回检查记录','2014-12-10 20:00:00','准时','19','正常','6.png','null',''),(17607,27,6,'绞车运行日志及巡回检查记录',6,'苑成智',7,'绞车运行日志及巡回检查记录','007','绞车运行日志及巡回检查记录','2014-12-10 21:00:00','准时','20','正常','6.png','null',''),(17608,28,6,'绞车运行日志及巡回检查记录',6,'李健',7,'绞车运行日志及巡回检查记录','007','绞车运行日志及巡回检查记录','2014-12-10 22:00:00','准时','21','正常','6.png','null',''),(17609,29,6,'绞车运行日志及巡回检查记录',6,'李健',7,'绞车运行日志及巡回检查记录','007','绞车运行日志及巡回检查记录','2014-12-10 23:00:00','准时','22','正常','6.png','null',''),(17610,30,6,'绞车运行日志及巡回检查记录',6,'李健',7,'绞车运行日志及巡回检查记录','007','绞车运行日志及巡回检查记录','2014-12-10 00:00:00','准时','23','正常','6.png','null',''),(17611,31,6,'绞车运行日志及巡回检查记录',6,'李健',7,'绞车运行日志及巡回检查记录','007','绞车运行日志及巡回检查记录','2014-12-10 01:00:00','准时','24','正常','6.png','null',''),(17612,1,7,'提升机安全保护装置检查试验记录',20,'郁奇峰',2,'提升机安全保护装置','002','提升机安全保护装置','2014-12-10 00:00:00','准时','1','正常','20.png','王春青',''),(17613,3,8,'车房电工定期维护检修记录',21,'石磊',8,'车房电工定期维护检修记录','008','车房电工定期维护检修记录','2014-12-10 00:00:00','准时','1','正常','21.png','null',''),(17614,2,1,'多绳绞车钢丝绳查验记录',14,'刘鹏',1,'多绳绞车钢丝绳','001','多绳绞车钢丝绳','2014-12-11 00:00:00','准时','1','正常','14.png','孟志坚',''),(17615,8,2,'提升系统钳工包机日检（一）',18,'唐庆恩',4,'提升系统钳工包机日检（一）','004','提升系统钳工包机日检（一）','2014-12-11 00:00:00','准时','1','正常','18.png','null',''),(17616,7,3,'提升系统钳工包机日检（二）',19,'王军军',5,'提升系统钳工包机日检（二）','005','提升系统钳工包机日检（二）','2014-12-11 00:00:00','准时','1','正常','19.png','null',''),(17619,4,6,'绞车运行日志及巡回检查记录',5,'裴森',7,'绞车运行日志及巡回检查记录','007','绞车运行日志及巡回检查记录','2014-12-11 02:00:00','准时','1','正常','5.png','null',''),(17620,9,6,'绞车运行日志及巡回检查记录',5,'裴森',7,'绞车运行日志及巡回检查记录','007','绞车运行日志及巡回检查记录','2014-12-11 03:00:00','准时','2','正常','5.png','null',''),(17621,10,6,'绞车运行日志及巡回检查记录',5,'裴森',7,'绞车运行日志及巡回检查记录','007','绞车运行日志及巡回检查记录','2014-12-11 04:00:00','准时','3','正常','5.png','null',''),(17622,11,6,'绞车运行日志及巡回检查记录',5,'裴森',7,'绞车运行日志及巡回检查记录','007','绞车运行日志及巡回检查记录','2014-12-11 05:00:00','准时','4','正常','5.png','null',''),(17623,12,6,'绞车运行日志及巡回检查记录',5,'李健',7,'绞车运行日志及巡回检查记录','007','绞车运行日志及巡回检查记录','2014-12-11 06:00:00','准时','5','正常','5.png','null',''),(17624,13,6,'绞车运行日志及巡回检查记录',5,'李健',7,'绞车运行日志及巡回检查记录','007','绞车运行日志及巡回检查记录','2014-12-11 07:00:00','准时','6','正常','5.png','null',''),(17625,14,6,'绞车运行日志及巡回检查记录',5,'李健',7,'绞车运行日志及巡回检查记录','007','绞车运行日志及巡回检查记录','2014-12-11 08:00:00','准时','7','正常','5.png','null',''),(17626,15,6,'绞车运行日志及巡回检查记录',5,'李健',7,'绞车运行日志及巡回检查记录','007','绞车运行日志及巡回检查记录','2014-12-11 09:00:00','准时','8','正常','5.png','null',''),(17627,16,6,'绞车运行日志及巡回检查记录',5,'李健',7,'绞车运行日志及巡回检查记录','007','绞车运行日志及巡回检查记录','2014-12-11 10:00:00','准时','9','正常','5.png','null',''),(17628,17,6,'绞车运行日志及巡回检查记录',5,'李健',7,'绞车运行日志及巡回检查记录','007','绞车运行日志及巡回检查记录','2014-12-11 11:00:00','准时','10','正常','5.png','null',''),(17629,18,6,'绞车运行日志及巡回检查记录',5,'李健',7,'绞车运行日志及巡回检查记录','007','绞车运行日志及巡回检查记录','2014-12-11 12:00:00','准时','11','正常','5.png','null',''),(17630,19,6,'绞车运行日志及巡回检查记录',5,'李健',7,'绞车运行日志及巡回检查记录','007','绞车运行日志及巡回检查记录','2014-12-11 13:00:00','准时','12','正常','5.png','null',''),(17631,20,6,'绞车运行日志及巡回检查记录',5,'王巍',7,'绞车运行日志及巡回检查记录','007','绞车运行日志及巡回检查记录','2014-12-11 14:00:00','准时','13','正常','5.png','null',''),(17632,21,6,'绞车运行日志及巡回检查记录',5,'王巍',7,'绞车运行日志及巡回检查记录','007','绞车运行日志及巡回检查记录','2014-12-11 15:00:00','准时','14','正常','5.png','null',''),(17633,22,6,'绞车运行日志及巡回检查记录',5,'王巍',7,'绞车运行日志及巡回检查记录','007','绞车运行日志及巡回检查记录','2014-12-11 16:00:00','准时','15','正常','5.png','null',''),(17634,23,6,'绞车运行日志及巡回检查记录',5,'王巍',7,'绞车运行日志及巡回检查记录','007','绞车运行日志及巡回检查记录','2014-12-11 17:00:00','准时','16','正常','5.png','null',''),(17635,24,6,'绞车运行日志及巡回检查记录',5,'王巍',7,'绞车运行日志及巡回检查记录','007','绞车运行日志及巡回检查记录','2014-12-11 18:00:00','准时','17','正常','5.png','null',''),(17636,25,6,'绞车运行日志及巡回检查记录',5,'王巍',7,'绞车运行日志及巡回检查记录','007','绞车运行日志及巡回检查记录','2014-12-11 19:00:00','准时','18','正常','5.png','null',''),(17637,26,6,'绞车运行日志及巡回检查记录',5,'王巍',7,'绞车运行日志及巡回检查记录','007','绞车运行日志及巡回检查记录','2014-12-11 20:00:00','准时','19','正常','5.png','null',''),(17638,27,6,'绞车运行日志及巡回检查记录',5,'王巍',7,'绞车运行日志及巡回检查记录','007','绞车运行日志及巡回检查记录','2014-12-11 21:00:00','准时','20','正常','5.png','null',''),(17639,28,6,'绞车运行日志及巡回检查记录',5,'裴森',7,'绞车运行日志及巡回检查记录','007','绞车运行日志及巡回检查记录','2014-12-11 22:00:00','准时','21','正常','5.png','null',''),(17640,29,6,'绞车运行日志及巡回检查记录',5,'裴森',7,'绞车运行日志及巡回检查记录','007','绞车运行日志及巡回检查记录','2014-12-11 23:00:00','准时','22','正常','5.png','null',''),(17641,30,6,'绞车运行日志及巡回检查记录',5,'裴森',7,'绞车运行日志及巡回检查记录','007','绞车运行日志及巡回检查记录','2014-12-11 00:00:00','准时','23','正常','5.png','null',''),(17642,31,6,'绞车运行日志及巡回检查记录',5,'裴森',7,'绞车运行日志及巡回检查记录','007','绞车运行日志及巡回检查记录','2014-12-11 01:00:00','准时','24','正常','5.png','null',''),(17643,1,7,'提升机安全保护装置检查试验记录',22,'高义涛',2,'提升机安全保护装置','002','提升机安全保护装置','2014-12-11 00:00:00','准时','1','正常','22.png','孟志坚',''),(17644,3,8,'车房电工定期维护检修记录',21,'石磊',8,'车房电工定期维护检修记录','008','车房电工定期维护检修记录','2014-12-11 00:00:00','准时','1','正常','21.png','null',''),(17645,2,1,'多绳绞车钢丝绳查验记录',11,'葛鑫',1,'多绳绞车钢丝绳','001','多绳绞车钢丝绳','2014-12-12 00:00:00','准时','1','正常','11.png','杨磊',''),(17646,8,2,'提升系统钳工包机日检（一）',17,'刘金伟',4,'提升系统钳工包机日检（一）','004','提升系统钳工包机日检（一）','2014-12-12 00:00:00','准时','1','正常','17.png','null',''),(17647,7,3,'提升系统钳工包机日检（二）',12,'高岭',5,'提升系统钳工包机日检（二）','005','提升系统钳工包机日检（二）','2014-12-12 00:00:00','准时','1','正常','12.png','null',''),(17650,4,6,'绞车运行日志及巡回检查记录',5,'裴森',7,'绞车运行日志及巡回检查记录','007','绞车运行日志及巡回检查记录','2014-12-12 02:00:00','准时','1','正常','5.png','null',''),(17651,9,6,'绞车运行日志及巡回检查记录',5,'裴森',7,'绞车运行日志及巡回检查记录','007','绞车运行日志及巡回检查记录','2014-12-12 03:00:00','准时','2','正常','5.png','null',''),(17652,10,6,'绞车运行日志及巡回检查记录',5,'裴森',7,'绞车运行日志及巡回检查记录','007','绞车运行日志及巡回检查记录','2014-12-12 04:00:00','准时','3','正常','5.png','null',''),(17653,11,6,'绞车运行日志及巡回检查记录',5,'裴森',7,'绞车运行日志及巡回检查记录','007','绞车运行日志及巡回检查记录','2014-12-12 05:00:00','准时','4','正常','5.png','null',''),(17654,12,6,'绞车运行日志及巡回检查记录',5,'李健',7,'绞车运行日志及巡回检查记录','007','绞车运行日志及巡回检查记录','2014-12-12 06:00:00','准时','5','正常','5.png','null',''),(17655,13,6,'绞车运行日志及巡回检查记录',5,'李健',7,'绞车运行日志及巡回检查记录','007','绞车运行日志及巡回检查记录','2014-12-12 07:00:00','准时','6','正常','5.png','null',''),(17656,14,6,'绞车运行日志及巡回检查记录',5,'李健',7,'绞车运行日志及巡回检查记录','007','绞车运行日志及巡回检查记录','2014-12-12 08:00:00','准时','7','正常','5.png','null',''),(17657,15,6,'绞车运行日志及巡回检查记录',5,'李健',7,'绞车运行日志及巡回检查记录','007','绞车运行日志及巡回检查记录','2014-12-12 09:00:00','准时','8','正常','5.png','null',''),(17658,16,6,'绞车运行日志及巡回检查记录',5,'李健',7,'绞车运行日志及巡回检查记录','007','绞车运行日志及巡回检查记录','2014-12-12 10:00:00','准时','9','正常','5.png','null',''),(17659,17,6,'绞车运行日志及巡回检查记录',5,'李健',7,'绞车运行日志及巡回检查记录','007','绞车运行日志及巡回检查记录','2014-12-12 11:00:00','准时','10','正常','5.png','null',''),(17660,18,6,'绞车运行日志及巡回检查记录',5,'李健',7,'绞车运行日志及巡回检查记录','007','绞车运行日志及巡回检查记录','2014-12-12 12:00:00','准时','11','正常','5.png','null',''),(17661,19,6,'绞车运行日志及巡回检查记录',5,'李健',7,'绞车运行日志及巡回检查记录','007','绞车运行日志及巡回检查记录','2014-12-12 13:00:00','准时','12','正常','5.png','null',''),(17662,20,6,'绞车运行日志及巡回检查记录',5,'王巍',7,'绞车运行日志及巡回检查记录','007','绞车运行日志及巡回检查记录','2014-12-12 14:00:00','准时','13','正常','5.png','null',''),(17663,21,6,'绞车运行日志及巡回检查记录',5,'王巍',7,'绞车运行日志及巡回检查记录','007','绞车运行日志及巡回检查记录','2014-12-12 15:00:00','准时','14','正常','5.png','null',''),(17664,22,6,'绞车运行日志及巡回检查记录',5,'王巍',7,'绞车运行日志及巡回检查记录','007','绞车运行日志及巡回检查记录','2014-12-12 16:00:00','准时','15','正常','5.png','null',''),(17665,23,6,'绞车运行日志及巡回检查记录',5,'王巍',7,'绞车运行日志及巡回检查记录','007','绞车运行日志及巡回检查记录','2014-12-12 17:00:00','准时','16','正常','5.png','null',''),(17666,24,6,'绞车运行日志及巡回检查记录',5,'王巍',7,'绞车运行日志及巡回检查记录','007','绞车运行日志及巡回检查记录','2014-12-12 18:00:00','准时','17','正常','5.png','null',''),(17667,25,6,'绞车运行日志及巡回检查记录',5,'王巍',7,'绞车运行日志及巡回检查记录','007','绞车运行日志及巡回检查记录','2014-12-12 19:00:00','准时','18','正常','5.png','null',''),(17668,26,6,'绞车运行日志及巡回检查记录',5,'王巍',7,'绞车运行日志及巡回检查记录','007','绞车运行日志及巡回检查记录','2014-12-12 20:00:00','准时','19','正常','5.png','null',''),(17669,27,6,'绞车运行日志及巡回检查记录',5,'王巍',7,'绞车运行日志及巡回检查记录','007','绞车运行日志及巡回检查记录','2014-12-12 21:00:00','准时','20','正常','5.png','null',''),(17670,28,6,'绞车运行日志及巡回检查记录',5,'裴森',7,'绞车运行日志及巡回检查记录','007','绞车运行日志及巡回检查记录','2014-12-12 22:00:00','准时','21','正常','5.png','null',''),(17671,29,6,'绞车运行日志及巡回检查记录',5,'裴森',7,'绞车运行日志及巡回检查记录','007','绞车运行日志及巡回检查记录','2014-12-12 23:00:00','准时','22','正常','5.png','null',''),(17672,30,6,'绞车运行日志及巡回检查记录',5,'裴森',7,'绞车运行日志及巡回检查记录','007','绞车运行日志及巡回检查记录','2014-12-12 00:00:00','准时','23','正常','5.png','null',''),(17673,31,6,'绞车运行日志及巡回检查记录',5,'裴森',7,'绞车运行日志及巡回检查记录','007','绞车运行日志及巡回检查记录','2014-12-12 01:00:00','准时','24','正常','5.png','null',''),(17674,1,7,'提升机安全保护装置检查试验记录',21,'石磊',2,'提升机安全保护装置','002','提升机安全保护装置','2014-12-12 00:00:00','准时','1','正常','21.png','孟志坚',''),(17675,3,8,'车房电工定期维护检修记录',20,'郁奇峰',8,'车房电工定期维护检修记录','008','车房电工定期维护检修记录','2014-12-12 00:00:00','准时','1','正常','20.png','null',''),(17676,2,1,'多绳绞车钢丝绳查验记录',11,'葛鑫',1,'多绳绞车钢丝绳','001','多绳绞车钢丝绳','2014-12-13 00:00:00','准时','1','正常','11.png','郑威',''),(17677,8,2,'提升系统钳工包机日检（一）',8,'左睿',4,'提升系统钳工包机日检（一）','004','提升系统钳工包机日检（一）','2014-12-13 00:00:00','准时','1','正常','8.png','null',''),(17678,7,3,'提升系统钳工包机日检（二）',17,'刘金伟',5,'提升系统钳工包机日检（二）','005','提升系统钳工包机日检（二）','2014-12-13 00:00:00','准时','1','正常','17.png','null',''),(17681,4,6,'绞车运行日志及巡回检查记录',6,'李健',7,'绞车运行日志及巡回检查记录','007','绞车运行日志及巡回检查记录','2014-12-13 02:00:00','准时','1','正常','6.png','null',''),(17682,9,6,'绞车运行日志及巡回检查记录',6,'李健',7,'绞车运行日志及巡回检查记录','007','绞车运行日志及巡回检查记录','2014-12-13 03:00:00','准时','2','正常','6.png','null',''),(17683,10,6,'绞车运行日志及巡回检查记录',6,'李健',7,'绞车运行日志及巡回检查记录','007','绞车运行日志及巡回检查记录','2014-12-13 04:00:00','准时','3','正常','6.png','null',''),(17684,11,6,'绞车运行日志及巡回检查记录',6,'李健',7,'绞车运行日志及巡回检查记录','007','绞车运行日志及巡回检查记录','2014-12-13 05:00:00','准时','4','正常','6.png','null',''),(17685,12,6,'绞车运行日志及巡回检查记录',6,'王巍',7,'绞车运行日志及巡回检查记录','007','绞车运行日志及巡回检查记录','2014-12-13 06:00:00','准时','5','正常','6.png','null',''),(17686,13,6,'绞车运行日志及巡回检查记录',6,'王巍',7,'绞车运行日志及巡回检查记录','007','绞车运行日志及巡回检查记录','2014-12-13 07:00:00','准时','6','正常','6.png','null',''),(17687,14,6,'绞车运行日志及巡回检查记录',6,'王巍',7,'绞车运行日志及巡回检查记录','007','绞车运行日志及巡回检查记录','2014-12-13 08:00:00','准时','7','正常','6.png','null',''),(17688,15,6,'绞车运行日志及巡回检查记录',6,'王巍',7,'绞车运行日志及巡回检查记录','007','绞车运行日志及巡回检查记录','2014-12-13 09:00:00','准时','8','正常','6.png','null',''),(17689,16,6,'绞车运行日志及巡回检查记录',6,'王巍',7,'绞车运行日志及巡回检查记录','007','绞车运行日志及巡回检查记录','2014-12-13 10:00:00','准时','9','正常','6.png','null',''),(17690,17,6,'绞车运行日志及巡回检查记录',6,'王巍',7,'绞车运行日志及巡回检查记录','007','绞车运行日志及巡回检查记录','2014-12-13 11:00:00','准时','10','正常','6.png','null',''),(17691,18,6,'绞车运行日志及巡回检查记录',6,'王巍',7,'绞车运行日志及巡回检查记录','007','绞车运行日志及巡回检查记录','2014-12-13 12:00:00','准时','11','正常','6.png','null',''),(17692,19,6,'绞车运行日志及巡回检查记录',6,'王巍',7,'绞车运行日志及巡回检查记录','007','绞车运行日志及巡回检查记录','2014-12-13 13:00:00','准时','12','正常','6.png','null',''),(17693,20,6,'绞车运行日志及巡回检查记录',6,'苑成智',7,'绞车运行日志及巡回检查记录','007','绞车运行日志及巡回检查记录','2014-12-13 14:00:00','准时','13','正常','6.png','null',''),(17694,21,6,'绞车运行日志及巡回检查记录',6,'苑成智',7,'绞车运行日志及巡回检查记录','007','绞车运行日志及巡回检查记录','2014-12-13 15:00:00','准时','14','正常','6.png','null',''),(17695,22,6,'绞车运行日志及巡回检查记录',6,'苑成智',7,'绞车运行日志及巡回检查记录','007','绞车运行日志及巡回检查记录','2014-12-13 16:00:00','准时','15','正常','6.png','null',''),(17696,23,6,'绞车运行日志及巡回检查记录',6,'苑成智',7,'绞车运行日志及巡回检查记录','007','绞车运行日志及巡回检查记录','2014-12-13 17:00:00','准时','16','正常','6.png','null',''),(17697,24,6,'绞车运行日志及巡回检查记录',6,'苑成智',7,'绞车运行日志及巡回检查记录','007','绞车运行日志及巡回检查记录','2014-12-13 18:00:00','准时','17','正常','6.png','null',''),(17698,25,6,'绞车运行日志及巡回检查记录',6,'苑成智',7,'绞车运行日志及巡回检查记录','007','绞车运行日志及巡回检查记录','2014-12-13 19:00:00','准时','18','正常','6.png','null',''),(17699,26,6,'绞车运行日志及巡回检查记录',6,'苑成智',7,'绞车运行日志及巡回检查记录','007','绞车运行日志及巡回检查记录','2014-12-13 20:00:00','准时','19','正常','6.png','null',''),(17700,27,6,'绞车运行日志及巡回检查记录',6,'苑成智',7,'绞车运行日志及巡回检查记录','007','绞车运行日志及巡回检查记录','2014-12-13 21:00:00','准时','20','正常','6.png','null',''),(17701,28,6,'绞车运行日志及巡回检查记录',6,'李健',7,'绞车运行日志及巡回检查记录','007','绞车运行日志及巡回检查记录','2014-12-13 22:00:00','准时','21','正常','6.png','null',''),(17702,29,6,'绞车运行日志及巡回检查记录',6,'李健',7,'绞车运行日志及巡回检查记录','007','绞车运行日志及巡回检查记录','2014-12-13 23:00:00','准时','22','正常','6.png','null',''),(17703,30,6,'绞车运行日志及巡回检查记录',6,'李健',7,'绞车运行日志及巡回检查记录','007','绞车运行日志及巡回检查记录','2014-12-13 00:00:00','准时','23','正常','6.png','null',''),(17704,31,6,'绞车运行日志及巡回检查记录',6,'李健',7,'绞车运行日志及巡回检查记录','007','绞车运行日志及巡回检查记录','2014-12-13 01:00:00','准时','24','正常','6.png','null',''),(17705,1,7,'提升机安全保护装置检查试验记录',20,'郁奇峰',2,'提升机安全保护装置','002','提升机安全保护装置','2014-12-13 00:00:00','准时','1','正常','20.png','刘超',''),(17706,3,8,'车房电工定期维护检修记录',22,'高义涛',8,'车房电工定期维护检修记录','008','车房电工定期维护检修记录','2014-12-13 00:00:00','准时','1','正常','22.png','null',''),(17707,2,1,'多绳绞车钢丝绳查验记录',13,'谷银桥',1,'多绳绞车钢丝绳','001','多绳绞车钢丝绳','2014-12-14 00:00:00','准时','1','正常','13.png','刘超',''),(17708,8,2,'提升系统钳工包机日检（一）',8,'左睿',4,'提升系统钳工包机日检（一）','004','提升系统钳工包机日检（一）','2014-12-14 00:00:00','准时','1','正常','8.png','null',''),(17709,7,3,'提升系统钳工包机日检（二）',17,'刘金伟',5,'提升系统钳工包机日检（二）','005','提升系统钳工包机日检（二）','2014-12-14 00:00:00','准时','1','正常','17.png','null',''),(17710,6,4,'提升系统钳工周检',17,'刘金伟',6,'提升系统钳工周检','006','提升系统钳工周检','2014-12-08 00:00:00','准时','1','正常','17.png','null',''),(17711,5,5,'提升系统起重工周检',14,'刘鹏',3,'提升系统起重工周检','003','提升系统起重工周检','2014-12-08 00:00:00','准时','1','正常','14.png','null',''),(17712,4,6,'绞车运行日志及巡回检查记录',6,'李健',7,'绞车运行日志及巡回检查记录','007','绞车运行日志及巡回检查记录','2014-12-14 02:00:00','准时','1','正常','6.png','null',''),(17713,9,6,'绞车运行日志及巡回检查记录',6,'李健',7,'绞车运行日志及巡回检查记录','007','绞车运行日志及巡回检查记录','2014-12-14 03:00:00','准时','2','正常','6.png','null',''),(17714,10,6,'绞车运行日志及巡回检查记录',6,'李健',7,'绞车运行日志及巡回检查记录','007','绞车运行日志及巡回检查记录','2014-12-14 04:00:00','准时','3','正常','6.png','null',''),(17715,11,6,'绞车运行日志及巡回检查记录',6,'李健',7,'绞车运行日志及巡回检查记录','007','绞车运行日志及巡回检查记录','2014-12-14 05:00:00','准时','4','正常','6.png','null',''),(17716,12,6,'绞车运行日志及巡回检查记录',6,'王巍',7,'绞车运行日志及巡回检查记录','007','绞车运行日志及巡回检查记录','2014-12-14 06:00:00','准时','5','正常','6.png','null',''),(17717,13,6,'绞车运行日志及巡回检查记录',6,'王巍',7,'绞车运行日志及巡回检查记录','007','绞车运行日志及巡回检查记录','2014-12-14 07:00:00','准时','6','正常','6.png','null',''),(17718,14,6,'绞车运行日志及巡回检查记录',6,'王巍',7,'绞车运行日志及巡回检查记录','007','绞车运行日志及巡回检查记录','2014-12-14 08:00:00','准时','7','正常','6.png','null',''),(17719,15,6,'绞车运行日志及巡回检查记录',6,'王巍',7,'绞车运行日志及巡回检查记录','007','绞车运行日志及巡回检查记录','2014-12-14 09:00:00','准时','8','正常','6.png','null',''),(17720,16,6,'绞车运行日志及巡回检查记录',6,'王巍',7,'绞车运行日志及巡回检查记录','007','绞车运行日志及巡回检查记录','2014-12-14 10:00:00','准时','9','正常','6.png','null',''),(17721,17,6,'绞车运行日志及巡回检查记录',6,'王巍',7,'绞车运行日志及巡回检查记录','007','绞车运行日志及巡回检查记录','2014-12-14 11:00:00','准时','10','正常','6.png','null',''),(17722,18,6,'绞车运行日志及巡回检查记录',6,'王巍',7,'绞车运行日志及巡回检查记录','007','绞车运行日志及巡回检查记录','2014-12-14 12:00:00','准时','11','正常','6.png','null',''),(17723,19,6,'绞车运行日志及巡回检查记录',6,'王巍',7,'绞车运行日志及巡回检查记录','007','绞车运行日志及巡回检查记录','2014-12-14 13:00:00','准时','12','正常','6.png','null',''),(17724,20,6,'绞车运行日志及巡回检查记录',6,'苑成智',7,'绞车运行日志及巡回检查记录','007','绞车运行日志及巡回检查记录','2014-12-14 14:00:00','准时','13','正常','6.png','null',''),(17725,21,6,'绞车运行日志及巡回检查记录',6,'苑成智',7,'绞车运行日志及巡回检查记录','007','绞车运行日志及巡回检查记录','2014-12-14 15:00:00','准时','14','正常','6.png','null',''),(17726,22,6,'绞车运行日志及巡回检查记录',6,'苑成智',7,'绞车运行日志及巡回检查记录','007','绞车运行日志及巡回检查记录','2014-12-14 16:00:00','准时','15','正常','6.png','null',''),(17727,23,6,'绞车运行日志及巡回检查记录',6,'苑成智',7,'绞车运行日志及巡回检查记录','007','绞车运行日志及巡回检查记录','2014-12-14 17:00:00','准时','16','正常','6.png','null',''),(17728,24,6,'绞车运行日志及巡回检查记录',6,'苑成智',7,'绞车运行日志及巡回检查记录','007','绞车运行日志及巡回检查记录','2014-12-14 18:00:00','准时','17','正常','6.png','null',''),(17729,25,6,'绞车运行日志及巡回检查记录',6,'苑成智',7,'绞车运行日志及巡回检查记录','007','绞车运行日志及巡回检查记录','2014-12-14 19:00:00','准时','18','正常','6.png','null',''),(17730,26,6,'绞车运行日志及巡回检查记录',6,'苑成智',7,'绞车运行日志及巡回检查记录','007','绞车运行日志及巡回检查记录','2014-12-14 20:00:00','准时','19','正常','6.png','null',''),(17731,27,6,'绞车运行日志及巡回检查记录',6,'苑成智',7,'绞车运行日志及巡回检查记录','007','绞车运行日志及巡回检查记录','2014-12-14 21:00:00','准时','20','正常','6.png','null',''),(17732,28,6,'绞车运行日志及巡回检查记录',6,'李健',7,'绞车运行日志及巡回检查记录','007','绞车运行日志及巡回检查记录','2014-12-14 22:00:00','准时','21','正常','6.png','null',''),(17733,29,6,'绞车运行日志及巡回检查记录',6,'李健',7,'绞车运行日志及巡回检查记录','007','绞车运行日志及巡回检查记录','2014-12-14 23:00:00','准时','22','正常','6.png','null',''),(17734,30,6,'绞车运行日志及巡回检查记录',6,'李健',7,'绞车运行日志及巡回检查记录','007','绞车运行日志及巡回检查记录','2014-12-14 00:00:00','准时','23','正常','6.png','null',''),(17735,31,6,'绞车运行日志及巡回检查记录',6,'李健',7,'绞车运行日志及巡回检查记录','007','绞车运行日志及巡回检查记录','2014-12-14 01:00:00','准时','24','正常','6.png','null',''),(17736,1,7,'提升机安全保护装置检查试验记录',22,'高义涛',2,'提升机安全保护装置','002','提升机安全保护装置','2014-12-14 00:00:00','准时','1','正常','22.png','刘博',''),(17737,3,8,'车房电工定期维护检修记录',20,'郁奇峰',8,'车房电工定期维护检修记录','008','车房电工定期维护检修记录','2014-12-14 00:00:00','准时','1','正常','20.png','null',''),(17738,2,1,'多绳绞车钢丝绳查验记录',13,'谷银桥',1,'多绳绞车钢丝绳','001','多绳绞车钢丝绳','2014-12-15 00:00:00','准时','1','正常','13.png','刘超',''),(17739,8,2,'提升系统钳工包机日检（一）',19,'王军军',4,'提升系统钳工包机日检（一）','004','提升系统钳工包机日检（一）','2014-12-15 00:00:00','准时','1','正常','19.png','null',''),(17740,7,3,'提升系统钳工包机日检（二）',19,'王军军',5,'提升系统钳工包机日检（二）','005','提升系统钳工包机日检（二）','2014-12-15 00:00:00','准时','1','正常','19.png','null',''),(17743,4,6,'绞车运行日志及巡回检查记录',23,'冯文彦',7,'绞车运行日志及巡回检查记录','007','绞车运行日志及巡回检查记录','2014-12-15 02:00:00','准时','1','正常','23.png','null',''),(17744,9,6,'绞车运行日志及巡回检查记录',23,'冯文彦',7,'绞车运行日志及巡回检查记录','007','绞车运行日志及巡回检查记录','2014-12-15 03:00:00','准时','2','正常','23.png','null',''),(17745,10,6,'绞车运行日志及巡回检查记录',23,'冯文彦',7,'绞车运行日志及巡回检查记录','007','绞车运行日志及巡回检查记录','2014-12-15 04:00:00','准时','3','正常','23.png','null',''),(17746,11,6,'绞车运行日志及巡回检查记录',23,'冯文彦',7,'绞车运行日志及巡回检查记录','007','绞车运行日志及巡回检查记录','2014-12-15 05:00:00','准时','4','正常','23.png','null',''),(17747,12,6,'绞车运行日志及巡回检查记录',23,'李乾',7,'绞车运行日志及巡回检查记录','007','绞车运行日志及巡回检查记录','2014-12-15 06:00:00','准时','5','正常','23.png','null',''),(17748,13,6,'绞车运行日志及巡回检查记录',23,'李乾',7,'绞车运行日志及巡回检查记录','007','绞车运行日志及巡回检查记录','2014-12-15 07:00:00','准时','6','正常','23.png','null',''),(17749,14,6,'绞车运行日志及巡回检查记录',23,'李乾',7,'绞车运行日志及巡回检查记录','007','绞车运行日志及巡回检查记录','2014-12-15 08:00:00','准时','7','正常','23.png','null',''),(17750,15,6,'绞车运行日志及巡回检查记录',23,'李乾',7,'绞车运行日志及巡回检查记录','007','绞车运行日志及巡回检查记录','2014-12-15 09:00:00','准时','8','正常','23.png','null',''),(17751,16,6,'绞车运行日志及巡回检查记录',23,'李乾',7,'绞车运行日志及巡回检查记录','007','绞车运行日志及巡回检查记录','2014-12-15 10:00:00','准时','9','正常','23.png','null',''),(17752,17,6,'绞车运行日志及巡回检查记录',23,'李乾',7,'绞车运行日志及巡回检查记录','007','绞车运行日志及巡回检查记录','2014-12-15 11:00:00','准时','10','正常','23.png','null',''),(17753,18,6,'绞车运行日志及巡回检查记录',23,'李乾',7,'绞车运行日志及巡回检查记录','007','绞车运行日志及巡回检查记录','2014-12-15 12:00:00','准时','11','正常','23.png','null',''),(17754,19,6,'绞车运行日志及巡回检查记录',23,'李乾',7,'绞车运行日志及巡回检查记录','007','绞车运行日志及巡回检查记录','2014-12-15 13:00:00','准时','12','正常','23.png','null',''),(17755,20,6,'绞车运行日志及巡回检查记录',23,'裴森',7,'绞车运行日志及巡回检查记录','007','绞车运行日志及巡回检查记录','2014-12-15 14:00:00','准时','13','正常','23.png','null',''),(17756,21,6,'绞车运行日志及巡回检查记录',23,'裴森',7,'绞车运行日志及巡回检查记录','007','绞车运行日志及巡回检查记录','2014-12-15 15:00:00','准时','14','正常','23.png','null',''),(17757,22,6,'绞车运行日志及巡回检查记录',23,'裴森',7,'绞车运行日志及巡回检查记录','007','绞车运行日志及巡回检查记录','2014-12-15 16:00:00','准时','15','正常','23.png','null',''),(17758,23,6,'绞车运行日志及巡回检查记录',23,'裴森',7,'绞车运行日志及巡回检查记录','007','绞车运行日志及巡回检查记录','2014-12-15 17:00:00','准时','16','正常','23.png','null',''),(17759,24,6,'绞车运行日志及巡回检查记录',23,'裴森',7,'绞车运行日志及巡回检查记录','007','绞车运行日志及巡回检查记录','2014-12-15 18:00:00','准时','17','正常','23.png','null',''),(17760,25,6,'绞车运行日志及巡回检查记录',23,'裴森',7,'绞车运行日志及巡回检查记录','007','绞车运行日志及巡回检查记录','2014-12-15 19:00:00','准时','18','正常','23.png','null',''),(17761,26,6,'绞车运行日志及巡回检查记录',23,'裴森',7,'绞车运行日志及巡回检查记录','007','绞车运行日志及巡回检查记录','2014-12-15 20:00:00','准时','19','正常','23.png','null',''),(17762,27,6,'绞车运行日志及巡回检查记录',23,'裴森',7,'绞车运行日志及巡回检查记录','007','绞车运行日志及巡回检查记录','2014-12-15 21:00:00','准时','20','正常','23.png','null',''),(17763,28,6,'绞车运行日志及巡回检查记录',23,'冯文彦',7,'绞车运行日志及巡回检查记录','007','绞车运行日志及巡回检查记录','2014-12-15 22:00:00','准时','21','正常','23.png','null',''),(17764,29,6,'绞车运行日志及巡回检查记录',23,'冯文彦',7,'绞车运行日志及巡回检查记录','007','绞车运行日志及巡回检查记录','2014-12-15 23:00:00','准时','22','正常','23.png','null',''),(17765,30,6,'绞车运行日志及巡回检查记录',23,'冯文彦',7,'绞车运行日志及巡回检查记录','007','绞车运行日志及巡回检查记录','2014-12-15 00:00:00','准时','23','正常','23.png','null',''),(17766,31,6,'绞车运行日志及巡回检查记录',23,'冯文彦',7,'绞车运行日志及巡回检查记录','007','绞车运行日志及巡回检查记录','2014-12-15 01:00:00','准时','24','正常','23.png','null',''),(17767,1,7,'提升机安全保护装置检查试验记录',21,'石磊',2,'提升机安全保护装置','002','提升机安全保护装置','2014-12-15 00:00:00','准时','1','正常','21.png','王春青',''),(17768,3,8,'车房电工定期维护检修记录',20,'郁奇峰',8,'车房电工定期维护检修记录','008','车房电工定期维护检修记录','2014-12-15 00:00:00','准时','1','正常','20.png','null',''),(17769,2,1,'多绳绞车钢丝绳查验记录',14,'刘鹏',1,'多绳绞车钢丝绳','001','多绳绞车钢丝绳','2014-12-16 00:00:00','准时','1','正常','14.png','刘博',''),(17770,8,2,'提升系统钳工包机日检（一）',17,'刘金伟',4,'提升系统钳工包机日检（一）','004','提升系统钳工包机日检（一）','2014-12-16 00:00:00','准时','1','正常','17.png','null',''),(17771,7,3,'提升系统钳工包机日检（二）',12,'高岭',5,'提升系统钳工包机日检（二）','005','提升系统钳工包机日检（二）','2014-12-16 00:00:00','准时','1','正常','12.png','null',''),(17774,4,6,'绞车运行日志及巡回检查记录',5,'裴森',7,'绞车运行日志及巡回检查记录','007','绞车运行日志及巡回检查记录','2014-12-16 02:00:00','准时','1','正常','5.png','null',''),(17775,9,6,'绞车运行日志及巡回检查记录',5,'裴森',7,'绞车运行日志及巡回检查记录','007','绞车运行日志及巡回检查记录','2014-12-16 03:00:00','准时','2','正常','5.png','null',''),(17776,10,6,'绞车运行日志及巡回检查记录',5,'裴森',7,'绞车运行日志及巡回检查记录','007','绞车运行日志及巡回检查记录','2014-12-16 04:00:00','准时','3','正常','5.png','null',''),(17777,11,6,'绞车运行日志及巡回检查记录',5,'裴森',7,'绞车运行日志及巡回检查记录','007','绞车运行日志及巡回检查记录','2014-12-16 05:00:00','准时','4','正常','5.png','null',''),(17778,12,6,'绞车运行日志及巡回检查记录',5,'李健',7,'绞车运行日志及巡回检查记录','007','绞车运行日志及巡回检查记录','2014-12-16 06:00:00','准时','5','正常','5.png','null',''),(17779,13,6,'绞车运行日志及巡回检查记录',5,'李健',7,'绞车运行日志及巡回检查记录','007','绞车运行日志及巡回检查记录','2014-12-16 07:00:00','准时','6','正常','5.png','null',''),(17780,14,6,'绞车运行日志及巡回检查记录',5,'李健',7,'绞车运行日志及巡回检查记录','007','绞车运行日志及巡回检查记录','2014-12-16 08:00:00','准时','7','正常','5.png','null',''),(17781,15,6,'绞车运行日志及巡回检查记录',5,'李健',7,'绞车运行日志及巡回检查记录','007','绞车运行日志及巡回检查记录','2014-12-16 09:00:00','准时','8','正常','5.png','null',''),(17782,16,6,'绞车运行日志及巡回检查记录',5,'李健',7,'绞车运行日志及巡回检查记录','007','绞车运行日志及巡回检查记录','2014-12-16 10:00:00','准时','9','正常','5.png','null',''),(17783,17,6,'绞车运行日志及巡回检查记录',5,'李健',7,'绞车运行日志及巡回检查记录','007','绞车运行日志及巡回检查记录','2014-12-16 11:00:00','准时','10','正常','5.png','null',''),(17784,18,6,'绞车运行日志及巡回检查记录',5,'李健',7,'绞车运行日志及巡回检查记录','007','绞车运行日志及巡回检查记录','2014-12-16 12:00:00','准时','11','正常','5.png','null',''),(17785,19,6,'绞车运行日志及巡回检查记录',5,'李健',7,'绞车运行日志及巡回检查记录','007','绞车运行日志及巡回检查记录','2014-12-16 13:00:00','准时','12','正常','5.png','null',''),(17786,20,6,'绞车运行日志及巡回检查记录',5,'王巍',7,'绞车运行日志及巡回检查记录','007','绞车运行日志及巡回检查记录','2014-12-16 14:00:00','准时','13','正常','5.png','null',''),(17787,21,6,'绞车运行日志及巡回检查记录',5,'王巍',7,'绞车运行日志及巡回检查记录','007','绞车运行日志及巡回检查记录','2014-12-16 15:00:00','准时','14','正常','5.png','null',''),(17788,22,6,'绞车运行日志及巡回检查记录',5,'王巍',7,'绞车运行日志及巡回检查记录','007','绞车运行日志及巡回检查记录','2014-12-16 16:00:00','准时','15','正常','5.png','null',''),(17789,23,6,'绞车运行日志及巡回检查记录',5,'王巍',7,'绞车运行日志及巡回检查记录','007','绞车运行日志及巡回检查记录','2014-12-16 17:00:00','准时','16','正常','5.png','null',''),(17790,24,6,'绞车运行日志及巡回检查记录',5,'王巍',7,'绞车运行日志及巡回检查记录','007','绞车运行日志及巡回检查记录','2014-12-16 18:00:00','准时','17','正常','5.png','null',''),(17791,25,6,'绞车运行日志及巡回检查记录',5,'王巍',7,'绞车运行日志及巡回检查记录','007','绞车运行日志及巡回检查记录','2014-12-16 19:00:00','准时','18','正常','5.png','null',''),(17792,26,6,'绞车运行日志及巡回检查记录',5,'王巍',7,'绞车运行日志及巡回检查记录','007','绞车运行日志及巡回检查记录','2014-12-16 20:00:00','准时','19','正常','5.png','null',''),(17793,27,6,'绞车运行日志及巡回检查记录',5,'王巍',7,'绞车运行日志及巡回检查记录','007','绞车运行日志及巡回检查记录','2014-12-16 21:00:00','准时','20','正常','5.png','null',''),(17794,28,6,'绞车运行日志及巡回检查记录',5,'裴森',7,'绞车运行日志及巡回检查记录','007','绞车运行日志及巡回检查记录','2014-12-16 22:00:00','准时','21','正常','5.png','null',''),(17795,29,6,'绞车运行日志及巡回检查记录',5,'裴森',7,'绞车运行日志及巡回检查记录','007','绞车运行日志及巡回检查记录','2014-12-16 23:00:00','准时','22','正常','5.png','null',''),(17796,30,6,'绞车运行日志及巡回检查记录',5,'裴森',7,'绞车运行日志及巡回检查记录','007','绞车运行日志及巡回检查记录','2014-12-16 00:00:00','准时','23','正常','5.png','null',''),(17797,31,6,'绞车运行日志及巡回检查记录',5,'裴森',7,'绞车运行日志及巡回检查记录','007','绞车运行日志及巡回检查记录','2014-12-16 01:00:00','准时','24','正常','5.png','null',''),(17798,1,7,'提升机安全保护装置检查试验记录',20,'郁奇峰',2,'提升机安全保护装置','002','提升机安全保护装置','2014-12-16 00:00:00','准时','1','正常','20.png','刘博',''),(17799,3,8,'车房电工定期维护检修记录',20,'郁奇峰',8,'车房电工定期维护检修记录','008','车房电工定期维护检修记录','2014-12-16 00:00:00','准时','1','正常','20.png','null',''),(17800,2,1,'多绳绞车钢丝绳查验记录',16,'李卫',1,'多绳绞车钢丝绳','001','多绳绞车钢丝绳','2014-12-17 00:00:00','准时','1','正常','16.png','刘博',''),(17801,8,2,'提升系统钳工包机日检（一）',8,'左睿',4,'提升系统钳工包机日检（一）','004','提升系统钳工包机日检（一）','2014-12-17 00:00:00','准时','1','正常','8.png','null',''),(17802,7,3,'提升系统钳工包机日检（二）',12,'高岭',5,'提升系统钳工包机日检（二）','005','提升系统钳工包机日检（二）','2014-12-17 00:00:00','准时','1','正常','12.png','null',''),(17805,4,6,'绞车运行日志及巡回检查记录',6,'李健',7,'绞车运行日志及巡回检查记录','007','绞车运行日志及巡回检查记录','2014-12-17 02:00:00','准时','1','正常','6.png','null',''),(17806,9,6,'绞车运行日志及巡回检查记录',6,'李健',7,'绞车运行日志及巡回检查记录','007','绞车运行日志及巡回检查记录','2014-12-17 03:00:00','准时','2','正常','6.png','null',''),(17807,10,6,'绞车运行日志及巡回检查记录',6,'李健',7,'绞车运行日志及巡回检查记录','007','绞车运行日志及巡回检查记录','2014-12-17 04:00:00','准时','3','正常','6.png','null',''),(17808,11,6,'绞车运行日志及巡回检查记录',6,'李健',7,'绞车运行日志及巡回检查记录','007','绞车运行日志及巡回检查记录','2014-12-17 05:00:00','准时','4','正常','6.png','null',''),(17809,12,6,'绞车运行日志及巡回检查记录',6,'王巍',7,'绞车运行日志及巡回检查记录','007','绞车运行日志及巡回检查记录','2014-12-17 06:00:00','准时','5','正常','6.png','null',''),(17810,13,6,'绞车运行日志及巡回检查记录',6,'王巍',7,'绞车运行日志及巡回检查记录','007','绞车运行日志及巡回检查记录','2014-12-17 07:00:00','准时','6','正常','6.png','null',''),(17811,14,6,'绞车运行日志及巡回检查记录',6,'王巍',7,'绞车运行日志及巡回检查记录','007','绞车运行日志及巡回检查记录','2014-12-17 08:00:00','准时','7','正常','6.png','null',''),(17812,15,6,'绞车运行日志及巡回检查记录',6,'王巍',7,'绞车运行日志及巡回检查记录','007','绞车运行日志及巡回检查记录','2014-12-17 09:00:00','准时','8','正常','6.png','null',''),(17813,16,6,'绞车运行日志及巡回检查记录',6,'王巍',7,'绞车运行日志及巡回检查记录','007','绞车运行日志及巡回检查记录','2014-12-17 10:00:00','准时','9','正常','6.png','null',''),(17814,17,6,'绞车运行日志及巡回检查记录',6,'王巍',7,'绞车运行日志及巡回检查记录','007','绞车运行日志及巡回检查记录','2014-12-17 11:00:00','准时','10','正常','6.png','null',''),(17815,18,6,'绞车运行日志及巡回检查记录',6,'王巍',7,'绞车运行日志及巡回检查记录','007','绞车运行日志及巡回检查记录','2014-12-17 12:00:00','准时','11','正常','6.png','null',''),(17816,19,6,'绞车运行日志及巡回检查记录',6,'王巍',7,'绞车运行日志及巡回检查记录','007','绞车运行日志及巡回检查记录','2014-12-17 13:00:00','准时','12','正常','6.png','null',''),(17817,20,6,'绞车运行日志及巡回检查记录',6,'苑成智',7,'绞车运行日志及巡回检查记录','007','绞车运行日志及巡回检查记录','2014-12-17 14:00:00','准时','13','正常','6.png','null',''),(17818,21,6,'绞车运行日志及巡回检查记录',6,'苑成智',7,'绞车运行日志及巡回检查记录','007','绞车运行日志及巡回检查记录','2014-12-17 15:00:00','准时','14','正常','6.png','null',''),(17819,22,6,'绞车运行日志及巡回检查记录',6,'苑成智',7,'绞车运行日志及巡回检查记录','007','绞车运行日志及巡回检查记录','2014-12-17 16:00:00','准时','15','正常','6.png','null',''),(17820,23,6,'绞车运行日志及巡回检查记录',6,'苑成智',7,'绞车运行日志及巡回检查记录','007','绞车运行日志及巡回检查记录','2014-12-17 17:00:00','准时','16','正常','6.png','null',''),(17821,24,6,'绞车运行日志及巡回检查记录',6,'苑成智',7,'绞车运行日志及巡回检查记录','007','绞车运行日志及巡回检查记录','2014-12-17 18:00:00','准时','17','正常','6.png','null',''),(17822,25,6,'绞车运行日志及巡回检查记录',6,'苑成智',7,'绞车运行日志及巡回检查记录','007','绞车运行日志及巡回检查记录','2014-12-17 19:00:00','准时','18','正常','6.png','null',''),(17823,26,6,'绞车运行日志及巡回检查记录',6,'苑成智',7,'绞车运行日志及巡回检查记录','007','绞车运行日志及巡回检查记录','2014-12-17 20:00:00','准时','19','正常','6.png','null',''),(17824,27,6,'绞车运行日志及巡回检查记录',6,'苑成智',7,'绞车运行日志及巡回检查记录','007','绞车运行日志及巡回检查记录','2014-12-17 21:00:00','准时','20','正常','6.png','null',''),(17825,28,6,'绞车运行日志及巡回检查记录',6,'李健',7,'绞车运行日志及巡回检查记录','007','绞车运行日志及巡回检查记录','2014-12-17 22:00:00','准时','21','正常','6.png','null',''),(17826,29,6,'绞车运行日志及巡回检查记录',6,'李健',7,'绞车运行日志及巡回检查记录','007','绞车运行日志及巡回检查记录','2014-12-17 23:00:00','准时','22','正常','6.png','null',''),(17827,30,6,'绞车运行日志及巡回检查记录',6,'李健',7,'绞车运行日志及巡回检查记录','007','绞车运行日志及巡回检查记录','2014-12-17 00:00:00','准时','23','正常','6.png','null',''),(17828,31,6,'绞车运行日志及巡回检查记录',6,'李健',7,'绞车运行日志及巡回检查记录','007','绞车运行日志及巡回检查记录','2014-12-17 01:00:00','准时','24','正常','6.png','null',''),(17829,1,7,'提升机安全保护装置检查试验记录',20,'郁奇峰',2,'提升机安全保护装置','002','提升机安全保护装置','2014-12-17 00:00:00','准时','1','正常','20.png','杨磊',''),(17830,3,8,'车房电工定期维护检修记录',20,'郁奇峰',8,'车房电工定期维护检修记录','008','车房电工定期维护检修记录','2014-12-17 00:00:00','准时','1','正常','20.png','null',''),(17831,2,1,'多绳绞车钢丝绳查验记录',15,'牛利生',1,'多绳绞车钢丝绳','001','多绳绞车钢丝绳','2014-12-18 00:00:00','准时','1','正常','15.png','郑威',''),(17832,8,2,'提升系统钳工包机日检（一）',17,'刘金伟',4,'提升系统钳工包机日检（一）','004','提升系统钳工包机日检（一）','2014-12-18 00:00:00','准时','1','正常','17.png','null',''),(17833,7,3,'提升系统钳工包机日检（二）',12,'高岭',5,'提升系统钳工包机日检（二）','005','提升系统钳工包机日检（二）','2014-12-18 00:00:00','准时','1','正常','12.png','null',''),(17836,4,6,'绞车运行日志及巡回检查记录',5,'裴森',7,'绞车运行日志及巡回检查记录','007','绞车运行日志及巡回检查记录','2014-12-18 02:00:00','准时','1','正常','5.png','null',''),(17837,9,6,'绞车运行日志及巡回检查记录',5,'裴森',7,'绞车运行日志及巡回检查记录','007','绞车运行日志及巡回检查记录','2014-12-18 03:00:00','准时','2','正常','5.png','null',''),(17838,10,6,'绞车运行日志及巡回检查记录',5,'裴森',7,'绞车运行日志及巡回检查记录','007','绞车运行日志及巡回检查记录','2014-12-18 04:00:00','准时','3','正常','5.png','null',''),(17839,11,6,'绞车运行日志及巡回检查记录',5,'裴森',7,'绞车运行日志及巡回检查记录','007','绞车运行日志及巡回检查记录','2014-12-18 05:00:00','准时','4','正常','5.png','null',''),(17840,12,6,'绞车运行日志及巡回检查记录',5,'李健',7,'绞车运行日志及巡回检查记录','007','绞车运行日志及巡回检查记录','2014-12-18 06:00:00','准时','5','正常','5.png','null',''),(17841,13,6,'绞车运行日志及巡回检查记录',5,'李健',7,'绞车运行日志及巡回检查记录','007','绞车运行日志及巡回检查记录','2014-12-18 07:00:00','准时','6','正常','5.png','null',''),(17842,14,6,'绞车运行日志及巡回检查记录',5,'李健',7,'绞车运行日志及巡回检查记录','007','绞车运行日志及巡回检查记录','2014-12-18 08:00:00','准时','7','正常','5.png','null',''),(17843,15,6,'绞车运行日志及巡回检查记录',5,'李健',7,'绞车运行日志及巡回检查记录','007','绞车运行日志及巡回检查记录','2014-12-18 09:00:00','准时','8','正常','5.png','null',''),(17844,16,6,'绞车运行日志及巡回检查记录',5,'李健',7,'绞车运行日志及巡回检查记录','007','绞车运行日志及巡回检查记录','2014-12-18 10:00:00','准时','9','正常','5.png','null',''),(17845,17,6,'绞车运行日志及巡回检查记录',5,'李健',7,'绞车运行日志及巡回检查记录','007','绞车运行日志及巡回检查记录','2014-12-18 11:00:00','准时','10','正常','5.png','null',''),(17846,18,6,'绞车运行日志及巡回检查记录',5,'李健',7,'绞车运行日志及巡回检查记录','007','绞车运行日志及巡回检查记录','2014-12-18 12:00:00','准时','11','正常','5.png','null',''),(17847,19,6,'绞车运行日志及巡回检查记录',5,'李健',7,'绞车运行日志及巡回检查记录','007','绞车运行日志及巡回检查记录','2014-12-18 13:00:00','准时','12','正常','5.png','null',''),(17848,20,6,'绞车运行日志及巡回检查记录',5,'王巍',7,'绞车运行日志及巡回检查记录','007','绞车运行日志及巡回检查记录','2014-12-18 14:00:00','准时','13','正常','5.png','null',''),(17849,21,6,'绞车运行日志及巡回检查记录',5,'王巍',7,'绞车运行日志及巡回检查记录','007','绞车运行日志及巡回检查记录','2014-12-18 15:00:00','准时','14','正常','5.png','null',''),(17850,22,6,'绞车运行日志及巡回检查记录',5,'王巍',7,'绞车运行日志及巡回检查记录','007','绞车运行日志及巡回检查记录','2014-12-18 16:00:00','准时','15','正常','5.png','null',''),(17851,23,6,'绞车运行日志及巡回检查记录',5,'王巍',7,'绞车运行日志及巡回检查记录','007','绞车运行日志及巡回检查记录','2014-12-18 17:00:00','准时','16','正常','5.png','null',''),(17852,24,6,'绞车运行日志及巡回检查记录',5,'王巍',7,'绞车运行日志及巡回检查记录','007','绞车运行日志及巡回检查记录','2014-12-18 18:00:00','准时','17','正常','5.png','null',''),(17853,25,6,'绞车运行日志及巡回检查记录',5,'王巍',7,'绞车运行日志及巡回检查记录','007','绞车运行日志及巡回检查记录','2014-12-18 19:00:00','准时','18','正常','5.png','null',''),(17854,26,6,'绞车运行日志及巡回检查记录',5,'王巍',7,'绞车运行日志及巡回检查记录','007','绞车运行日志及巡回检查记录','2014-12-18 20:00:00','准时','19','正常','5.png','null',''),(17855,27,6,'绞车运行日志及巡回检查记录',5,'王巍',7,'绞车运行日志及巡回检查记录','007','绞车运行日志及巡回检查记录','2014-12-18 21:00:00','准时','20','正常','5.png','null',''),(17856,28,6,'绞车运行日志及巡回检查记录',5,'裴森',7,'绞车运行日志及巡回检查记录','007','绞车运行日志及巡回检查记录','2014-12-18 22:00:00','准时','21','正常','5.png','null',''),(17857,29,6,'绞车运行日志及巡回检查记录',5,'裴森',7,'绞车运行日志及巡回检查记录','007','绞车运行日志及巡回检查记录','2014-12-18 23:00:00','准时','22','正常','5.png','null',''),(17858,30,6,'绞车运行日志及巡回检查记录',5,'裴森',7,'绞车运行日志及巡回检查记录','007','绞车运行日志及巡回检查记录','2014-12-18 00:00:00','准时','23','正常','5.png','null',''),(17859,31,6,'绞车运行日志及巡回检查记录',5,'裴森',7,'绞车运行日志及巡回检查记录','007','绞车运行日志及巡回检查记录','2014-12-18 01:00:00','准时','24','正常','5.png','null',''),(17860,1,7,'提升机安全保护装置检查试验记录',22,'高义涛',2,'提升机安全保护装置','002','提升机安全保护装置','2014-12-18 00:00:00','准时','1','正常','22.png','刘博',''),(17861,3,8,'车房电工定期维护检修记录',20,'郁奇峰',8,'车房电工定期维护检修记录','008','车房电工定期维护检修记录','2014-12-18 00:00:00','准时','1','正常','20.png','null',''),(17862,2,1,'多绳绞车钢丝绳查验记录',14,'刘鹏',1,'多绳绞车钢丝绳','001','多绳绞车钢丝绳','2014-12-19 00:00:00','准时','1','正常','14.png','刘博',''),(17863,8,2,'提升系统钳工包机日检（一）',18,'唐庆恩',4,'提升系统钳工包机日检（一）','004','提升系统钳工包机日检（一）','2014-12-19 00:00:00','准时','1','正常','18.png','null',''),(17864,7,3,'提升系统钳工包机日检（二）',12,'高岭',5,'提升系统钳工包机日检（二）','005','提升系统钳工包机日检（二）','2014-12-19 00:00:00','准时','1','正常','12.png','null',''),(17867,4,6,'绞车运行日志及巡回检查记录',24,'李乾',7,'绞车运行日志及巡回检查记录','007','绞车运行日志及巡回检查记录','2014-12-19 02:00:00','准时','1','正常','24.png','null',''),(17868,9,6,'绞车运行日志及巡回检查记录',24,'李乾',7,'绞车运行日志及巡回检查记录','007','绞车运行日志及巡回检查记录','2014-12-19 03:00:00','准时','2','正常','24.png','null',''),(17869,10,6,'绞车运行日志及巡回检查记录',24,'李乾',7,'绞车运行日志及巡回检查记录','007','绞车运行日志及巡回检查记录','2014-12-19 04:00:00','准时','3','正常','24.png','null',''),(17870,11,6,'绞车运行日志及巡回检查记录',24,'李乾',7,'绞车运行日志及巡回检查记录','007','绞车运行日志及巡回检查记录','2014-12-19 05:00:00','准时','4','正常','24.png','null',''),(17871,12,6,'绞车运行日志及巡回检查记录',24,'裴森',7,'绞车运行日志及巡回检查记录','007','绞车运行日志及巡回检查记录','2014-12-19 06:00:00','准时','5','正常','24.png','null',''),(17872,13,6,'绞车运行日志及巡回检查记录',24,'裴森',7,'绞车运行日志及巡回检查记录','007','绞车运行日志及巡回检查记录','2014-12-19 07:00:00','准时','6','正常','24.png','null',''),(17873,14,6,'绞车运行日志及巡回检查记录',24,'裴森',7,'绞车运行日志及巡回检查记录','007','绞车运行日志及巡回检查记录','2014-12-19 08:00:00','准时','7','正常','24.png','null',''),(17874,15,6,'绞车运行日志及巡回检查记录',24,'裴森',7,'绞车运行日志及巡回检查记录','007','绞车运行日志及巡回检查记录','2014-12-19 09:00:00','准时','8','正常','24.png','null',''),(17875,16,6,'绞车运行日志及巡回检查记录',24,'裴森',7,'绞车运行日志及巡回检查记录','007','绞车运行日志及巡回检查记录','2014-12-19 10:00:00','准时','9','正常','24.png','null',''),(17876,17,6,'绞车运行日志及巡回检查记录',24,'裴森',7,'绞车运行日志及巡回检查记录','007','绞车运行日志及巡回检查记录','2014-12-19 11:00:00','准时','10','正常','24.png','null',''),(17877,18,6,'绞车运行日志及巡回检查记录',24,'裴森',7,'绞车运行日志及巡回检查记录','007','绞车运行日志及巡回检查记录','2014-12-19 12:00:00','准时','11','正常','24.png','null',''),(17878,19,6,'绞车运行日志及巡回检查记录',24,'裴森',7,'绞车运行日志及巡回检查记录','007','绞车运行日志及巡回检查记录','2014-12-19 13:00:00','准时','12','正常','24.png','null',''),(17879,20,6,'绞车运行日志及巡回检查记录',24,'李健',7,'绞车运行日志及巡回检查记录','007','绞车运行日志及巡回检查记录','2014-12-19 14:00:00','准时','13','正常','24.png','null',''),(17880,21,6,'绞车运行日志及巡回检查记录',24,'李健',7,'绞车运行日志及巡回检查记录','007','绞车运行日志及巡回检查记录','2014-12-19 15:00:00','准时','14','正常','24.png','null',''),(17881,22,6,'绞车运行日志及巡回检查记录',24,'李健',7,'绞车运行日志及巡回检查记录','007','绞车运行日志及巡回检查记录','2014-12-19 16:00:00','准时','15','正常','24.png','null',''),(17882,23,6,'绞车运行日志及巡回检查记录',24,'李健',7,'绞车运行日志及巡回检查记录','007','绞车运行日志及巡回检查记录','2014-12-19 17:00:00','准时','16','正常','24.png','null',''),(17883,24,6,'绞车运行日志及巡回检查记录',24,'李健',7,'绞车运行日志及巡回检查记录','007','绞车运行日志及巡回检查记录','2014-12-19 18:00:00','准时','17','正常','24.png','null',''),(17884,25,6,'绞车运行日志及巡回检查记录',24,'李健',7,'绞车运行日志及巡回检查记录','007','绞车运行日志及巡回检查记录','2014-12-19 19:00:00','准时','18','正常','24.png','null',''),(17885,26,6,'绞车运行日志及巡回检查记录',24,'李健',7,'绞车运行日志及巡回检查记录','007','绞车运行日志及巡回检查记录','2014-12-19 20:00:00','准时','19','正常','24.png','null',''),(17886,27,6,'绞车运行日志及巡回检查记录',24,'李健',7,'绞车运行日志及巡回检查记录','007','绞车运行日志及巡回检查记录','2014-12-19 21:00:00','准时','20','正常','24.png','null',''),(17887,28,6,'绞车运行日志及巡回检查记录',24,'李乾',7,'绞车运行日志及巡回检查记录','007','绞车运行日志及巡回检查记录','2014-12-19 22:00:00','准时','21','正常','24.png','null',''),(17888,29,6,'绞车运行日志及巡回检查记录',24,'李乾',7,'绞车运行日志及巡回检查记录','007','绞车运行日志及巡回检查记录','2014-12-19 23:00:00','准时','22','正常','24.png','null',''),(17889,30,6,'绞车运行日志及巡回检查记录',24,'李乾',7,'绞车运行日志及巡回检查记录','007','绞车运行日志及巡回检查记录','2014-12-19 00:00:00','准时','23','正常','24.png','null',''),(17890,31,6,'绞车运行日志及巡回检查记录',24,'李乾',7,'绞车运行日志及巡回检查记录','007','绞车运行日志及巡回检查记录','2014-12-19 01:00:00','准时','24','正常','24.png','null',''),(17891,1,7,'提升机安全保护装置检查试验记录',20,'郁奇峰',2,'提升机安全保护装置','002','提升机安全保护装置','2014-12-19 00:00:00','准时','1','正常','20.png','杨磊',''),(17892,3,8,'车房电工定期维护检修记录',20,'郁奇峰',8,'车房电工定期维护检修记录','008','车房电工定期维护检修记录','2014-12-19 00:00:00','准时','1','正常','20.png','null',''),(17893,2,1,'多绳绞车钢丝绳查验记录',13,'谷银桥',1,'多绳绞车钢丝绳','001','多绳绞车钢丝绳','2014-12-20 00:00:00','准时','1','正常','13.png','刘博',''),(17894,8,2,'提升系统钳工包机日检（一）',17,'刘金伟',4,'提升系统钳工包机日检（一）','004','提升系统钳工包机日检（一）','2014-12-20 00:00:00','准时','1','正常','17.png','null',''),(17895,7,3,'提升系统钳工包机日检（二）',18,'唐庆恩',5,'提升系统钳工包机日检（二）','005','提升系统钳工包机日检（二）','2014-12-20 00:00:00','准时','1','正常','18.png','null',''),(17898,4,6,'绞车运行日志及巡回检查记录',6,'李健',7,'绞车运行日志及巡回检查记录','007','绞车运行日志及巡回检查记录','2014-12-20 02:00:00','准时','1','正常','6.png','null',''),(17899,9,6,'绞车运行日志及巡回检查记录',6,'李健',7,'绞车运行日志及巡回检查记录','007','绞车运行日志及巡回检查记录','2014-12-20 03:00:00','准时','2','正常','6.png','null',''),(17900,10,6,'绞车运行日志及巡回检查记录',6,'李健',7,'绞车运行日志及巡回检查记录','007','绞车运行日志及巡回检查记录','2014-12-20 04:00:00','准时','3','正常','6.png','null',''),(17901,11,6,'绞车运行日志及巡回检查记录',6,'李健',7,'绞车运行日志及巡回检查记录','007','绞车运行日志及巡回检查记录','2014-12-20 05:00:00','准时','4','正常','6.png','null',''),(17902,12,6,'绞车运行日志及巡回检查记录',6,'王巍',7,'绞车运行日志及巡回检查记录','007','绞车运行日志及巡回检查记录','2014-12-20 06:00:00','准时','5','正常','6.png','null',''),(17903,13,6,'绞车运行日志及巡回检查记录',6,'王巍',7,'绞车运行日志及巡回检查记录','007','绞车运行日志及巡回检查记录','2014-12-20 07:00:00','准时','6','正常','6.png','null',''),(17904,14,6,'绞车运行日志及巡回检查记录',6,'王巍',7,'绞车运行日志及巡回检查记录','007','绞车运行日志及巡回检查记录','2014-12-20 08:00:00','准时','7','正常','6.png','null',''),(17905,15,6,'绞车运行日志及巡回检查记录',6,'王巍',7,'绞车运行日志及巡回检查记录','007','绞车运行日志及巡回检查记录','2014-12-20 09:00:00','准时','8','正常','6.png','null',''),(17906,16,6,'绞车运行日志及巡回检查记录',6,'王巍',7,'绞车运行日志及巡回检查记录','007','绞车运行日志及巡回检查记录','2014-12-20 10:00:00','准时','9','正常','6.png','null',''),(17907,17,6,'绞车运行日志及巡回检查记录',6,'王巍',7,'绞车运行日志及巡回检查记录','007','绞车运行日志及巡回检查记录','2014-12-20 11:00:00','准时','10','正常','6.png','null',''),(17908,18,6,'绞车运行日志及巡回检查记录',6,'王巍',7,'绞车运行日志及巡回检查记录','007','绞车运行日志及巡回检查记录','2014-12-20 12:00:00','准时','11','正常','6.png','null',''),(17909,19,6,'绞车运行日志及巡回检查记录',6,'王巍',7,'绞车运行日志及巡回检查记录','007','绞车运行日志及巡回检查记录','2014-12-20 13:00:00','准时','12','正常','6.png','null',''),(17910,20,6,'绞车运行日志及巡回检查记录',6,'苑成智',7,'绞车运行日志及巡回检查记录','007','绞车运行日志及巡回检查记录','2014-12-20 14:00:00','准时','13','正常','6.png','null',''),(17911,21,6,'绞车运行日志及巡回检查记录',6,'苑成智',7,'绞车运行日志及巡回检查记录','007','绞车运行日志及巡回检查记录','2014-12-20 15:00:00','准时','14','正常','6.png','null',''),(17912,22,6,'绞车运行日志及巡回检查记录',6,'苑成智',7,'绞车运行日志及巡回检查记录','007','绞车运行日志及巡回检查记录','2014-12-20 16:00:00','准时','15','正常','6.png','null',''),(17913,23,6,'绞车运行日志及巡回检查记录',6,'苑成智',7,'绞车运行日志及巡回检查记录','007','绞车运行日志及巡回检查记录','2014-12-20 17:00:00','准时','16','正常','6.png','null',''),(17914,24,6,'绞车运行日志及巡回检查记录',6,'苑成智',7,'绞车运行日志及巡回检查记录','007','绞车运行日志及巡回检查记录','2014-12-20 18:00:00','准时','17','正常','6.png','null',''),(17915,25,6,'绞车运行日志及巡回检查记录',6,'苑成智',7,'绞车运行日志及巡回检查记录','007','绞车运行日志及巡回检查记录','2014-12-20 19:00:00','准时','18','正常','6.png','null',''),(17916,26,6,'绞车运行日志及巡回检查记录',6,'苑成智',7,'绞车运行日志及巡回检查记录','007','绞车运行日志及巡回检查记录','2014-12-20 20:00:00','准时','19','正常','6.png','null',''),(17917,27,6,'绞车运行日志及巡回检查记录',6,'苑成智',7,'绞车运行日志及巡回检查记录','007','绞车运行日志及巡回检查记录','2014-12-20 21:00:00','准时','20','正常','6.png','null',''),(17918,28,6,'绞车运行日志及巡回检查记录',6,'李健',7,'绞车运行日志及巡回检查记录','007','绞车运行日志及巡回检查记录','2014-12-20 22:00:00','准时','21','正常','6.png','null',''),(17919,29,6,'绞车运行日志及巡回检查记录',6,'李健',7,'绞车运行日志及巡回检查记录','007','绞车运行日志及巡回检查记录','2014-12-20 23:00:00','准时','22','正常','6.png','null',''),(17920,30,6,'绞车运行日志及巡回检查记录',6,'李健',7,'绞车运行日志及巡回检查记录','007','绞车运行日志及巡回检查记录','2014-12-20 00:00:00','准时','23','正常','6.png','null',''),(17921,31,6,'绞车运行日志及巡回检查记录',6,'李健',7,'绞车运行日志及巡回检查记录','007','绞车运行日志及巡回检查记录','2014-12-20 01:00:00','准时','24','正常','6.png','null',''),(17922,1,7,'提升机安全保护装置检查试验记录',20,'郁奇峰',2,'提升机安全保护装置','002','提升机安全保护装置','2014-12-20 00:00:00','准时','1','正常','20.png','刘超',''),(17923,3,8,'车房电工定期维护检修记录',22,'高义涛',8,'车房电工定期维护检修记录','008','车房电工定期维护检修记录','2014-12-20 00:00:00','准时','1','正常','22.png','null',''),(17924,2,1,'多绳绞车钢丝绳查验记录',15,'牛利生',1,'多绳绞车钢丝绳','001','多绳绞车钢丝绳','2014-12-21 00:00:00','准时','1','正常','15.png','刘超',''),(17925,8,2,'提升系统钳工包机日检（一）',19,'王军军',4,'提升系统钳工包机日检（一）','004','提升系统钳工包机日检（一）','2014-12-21 00:00:00','准时','1','正常','19.png','null',''),(17926,7,3,'提升系统钳工包机日检（二）',18,'唐庆恩',5,'提升系统钳工包机日检（二）','005','提升系统钳工包机日检（二）','2014-12-21 00:00:00','准时','1','正常','18.png','null',''),(17927,6,4,'提升系统钳工周检',17,'刘金伟',6,'提升系统钳工周检','006','提升系统钳工周检','2014-12-15 00:00:00','准时','1','正常','17.png','null',''),(17928,5,5,'提升系统起重工周检',16,'李卫',3,'提升系统起重工周检','003','提升系统起重工周检','2014-12-15 00:00:00','准时','1','正常','16.png','null',''),(17929,4,6,'绞车运行日志及巡回检查记录',24,'李乾',7,'绞车运行日志及巡回检查记录','007','绞车运行日志及巡回检查记录','2014-12-21 02:00:00','准时','1','正常','24.png','null',''),(17930,9,6,'绞车运行日志及巡回检查记录',24,'李乾',7,'绞车运行日志及巡回检查记录','007','绞车运行日志及巡回检查记录','2014-12-21 03:00:00','准时','2','正常','24.png','null',''),(17931,10,6,'绞车运行日志及巡回检查记录',24,'李乾',7,'绞车运行日志及巡回检查记录','007','绞车运行日志及巡回检查记录','2014-12-21 04:00:00','准时','3','正常','24.png','null',''),(17932,11,6,'绞车运行日志及巡回检查记录',24,'李乾',7,'绞车运行日志及巡回检查记录','007','绞车运行日志及巡回检查记录','2014-12-21 05:00:00','准时','4','正常','24.png','null',''),(17933,12,6,'绞车运行日志及巡回检查记录',24,'裴森',7,'绞车运行日志及巡回检查记录','007','绞车运行日志及巡回检查记录','2014-12-21 06:00:00','准时','5','正常','24.png','null',''),(17934,13,6,'绞车运行日志及巡回检查记录',24,'裴森',7,'绞车运行日志及巡回检查记录','007','绞车运行日志及巡回检查记录','2014-12-21 07:00:00','准时','6','正常','24.png','null',''),(17935,14,6,'绞车运行日志及巡回检查记录',24,'裴森',7,'绞车运行日志及巡回检查记录','007','绞车运行日志及巡回检查记录','2014-12-21 08:00:00','准时','7','正常','24.png','null',''),(17936,15,6,'绞车运行日志及巡回检查记录',24,'裴森',7,'绞车运行日志及巡回检查记录','007','绞车运行日志及巡回检查记录','2014-12-21 09:00:00','准时','8','正常','24.png','null',''),(17937,16,6,'绞车运行日志及巡回检查记录',24,'裴森',7,'绞车运行日志及巡回检查记录','007','绞车运行日志及巡回检查记录','2014-12-21 10:00:00','准时','9','正常','24.png','null',''),(17938,17,6,'绞车运行日志及巡回检查记录',24,'裴森',7,'绞车运行日志及巡回检查记录','007','绞车运行日志及巡回检查记录','2014-12-21 11:00:00','准时','10','正常','24.png','null',''),(17939,18,6,'绞车运行日志及巡回检查记录',24,'裴森',7,'绞车运行日志及巡回检查记录','007','绞车运行日志及巡回检查记录','2014-12-21 12:00:00','准时','11','正常','24.png','null',''),(17940,19,6,'绞车运行日志及巡回检查记录',24,'裴森',7,'绞车运行日志及巡回检查记录','007','绞车运行日志及巡回检查记录','2014-12-21 13:00:00','准时','12','正常','24.png','null',''),(17941,20,6,'绞车运行日志及巡回检查记录',24,'李健',7,'绞车运行日志及巡回检查记录','007','绞车运行日志及巡回检查记录','2014-12-21 14:00:00','准时','13','正常','24.png','null',''),(17942,21,6,'绞车运行日志及巡回检查记录',24,'李健',7,'绞车运行日志及巡回检查记录','007','绞车运行日志及巡回检查记录','2014-12-21 15:00:00','准时','14','正常','24.png','null',''),(17943,22,6,'绞车运行日志及巡回检查记录',24,'李健',7,'绞车运行日志及巡回检查记录','007','绞车运行日志及巡回检查记录','2014-12-21 16:00:00','准时','15','正常','24.png','null',''),(17944,23,6,'绞车运行日志及巡回检查记录',24,'李健',7,'绞车运行日志及巡回检查记录','007','绞车运行日志及巡回检查记录','2014-12-21 17:00:00','准时','16','正常','24.png','null',''),(17945,24,6,'绞车运行日志及巡回检查记录',24,'李健',7,'绞车运行日志及巡回检查记录','007','绞车运行日志及巡回检查记录','2014-12-21 18:00:00','准时','17','正常','24.png','null',''),(17946,25,6,'绞车运行日志及巡回检查记录',24,'李健',7,'绞车运行日志及巡回检查记录','007','绞车运行日志及巡回检查记录','2014-12-21 19:00:00','准时','18','正常','24.png','null',''),(17947,26,6,'绞车运行日志及巡回检查记录',24,'李健',7,'绞车运行日志及巡回检查记录','007','绞车运行日志及巡回检查记录','2014-12-21 20:00:00','准时','19','正常','24.png','null',''),(17948,27,6,'绞车运行日志及巡回检查记录',24,'李健',7,'绞车运行日志及巡回检查记录','007','绞车运行日志及巡回检查记录','2014-12-21 21:00:00','准时','20','正常','24.png','null',''),(17949,28,6,'绞车运行日志及巡回检查记录',24,'李乾',7,'绞车运行日志及巡回检查记录','007','绞车运行日志及巡回检查记录','2014-12-21 22:00:00','准时','21','正常','24.png','null',''),(17950,29,6,'绞车运行日志及巡回检查记录',24,'李乾',7,'绞车运行日志及巡回检查记录','007','绞车运行日志及巡回检查记录','2014-12-21 23:00:00','准时','22','正常','24.png','null',''),(17951,30,6,'绞车运行日志及巡回检查记录',24,'李乾',7,'绞车运行日志及巡回检查记录','007','绞车运行日志及巡回检查记录','2014-12-21 00:00:00','准时','23','正常','24.png','null',''),(17952,31,6,'绞车运行日志及巡回检查记录',24,'李乾',7,'绞车运行日志及巡回检查记录','007','绞车运行日志及巡回检查记录','2014-12-21 01:00:00','准时','24','正常','24.png','null',''),(17953,1,7,'提升机安全保护装置检查试验记录',20,'郁奇峰',2,'提升机安全保护装置','002','提升机安全保护装置','2014-12-21 00:00:00','准时','1','正常','20.png','刘超',''),(17954,3,8,'车房电工定期维护检修记录',21,'石磊',8,'车房电工定期维护检修记录','008','车房电工定期维护检修记录','2014-12-21 00:00:00','准时','1','正常','21.png','null',''),(18031,2,1,'多绳绞车钢丝绳查验记录',11,'耿鑫',1,'多绳绞车钢丝绳','001','多绳绞车钢丝绳','2014-12-23 09:23:34','准时','1','正常','IMG_20141223_092322.png','刘博',''),(18032,8,2,'提升系统钳工包机日检（一）',17,'刘金伟',4,'提升系统钳工包机日检（一）','004','提升系统钳工包机日检（一）','2014-12-23 00:00:00','准时','1','正常','17.png','null',''),(18033,7,3,'提升系统钳工包机日检（二）',19,'王军军',5,'提升系统钳工包机日检（二）','005','提升系统钳工包机日检（二）','2014-12-23 00:00:00','准时','1','正常','19.png','null',''),(18036,4,6,'绞车运行日志及巡回检查记录',6,'李健',7,'绞车运行日志及巡回检查记录','007','绞车运行日志及巡回检查记录','2014-12-23 02:00:00','准时','1','正常','6.png','null',''),(18037,9,6,'绞车运行日志及巡回检查记录',6,'李健',7,'绞车运行日志及巡回检查记录','007','绞车运行日志及巡回检查记录','2014-12-23 03:00:00','准时','2','正常','6.png','null',''),(18038,10,6,'绞车运行日志及巡回检查记录',6,'李健',7,'绞车运行日志及巡回检查记录','007','绞车运行日志及巡回检查记录','2014-12-23 04:00:00','准时','3','正常','6.png','null',''),(18039,11,6,'绞车运行日志及巡回检查记录',6,'李健',7,'绞车运行日志及巡回检查记录','007','绞车运行日志及巡回检查记录','2014-12-23 05:00:00','准时','4','正常','6.png','null',''),(18040,12,6,'绞车运行日志及巡回检查记录',6,'王巍',7,'绞车运行日志及巡回检查记录','007','绞车运行日志及巡回检查记录','2014-12-23 06:00:00','准时','5','正常','6.png','null',''),(18041,13,6,'绞车运行日志及巡回检查记录',6,'王巍',7,'绞车运行日志及巡回检查记录','007','绞车运行日志及巡回检查记录','2014-12-23 07:00:00','准时','6','正常','6.png','null',''),(18042,14,6,'绞车运行日志及巡回检查记录',6,'王巍',7,'绞车运行日志及巡回检查记录','007','绞车运行日志及巡回检查记录','2014-12-23 08:00:00','准时','7','正常','6.png','null',''),(18043,15,6,'绞车运行日志及巡回检查记录',6,'李健',7,'绞车运行日志及巡回检查记录','007','绞车运行日志及巡回检查记录','2014-12-23 09:50:47','准时','8','正常','IMG_20141223_095026.png','null',''),(18044,16,6,'绞车运行日志及巡回检查记录',6,'王巍',7,'绞车运行日志及巡回检查记录','007','绞车运行日志及巡回检查记录','2014-12-23 10:00:00','准时','9','正常','6.png','null',''),(18045,17,6,'绞车运行日志及巡回检查记录',6,'王巍',7,'绞车运行日志及巡回检查记录','007','绞车运行日志及巡回检查记录','2014-12-23 11:00:00','准时','10','正常','6.png','null',''),(18046,18,6,'绞车运行日志及巡回检查记录',6,'王巍',7,'绞车运行日志及巡回检查记录','007','绞车运行日志及巡回检查记录','2014-12-23 12:00:00','准时','11','正常','6.png','null',''),(18047,19,6,'绞车运行日志及巡回检查记录',24,'李乾',7,'绞车运行日志及巡回检查记录','007','绞车运行日志及巡回检查记录','2014-12-23 13:33:28','准时','12','正常','IMG_20141223_122415.png','null',''),(18048,20,6,'绞车运行日志及巡回检查记录',24,'李乾',7,'绞车运行日志及巡回检查记录','007','绞车运行日志及巡回检查记录','2014-12-23 14:37:38','准时','13','正常','IMG_20141223_143716.png','null',''),(18049,21,6,'绞车运行日志及巡回检查记录',6,'苑成智',7,'绞车运行日志及巡回检查记录','007','绞车运行日志及巡回检查记录','2014-12-23 15:00:00','准时','14','正常','6.png','null',''),(18050,22,6,'绞车运行日志及巡回检查记录',5,'裴森',7,'绞车运行日志及巡回检查记录','007','绞车运行日志及巡回检查记录','2014-12-23 16:17:31','准时','15','正常','IMG_20141223_161710.png','null',''),(18051,23,6,'绞车运行日志及巡回检查记录',6,'苑成智',7,'绞车运行日志及巡回检查记录','007','绞车运行日志及巡回检查记录','2014-12-23 17:00:00','准时','16','正常','6.png','null',''),(18052,24,6,'绞车运行日志及巡回检查记录',6,'苑成智',7,'绞车运行日志及巡回检查记录','007','绞车运行日志及巡回检查记录','2014-12-23 18:00:00','准时','17','正常','6.png','null',''),(18053,25,6,'绞车运行日志及巡回检查记录',6,'苑成智',7,'绞车运行日志及巡回检查记录','007','绞车运行日志及巡回检查记录','2014-12-23 19:00:00','准时','18','正常','6.png','null',''),(18054,26,6,'绞车运行日志及巡回检查记录',6,'苑成智',7,'绞车运行日志及巡回检查记录','007','绞车运行日志及巡回检查记录','2014-12-23 20:00:00','准时','19','正常','6.png','null',''),(18055,27,6,'绞车运行日志及巡回检查记录',6,'苑成智',7,'绞车运行日志及巡回检查记录','007','绞车运行日志及巡回检查记录','2014-12-23 21:00:00','准时','20','正常','6.png','null',''),(18056,28,6,'绞车运行日志及巡回检查记录',6,'李健',7,'绞车运行日志及巡回检查记录','007','绞车运行日志及巡回检查记录','2014-12-23 22:00:00','准时','21','正常','6.png','null',''),(18057,29,6,'绞车运行日志及巡回检查记录',5,'裴森',7,'绞车运行日志及巡回检查记录','007','绞车运行日志及巡回检查记录','2014-12-23 23:59:47','准时','22','正常','IMG_20141223_235028.png','null',''),(18058,30,6,'绞车运行日志及巡回检查记录',6,'李健',7,'绞车运行日志及巡回检查记录','007','绞车运行日志及巡回检查记录','2014-12-23 00:00:00','准时','23','正常','6.png','null',''),(18059,31,6,'绞车运行日志及巡回检查记录',6,'李健',7,'绞车运行日志及巡回检查记录','007','绞车运行日志及巡回检查记录','2014-12-23 01:00:00','准时','24','正常','6.png','null',''),(18060,1,7,'提升机安全保护装置检查试验记录',22,'高义涛',2,'提升机安全保护装置','002','提升机安全保护装置','2014-12-23 00:00:00','准时','1','正常','22.png','孟志坚',''),(18061,3,8,'车房电工定期维护检修记录',21,'石磊',8,'车房电工定期维护检修记录','008','车房电工定期维护检修记录','2014-12-23 00:00:00','准时','1','正常','21.png','null',''),(18062,2,1,'多绳绞车钢丝绳查验记录',14,'刘鹏',1,'多绳绞车钢丝绳','001','多绳绞车钢丝绳','2014-12-22 00:00:00','准时','1','正常','14.png','孟志坚',''),(18063,8,2,'提升系统钳工包机日检（一）',19,'王军军',4,'提升系统钳工包机日检（一）','004','提升系统钳工包机日检（一）','2014-12-22 00:00:00','准时','1','正常','19.png','null',''),(18064,7,3,'提升系统钳工包机日检（二）',17,'刘金伟',5,'提升系统钳工包机日检（二）','005','提升系统钳工包机日检（二）','2014-12-22 00:00:00','准时','1','正常','17.png','null',''),(18065,6,4,'提升系统钳工周检',18,'唐庆恩',6,'提升系统钳工周检','006','提升系统钳工周检','2014-12-24 05:05:03','准时','1','正常','IMG_20141224_050433.png','null',''),(18066,5,5,'提升系统起重工周检',11,'耿鑫',3,'提升系统起重工周检','003','提升系统起重工周检','2014-12-28 06:10:25','准时','1','正常','IMG_20141228_061007.png','null',''),(18067,4,6,'绞车运行日志及巡回检查记录',24,'李乾',7,'绞车运行日志及巡回检查记录','007','绞车运行日志及巡回检查记录','2014-12-22 02:00:00','准时','1','正常','24.png','null',''),(18068,9,6,'绞车运行日志及巡回检查记录',24,'李乾',7,'绞车运行日志及巡回检查记录','007','绞车运行日志及巡回检查记录','2014-12-22 03:00:00','准时','2','正常','24.png','null',''),(18069,10,6,'绞车运行日志及巡回检查记录',24,'李乾',7,'绞车运行日志及巡回检查记录','007','绞车运行日志及巡回检查记录','2014-12-22 04:00:00','准时','3','正常','24.png','null',''),(18070,11,6,'绞车运行日志及巡回检查记录',24,'李乾',7,'绞车运行日志及巡回检查记录','007','绞车运行日志及巡回检查记录','2014-12-22 05:00:00','准时','4','正常','24.png','null',''),(18071,12,6,'绞车运行日志及巡回检查记录',5,'裴森',7,'绞车运行日志及巡回检查记录','007','绞车运行日志及巡回检查记录','2014-12-22 06:00:00','准时','5','正常','5.png','null',''),(18072,13,6,'绞车运行日志及巡回检查记录',5,'裴森',7,'绞车运行日志及巡回检查记录','007','绞车运行日志及巡回检查记录','2014-12-22 07:00:00','准时','6','正常','5.png','null',''),(18073,14,6,'绞车运行日志及巡回检查记录',5,'裴森',7,'绞车运行日志及巡回检查记录','007','绞车运行日志及巡回检查记录','2014-12-22 08:00:00','准时','7','正常','5.png','null',''),(18074,15,6,'绞车运行日志及巡回检查记录',5,'裴森',7,'绞车运行日志及巡回检查记录','007','绞车运行日志及巡回检查记录','2014-12-22 09:00:00','准时','8','正常','5.png','null',''),(18075,16,6,'绞车运行日志及巡回检查记录',5,'裴森',7,'绞车运行日志及巡回检查记录','007','绞车运行日志及巡回检查记录','2014-12-22 10:00:00','准时','9','正常','5.png','null',''),(18076,17,6,'绞车运行日志及巡回检查记录',5,'裴森',7,'绞车运行日志及巡回检查记录','007','绞车运行日志及巡回检查记录','2014-12-22 11:00:00','准时','10','正常','5.png','null',''),(18077,18,6,'绞车运行日志及巡回检查记录',5,'裴森',7,'绞车运行日志及巡回检查记录','007','绞车运行日志及巡回检查记录','2014-12-22 12:00:00','准时','11','正常','5.png','null',''),(18078,19,6,'绞车运行日志及巡回检查记录',5,'裴森',7,'绞车运行日志及巡回检查记录','007','绞车运行日志及巡回检查记录','2014-12-22 13:00:00','准时','12','正常','5.png','null',''),(18079,20,6,'绞车运行日志及巡回检查记录',6,'李健',7,'绞车运行日志及巡回检查记录','007','绞车运行日志及巡回检查记录','2014-12-22 14:00:00','准时','13','正常','6.png','null',''),(18080,21,6,'绞车运行日志及巡回检查记录',6,'李健',7,'绞车运行日志及巡回检查记录','007','绞车运行日志及巡回检查记录','2014-12-22 15:00:00','准时','14','正常','6.png','null',''),(18081,22,6,'绞车运行日志及巡回检查记录',6,'李健',7,'绞车运行日志及巡回检查记录','007','绞车运行日志及巡回检查记录','2014-12-22 16:00:00','准时','15','正常','6.png','null',''),(18082,23,6,'绞车运行日志及巡回检查记录',6,'李健',7,'绞车运行日志及巡回检查记录','007','绞车运行日志及巡回检查记录','2014-12-22 17:00:00','准时','16','正常','6.png','null',''),(18083,24,6,'绞车运行日志及巡回检查记录',6,'李健',7,'绞车运行日志及巡回检查记录','007','绞车运行日志及巡回检查记录','2014-12-22 18:00:00','准时','17','正常','6.png','null',''),(18084,25,6,'绞车运行日志及巡回检查记录',6,'李健',7,'绞车运行日志及巡回检查记录','007','绞车运行日志及巡回检查记录','2014-12-22 19:00:00','准时','18','正常','6.png','null',''),(18085,26,6,'绞车运行日志及巡回检查记录',6,'李健',7,'绞车运行日志及巡回检查记录','007','绞车运行日志及巡回检查记录','2014-12-22 20:00:00','准时','19','正常','6.png','null',''),(18086,27,6,'绞车运行日志及巡回检查记录',6,'李健',7,'绞车运行日志及巡回检查记录','007','绞车运行日志及巡回检查记录','2014-12-22 21:00:00','准时','20','正常','6.png','null',''),(18087,28,6,'绞车运行日志及巡回检查记录',24,'李乾',7,'绞车运行日志及巡回检查记录','007','绞车运行日志及巡回检查记录','2014-12-22 22:00:00','准时','21','正常','24.png','null',''),(18088,29,6,'绞车运行日志及巡回检查记录',24,'李乾',7,'绞车运行日志及巡回检查记录','007','绞车运行日志及巡回检查记录','2014-12-22 23:00:00','准时','22','正常','24.png','null',''),(18089,30,6,'绞车运行日志及巡回检查记录',24,'李乾',7,'绞车运行日志及巡回检查记录','007','绞车运行日志及巡回检查记录','2014-12-22 00:00:00','准时','23','正常','24.png','null',''),(18090,31,6,'绞车运行日志及巡回检查记录',24,'李乾',7,'绞车运行日志及巡回检查记录','007','绞车运行日志及巡回检查记录','2014-12-22 01:00:00','准时','24','正常','24.png','null',''),(18091,1,7,'提升机安全保护装置检查试验记录',20,'郁奇峰',2,'提升机安全保护装置','002','提升机安全保护装置','2014-12-22 00:00:00','准时','1','正常','20.png','刘博',''),(18092,3,8,'车房电工定期维护检修记录',22,'高义涛',8,'车房电工定期维护检修记录','008','车房电工定期维护检修记录','2014-12-22 00:00:00','准时','1','正常','22.png','null',''),(18093,1,7,'提升机安全保护装置检查试验记录',22,'高义涛',2,'提升机安全保护装置','002','提升机安全保护装置','2014-12-24 07:33:29','准时','1','正常','IMG_20141224_073309.png','孟志坚',NULL),(18094,2,1,'多绳绞车钢丝绳查验记录',11,'耿鑫',1,'多绳绞车钢丝绳','001','多绳绞车钢丝绳','2014-12-24 05:24:27','准时','1','正常','IMG_20141224_052356.png','刘超',NULL),(18095,3,8,'车房电工定期维护检修记录',22,'高义涛',8,'车房电工定期维护检修记录','008','车房电工定期维护检修记录','2014-12-24 07:34:11','准时','1','正常','IMG_20141224_073309.png',NULL,NULL),(18096,7,3,'提升系统钳工包机日检（二）',17,'刘金伟',5,'提升系统钳工包机日检（二）','005','提升系统钳工包机日检（二）','2014-12-24 05:13:26','准时','1','正常','IMG_20141224_051221.png',NULL,NULL),(18097,8,2,'提升系统钳工包机日检（一）',18,'唐庆恩',4,'提升系统钳工包机日检（一）','004','提升系统钳工包机日检（一）','2014-12-24 05:08:02','准时','1','正常','IMG_20141224_050433.png',NULL,NULL),(18098,30,6,'绞车运行日志及巡回检查记录',5,'裴森',7,'绞车运行日志及巡回检查记录','007','绞车运行日志及巡回检查记录','2014-12-24 00:50:15','准时','23','正常','IMG_20141223_235028.png',NULL,NULL),(18099,31,6,'绞车运行日志及巡回检查记录',5,'裴森',7,'绞车运行日志及巡回检查记录','007','绞车运行日志及巡回检查记录','2014-12-24 01:30:33','准时','24','正常','IMG_20141223_235028.png',NULL,NULL),(18100,4,6,'绞车运行日志及巡回检查记录',5,'裴森',7,'绞车运行日志及巡回检查记录','007','绞车运行日志及巡回检查记录','2014-12-24 02:29:17','准时','1','正常','IMG_20141223_235028.png',NULL,NULL),(18101,9,6,'绞车运行日志及巡回检查记录',5,'裴森',7,'绞车运行日志及巡回检查记录','007','绞车运行日志及巡回检查记录','2014-12-24 03:03:21','准时','2','正常','IMG_20141223_235028.png',NULL,NULL),(18102,10,6,'绞车运行日志及巡回检查记录',27,'侯巍',7,'绞车运行日志及巡回检查记录','007','绞车运行日志及巡回检查记录','2014-12-24 04:31:27','准时','3','正常','IMG_20141224_043040.png',NULL,NULL),(18103,11,6,'绞车运行日志及巡回检查记录',27,'侯巍',7,'绞车运行日志及巡回检查记录','007','绞车运行日志及巡回检查记录','2014-12-24 05:30:28','准时','4','正常','IMG_20141224_043040.png',NULL,NULL),(18104,12,6,'绞车运行日志及巡回检查记录',27,'侯巍',7,'绞车运行日志及巡回检查记录','007','绞车运行日志及巡回检查记录','2014-12-24 06:30:17','准时','5','正常','IMG_20141224_043040.png',NULL,NULL),(18105,13,6,'绞车运行日志及巡回检查记录',24,'李乾',7,'绞车运行日志及巡回检查记录','007','绞车运行日志及巡回检查记录','2014-12-24 07:59:37','准时','6','正常','IMG_20141224_075607.png',NULL,NULL),(18106,14,6,'绞车运行日志及巡回检查记录',6,'李健',7,'绞车运行日志及巡回检查记录','007','绞车运行日志及巡回检查记录','2014-12-24 08:49:54','准时','7','正常','IMG_20141224_084927.png',NULL,NULL),(18107,15,6,'绞车运行日志及巡回检查记录',6,'李健',7,'绞车运行日志及巡回检查记录','007','绞车运行日志及巡回检查记录','2014-12-24 09:19:19','准时','8','正常','IMG_20141224_091906.png',NULL,NULL),(18108,16,6,'绞车运行日志及巡回检查记录',6,'李健',7,'绞车运行日志及巡回检查记录','007','绞车运行日志及巡回检查记录','2014-12-24 10:15:41','准时','9','正常','IMG_20141224_101523.png',NULL,NULL),(18109,17,6,'绞车运行日志及巡回检查记录',6,'李健',7,'绞车运行日志及巡回检查记录','007','绞车运行日志及巡回检查记录','2014-12-24 11:36:09','准时','10','正常','IMG_20141224_113554.png',NULL,NULL),(18110,18,6,'绞车运行日志及巡回检查记录',24,'李乾',7,'绞车运行日志及巡回检查记录','007','绞车运行日志及巡回检查记录','2014-12-24 12:44:49','准时','11','正常','IMG_20141224_124421.png',NULL,NULL),(18111,19,6,'绞车运行日志及巡回检查记录',24,'李乾',7,'绞车运行日志及巡回检查记录','007','绞车运行日志及巡回检查记录','2014-12-24 13:33:39','准时','12','正常','IMG_20141224_133235.png',NULL,NULL),(18112,20,6,'绞车运行日志及巡回检查记录',6,'李健',7,'绞车运行日志及巡回检查记录','007','绞车运行日志及巡回检查记录','2014-12-24 14:08:54','准时','13','正常','IMG_20141224_140834.png',NULL,NULL),(18113,21,6,'绞车运行日志及巡回检查记录',5,'裴森',7,'绞车运行日志及巡回检查记录','007','绞车运行日志及巡回检查记录','2014-12-24 15:20:39','准时','14','正常','IMG_20141224_150747.png',NULL,NULL),(18114,22,6,'绞车运行日志及巡回检查记录',5,'裴森',7,'绞车运行日志及巡回检查记录','007','绞车运行日志及巡回检查记录','2014-12-24 16:30:43','准时','15','正常','IMG_20141224_150747.png',NULL,NULL),(18115,23,6,'绞车运行日志及巡回检查记录',5,'裴森',7,'绞车运行日志及巡回检查记录','007','绞车运行日志及巡回检查记录','2014-12-24 17:28:28','准时','16','正常','IMG_20141224_150747.png',NULL,NULL),(18116,24,6,'绞车运行日志及巡回检查记录',5,'裴森',7,'绞车运行日志及巡回检查记录','007','绞车运行日志及巡回检查记录','2014-12-24 18:28:22','准时','17','正常','IMG_20141224_150747.png',NULL,NULL),(18117,25,6,'绞车运行日志及巡回检查记录',1,'管理员',7,'绞车运行日志及巡回检查记录','007','绞车运行日志及巡回检查记录','2014-12-24 19:00:00','漏巡','18','漏巡','',NULL,NULL),(18118,26,6,'绞车运行日志及巡回检查记录',5,'裴森',7,'绞车运行日志及巡回检查记录','007','绞车运行日志及巡回检查记录','2014-12-24 20:28:15','准时','19','正常','IMG_20141224_150747.png',NULL,NULL),(18119,27,6,'绞车运行日志及巡回检查记录',5,'裴森',7,'绞车运行日志及巡回检查记录','007','绞车运行日志及巡回检查记录','2014-12-24 21:29:24','准时','20','正常','IMG_20141224_150747.png',NULL,NULL),(18120,28,6,'绞车运行日志及巡回检查记录',5,'裴森',7,'绞车运行日志及巡回检查记录','007','绞车运行日志及巡回检查记录','2014-12-24 22:30:30','准时','21','正常','IMG_20141224_150747.png',NULL,NULL),(18121,29,6,'绞车运行日志及巡回检查记录',5,'裴森',7,'绞车运行日志及巡回检查记录','007','绞车运行日志及巡回检查记录','2014-12-24 23:42:19','准时','22','正常','IMG_20141225_002917.png',NULL,NULL),(18122,1,7,'提升机安全保护装置检查试验记录',18,'唐庆恩',2,'提升机安全保护装置','002','提升机安全保护装置','2014-12-25 06:41:35','准时','1','正常','IMG_20141225_064113.png','刘博',NULL),(18123,2,1,'多绳绞车钢丝绳查验记录',14,'刘鹏',1,'多绳绞车钢丝绳','001','多绳绞车钢丝绳','2014-12-25 05:28:48','准时','1','正常','IMG_20141225_052746.png','刘超',NULL),(18124,3,8,'车房电工定期维护检修记录',18,'唐庆恩',8,'车房电工定期维护检修记录','008','车房电工定期维护检修记录','2014-12-25 06:42:10','准时','1','正常','IMG_20141225_064113.png',NULL,NULL),(18125,7,3,'提升系统钳工包机日检（二）',29,'葛宝满',5,'提升系统钳工包机日检（二）','005','提升系统钳工包机日检（二）','2014-12-25 15:05:32','准时','1','正常','IMG_20141225_150453.png',NULL,NULL),(18126,8,2,'提升系统钳工包机日检（一）',18,'唐庆恩',4,'提升系统钳工包机日检（一）','004','提升系统钳工包机日检（一）','2014-12-25 06:03:10','准时','1','正常','IMG_20141225_060226.png',NULL,NULL),(18127,30,6,'绞车运行日志及巡回检查记录',5,'裴森',7,'绞车运行日志及巡回检查记录','007','绞车运行日志及巡回检查记录','2014-12-25 00:31:11','准时','23','正常','IMG_20141225_002917.png',NULL,NULL),(18128,31,6,'绞车运行日志及巡回检查记录',5,'裴森',7,'绞车运行日志及巡回检查记录','007','绞车运行日志及巡回检查记录','2014-12-25 01:30:18','准时','24','正常','IMG_20141225_002917.png',NULL,NULL),(18129,4,6,'绞车运行日志及巡回检查记录',5,'裴森',7,'绞车运行日志及巡回检查记录','007','绞车运行日志及巡回检查记录','2014-12-25 02:30:24','准时','1','正常','IMG_20141225_002917.png',NULL,NULL),(18130,9,6,'绞车运行日志及巡回检查记录',5,'裴森',7,'绞车运行日志及巡回检查记录','007','绞车运行日志及巡回检查记录','2014-12-25 03:30:22','准时','2','正常','IMG_20141225_002917.png',NULL,NULL),(18131,10,6,'绞车运行日志及巡回检查记录',5,'裴森',7,'绞车运行日志及巡回检查记录','007','绞车运行日志及巡回检查记录','2014-12-25 04:33:33','准时','3','正常','IMG_20141225_002917.png',NULL,NULL),(18132,11,6,'绞车运行日志及巡回检查记录',5,'裴森',7,'绞车运行日志及巡回检查记录','007','绞车运行日志及巡回检查记录','2014-12-25 05:31:01','准时','4','正常','IMG_20141225_002917.png',NULL,NULL),(18133,12,6,'绞车运行日志及巡回检查记录',5,'裴森',7,'绞车运行日志及巡回检查记录','007','绞车运行日志及巡回检查记录','2014-12-25 06:30:32','准时','5','正常','IMG_20141225_002917.png',NULL,NULL),(18134,13,6,'绞车运行日志及巡回检查记录',6,'李健',7,'绞车运行日志及巡回检查记录','007','绞车运行日志及巡回检查记录','2014-12-25 07:12:57','准时','6','正常','IMG_20141225_071213.png',NULL,NULL),(18135,29,6,'绞车运行日志及巡回检查记录',30,'张炳杰',7,'绞车运行日志及巡回检查记录','007','绞车运行日志及巡回检查记录','2014-12-25 23:30:31','准时','22','正常','IMG_20141225_202814.png',NULL,NULL),(18136,14,6,'绞车运行日志及巡回检查记录',6,'李健',7,'绞车运行日志及巡回检查记录','007','绞车运行日志及巡回检查记录','2014-12-25 08:04:22','准时','7','正常','IMG_20141225_080409.png',NULL,NULL),(18137,15,6,'绞车运行日志及巡回检查记录',6,'李健',7,'绞车运行日志及巡回检查记录','007','绞车运行日志及巡回检查记录','2014-12-25 09:19:20','准时','8','正常','IMG_20141225_091708.png',NULL,NULL),(18138,16,6,'绞车运行日志及巡回检查记录',6,'李健',7,'绞车运行日志及巡回检查记录','007','绞车运行日志及巡回检查记录','2014-12-25 10:39:26','准时','9','正常','IMG_20141225_093914.png',NULL,NULL),(18139,17,6,'绞车运行日志及巡回检查记录',6,'李健',7,'绞车运行日志及巡回检查记录','007','绞车运行日志及巡回检查记录','2014-12-25 11:21:21','准时','10','正常','IMG_20141225_112110.png',NULL,NULL),(18140,18,6,'绞车运行日志及巡回检查记录',6,'李健',7,'绞车运行日志及巡回检查记录','007','绞车运行日志及巡回检查记录','2014-12-25 12:25:19','准时','11','正常','IMG_20141225_122453.png',NULL,NULL),(18141,19,6,'绞车运行日志及巡回检查记录',6,'李健',7,'绞车运行日志及巡回检查记录','007','绞车运行日志及巡回检查记录','2014-12-25 13:21:28','准时','12','正常','IMG_20141225_132118.png',NULL,NULL),(18142,20,6,'绞车运行日志及巡回检查记录',6,'李健',7,'绞车运行日志及巡回检查记录','007','绞车运行日志及巡回检查记录','2014-12-25 14:16:25','准时','13','正常','IMG_20141225_132118.png',NULL,NULL),(18143,21,6,'绞车运行日志及巡回检查记录',30,'张炳杰',7,'绞车运行日志及巡回检查记录','007','绞车运行日志及巡回检查记录','2014-12-25 15:17:43','准时','14','正常','IMG_20141225_151721.png',NULL,NULL),(18144,22,6,'绞车运行日志及巡回检查记录',1,'管理员',7,'绞车运行日志及巡回检查记录','007','绞车运行日志及巡回检查记录','2014-12-25 16:00:00','漏巡','15','漏巡','',NULL,NULL),(18145,23,6,'绞车运行日志及巡回检查记录',1,'管理员',7,'绞车运行日志及巡回检查记录','007','绞车运行日志及巡回检查记录','2014-12-25 17:00:00','漏巡','16','漏巡','',NULL,NULL),(18146,24,6,'绞车运行日志及巡回检查记录',30,'张炳杰',7,'绞车运行日志及巡回检查记录','007','绞车运行日志及巡回检查记录','2014-12-25 18:28:32','准时','17','正常','IMG_20141225_182814.png',NULL,NULL),(18147,25,6,'绞车运行日志及巡回检查记录',30,'张炳杰',7,'绞车运行日志及巡回检查记录','007','绞车运行日志及巡回检查记录','2014-12-25 19:30:04','准时','18','正常','IMG_20141225_192918.png',NULL,NULL),(18148,26,6,'绞车运行日志及巡回检查记录',30,'张炳杰',7,'绞车运行日志及巡回检查记录','007','绞车运行日志及巡回检查记录','2014-12-25 20:28:39','准时','19','正常','IMG_20141225_202814.png',NULL,NULL),(18149,27,6,'绞车运行日志及巡回检查记录',1,'管理员',7,'绞车运行日志及巡回检查记录','007','绞车运行日志及巡回检查记录','2014-12-25 21:00:00','漏巡','20','漏巡','',NULL,NULL),(18150,28,6,'绞车运行日志及巡回检查记录',1,'管理员',7,'绞车运行日志及巡回检查记录','007','绞车运行日志及巡回检查记录','2014-12-25 22:00:00','漏巡','21','漏巡','',NULL,NULL),(18151,1,7,'提升机安全保护装置检查试验记录',30,'张炳杰',2,'提升机安全保护装置','002','提升机安全保护装置','2014-12-26 06:42:33','准时','1','正常','IMG_20141225_202814.png','刘博',NULL),(18152,2,1,'多绳绞车钢丝绳查验记录',15,'牛利生',1,'多绳绞车钢丝绳','001','多绳绞车钢丝绳','2014-12-26 05:00:33','准时','1','正常','IMG_20141226_045849.png','杨磊',NULL),(18153,3,8,'车房电工定期维护检修记录',30,'张炳杰',8,'车房电工定期维护检修记录','008','车房电工定期维护检修记录','2014-12-26 06:43:38','准时','1','正常','IMG_20141225_202814.png',NULL,NULL),(18154,7,3,'提升系统钳工包机日检（二）',17,'刘金伟',5,'提升系统钳工包机日检（二）','005','提升系统钳工包机日检（二）','2014-12-26 05:18:41','准时','1','正常','IMG_20141226_051806.png',NULL,NULL),(18155,8,2,'提升系统钳工包机日检（一）',18,'唐庆恩',4,'提升系统钳工包机日检（一）','004','提升系统钳工包机日检（一）','2014-12-26 05:28:42','准时','1','正常','IMG_20141226_052759.png',NULL,NULL),(18156,30,6,'绞车运行日志及巡回检查记录',30,'张炳杰',7,'绞车运行日志及巡回检查记录','007','绞车运行日志及巡回检查记录','2014-12-26 00:36:06','准时','23','正常','IMG_20141225_202814.png',NULL,NULL),(18157,31,6,'绞车运行日志及巡回检查记录',30,'张炳杰',7,'绞车运行日志及巡回检查记录','007','绞车运行日志及巡回检查记录','2014-12-26 01:34:20','准时','24','正常','IMG_20141225_202814.png',NULL,NULL),(18158,4,6,'绞车运行日志及巡回检查记录',30,'张炳杰',7,'绞车运行日志及巡回检查记录','007','绞车运行日志及巡回检查记录','2014-12-26 02:33:49','准时','1','正常','IMG_20141225_202814.png',NULL,NULL),(18159,9,6,'绞车运行日志及巡回检查记录',30,'张炳杰',7,'绞车运行日志及巡回检查记录','007','绞车运行日志及巡回检查记录','2014-12-26 03:30:28','准时','2','正常','IMG_20141225_202814.png',NULL,NULL),(18160,10,6,'绞车运行日志及巡回检查记录',30,'张炳杰',7,'绞车运行日志及巡回检查记录','007','绞车运行日志及巡回检查记录','2014-12-26 04:32:17','准时','3','正常','IMG_20141225_202814.png',NULL,NULL),(18161,11,6,'绞车运行日志及巡回检查记录',1,'管理员',7,'绞车运行日志及巡回检查记录','007','绞车运行日志及巡回检查记录','2014-12-26 05:00:00','漏巡','4','漏巡','',NULL,NULL),(18162,12,6,'绞车运行日志及巡回检查记录',30,'张炳杰',7,'绞车运行日志及巡回检查记录','007','绞车运行日志及巡回检查记录','2014-12-26 06:35:08','准时','5','正常','IMG_20141225_202814.png',NULL,NULL),(18163,13,6,'绞车运行日志及巡回检查记录',24,'李乾',7,'绞车运行日志及巡回检查记录','007','绞车运行日志及巡回检查记录','2014-12-26 07:30:09','准时','6','正常','IMG_20141226_114559.png',NULL,NULL),(18164,14,6,'绞车运行日志及巡回检查记录',24,'李乾',7,'绞车运行日志及巡回检查记录','007','绞车运行日志及巡回检查记录','2014-12-26 08:33:08','准时','7','正常','IMG_20141226_114559.png',NULL,NULL),(18165,15,6,'绞车运行日志及巡回检查记录',24,'李乾',7,'绞车运行日志及巡回检查记录','007','绞车运行日志及巡回检查记录','2014-12-26 09:29:22','准时','8','正常','IMG_20141226_082208.png',NULL,NULL),(18166,16,6,'绞车运行日志及巡回检查记录',24,'李乾',7,'绞车运行日志及巡回检查记录','007','绞车运行日志及巡回检查记录','2014-12-26 10:30:13','准时','9','正常','IMG_20141226_114559.png',NULL,NULL),(18167,17,6,'绞车运行日志及巡回检查记录',24,'李乾',7,'绞车运行日志及巡回检查记录','007','绞车运行日志及巡回检查记录','2014-12-26 11:36:45','准时','10','正常','IMG_20141226_113631.png',NULL,NULL),(18168,18,6,'绞车运行日志及巡回检查记录',24,'李乾',7,'绞车运行日志及巡回检查记录','007','绞车运行日志及巡回检查记录','2014-12-26 12:32:36','准时','11','正常','IMG_20141226_114559.png',NULL,NULL),(18169,19,6,'绞车运行日志及巡回检查记录',24,'李乾',7,'绞车运行日志及巡回检查记录','007','绞车运行日志及巡回检查记录','2014-12-26 13:31:23','准时','12','正常','IMG_20141226_114559.png',NULL,NULL),(18170,20,6,'绞车运行日志及巡回检查记录',24,'李乾',7,'绞车运行日志及巡回检查记录','007','绞车运行日志及巡回检查记录','2014-12-26 14:19:45','准时','13','正常','IMG_20141226_114559.png',NULL,NULL),(18171,21,6,'绞车运行日志及巡回检查记录',1,'管理员',7,'绞车运行日志及巡回检查记录','007','绞车运行日志及巡回检查记录','2014-12-26 15:00:00','漏巡','14','漏巡','',NULL,NULL),(18172,22,6,'绞车运行日志及巡回检查记录',25,'王巍',7,'绞车运行日志及巡回检查记录','007','绞车运行日志及巡回检查记录','2014-12-26 16:53:34','准时','15','正常','IMG_20141226_165306.png',NULL,NULL),(18173,23,6,'绞车运行日志及巡回检查记录',30,'张炳杰',7,'绞车运行日志及巡回检查记录','007','绞车运行日志及巡回检查记录','2014-12-26 17:28:29','准时','16','正常','IMG_20141226_170006.png',NULL,NULL),(18174,24,6,'绞车运行日志及巡回检查记录',1,'管理员',7,'绞车运行日志及巡回检查记录','007','绞车运行日志及巡回检查记录','2014-12-26 18:00:00','漏巡','17','漏巡','',NULL,NULL),(18175,25,6,'绞车运行日志及巡回检查记录',1,'管理员',7,'绞车运行日志及巡回检查记录','007','绞车运行日志及巡回检查记录','2014-12-26 19:00:00','漏巡','18','漏巡','',NULL,NULL),(18176,26,6,'绞车运行日志及巡回检查记录',1,'管理员',7,'绞车运行日志及巡回检查记录','007','绞车运行日志及巡回检查记录','2014-12-26 20:00:00','漏巡','19','漏巡','',NULL,NULL),(18177,27,6,'绞车运行日志及巡回检查记录',1,'管理员',7,'绞车运行日志及巡回检查记录','007','绞车运行日志及巡回检查记录','2014-12-26 21:00:00','漏巡','20','漏巡','',NULL,NULL),(18178,28,6,'绞车运行日志及巡回检查记录',1,'管理员',7,'绞车运行日志及巡回检查记录','007','绞车运行日志及巡回检查记录','2014-12-26 22:00:00','漏巡','21','漏巡','',NULL,NULL),(18179,29,6,'绞车运行日志及巡回检查记录',26,'苑成智',7,'绞车运行日志及巡回检查记录','007','绞车运行日志及巡回检查记录','2014-12-26 23:37:22','准时','22','正常','IMG_20141226_230407.png',NULL,NULL),(18180,1,7,'提升机安全保护装置检查试验记录',17,'刘金伟',2,'提升机安全保护装置','002','提升机安全保护装置','2014-12-27 07:30:24','准时','1','正常','IMG_20141227_072928.png','王春青',NULL),(18181,2,1,'多绳绞车钢丝绳查验记录',11,'耿鑫',1,'多绳绞车钢丝绳','001','多绳绞车钢丝绳','2014-12-27 05:29:47','准时','1','正常','IMG_20141227_052903.png','刘超',NULL),(18182,3,8,'车房电工定期维护检修记录',22,'高义涛',8,'车房电工定期维护检修记录','008','车房电工定期维护检修记录','2014-12-27 06:34:04','准时','1','正常','IMG_20141227_063043.png',NULL,NULL),(18183,7,3,'提升系统钳工包机日检（二）',28,'吕志忠',5,'提升系统钳工包机日检（二）','005','提升系统钳工包机日检（二）','2014-12-27 07:33:43','准时','1','正常','IMG_20141227_072928.png',NULL,NULL),(18184,8,2,'提升系统钳工包机日检（一）',28,'吕志忠',4,'提升系统钳工包机日检（一）','004','提升系统钳工包机日检（一）','2014-12-27 07:36:37','准时','1','正常','IMG_20141227_072928.png',NULL,NULL),(18185,30,6,'绞车运行日志及巡回检查记录',26,'苑成智',7,'绞车运行日志及巡回检查记录','007','绞车运行日志及巡回检查记录','2014-12-27 00:13:24','准时','23','正常','IMG_20141226_230407.png',NULL,NULL),(18186,31,6,'绞车运行日志及巡回检查记录',26,'苑成智',7,'绞车运行日志及巡回检查记录','007','绞车运行日志及巡回检查记录','2014-12-27 01:15:12','准时','24','正常','IMG_20141226_230407.png',NULL,NULL),(18187,4,6,'绞车运行日志及巡回检查记录',26,'苑成智',7,'绞车运行日志及巡回检查记录','007','绞车运行日志及巡回检查记录','2014-12-27 02:17:23','准时','1','正常','IMG_20141226_230407.png',NULL,NULL),(18188,9,6,'绞车运行日志及巡回检查记录',26,'苑成智',7,'绞车运行日志及巡回检查记录','007','绞车运行日志及巡回检查记录','2014-12-27 03:19:48','准时','2','正常','IMG_20141226_230407.png',NULL,NULL),(18189,10,6,'绞车运行日志及巡回检查记录',26,'苑成智',7,'绞车运行日志及巡回检查记录','007','绞车运行日志及巡回检查记录','2014-12-27 04:21:10','准时','3','正常','IMG_20141226_230407.png',NULL,NULL),(18190,11,6,'绞车运行日志及巡回检查记录',26,'苑成智',7,'绞车运行日志及巡回检查记录','007','绞车运行日志及巡回检查记录','2014-12-27 05:23:11','准时','4','正常','IMG_20141226_230407.png',NULL,NULL),(18191,12,6,'绞车运行日志及巡回检查记录',26,'苑成智',7,'绞车运行日志及巡回检查记录','007','绞车运行日志及巡回检查记录','2014-12-27 06:24:08','准时','5','正常','IMG_20141226_230407.png',NULL,NULL),(18192,29,6,'绞车运行日志及巡回检查记录',31,'周进伟',7,'绞车运行日志及巡回检查记录','007','绞车运行日志及巡回检查记录','2014-12-27 23:35:14','准时','22','正常','IMG_20141227_233444.png',NULL,NULL),(18193,1,7,'提升机安全保护装置检查试验记录',20,'郁奇峰',2,'提升机安全保护装置','002','提升机安全保护装置','2014-12-28 06:46:56','准时','1','正常','IMG_20141228_064452.png','杨磊',NULL),(18194,2,1,'多绳绞车钢丝绳查验记录',11,'耿鑫',1,'多绳绞车钢丝绳','001','多绳绞车钢丝绳','2014-12-28 06:08:22','准时','1','正常','IMG_20141228_060745.png','刘博',NULL),(18195,3,8,'车房电工定期维护检修记录',20,'郁奇峰',8,'车房电工定期维护检修记录','008','车房电工定期维护检修记录','2014-12-28 06:45:26','准时','1','正常','IMG_20141228_064452.png',NULL,NULL),(18196,7,3,'提升系统钳工包机日检（二）',17,'刘金伟',5,'提升系统钳工包机日检（二）','005','提升系统钳工包机日检（二）','2014-12-28 06:16:51','准时','1','正常','IMG_20141228_061610.png',NULL,NULL),(18197,8,2,'提升系统钳工包机日检（一）',28,'吕志忠',4,'提升系统钳工包机日检（一）','004','提升系统钳工包机日检（一）','2014-12-28 06:22:13','准时','1','正常','IMG_20141228_062150.png',NULL,NULL),(18198,30,6,'绞车运行日志及巡回检查记录',31,'周进伟',7,'绞车运行日志及巡回检查记录','007','绞车运行日志及巡回检查记录','2014-12-28 00:35:26','准时','23','正常','IMG_20141227_233444.png',NULL,NULL),(18199,31,6,'绞车运行日志及巡回检查记录',25,'王巍',7,'绞车运行日志及巡回检查记录','007','绞车运行日志及巡回检查记录','2014-12-28 01:36:08','准时','24','正常','IMG_20141227_233010.png',NULL,NULL),(18200,4,6,'绞车运行日志及巡回检查记录',1,'管理员',7,'绞车运行日志及巡回检查记录','007','绞车运行日志及巡回检查记录','2014-12-28 02:00:00','漏巡','1','漏巡','',NULL,NULL),(18201,9,6,'绞车运行日志及巡回检查记录',1,'管理员',7,'绞车运行日志及巡回检查记录','007','绞车运行日志及巡回检查记录','2014-12-28 03:00:00','漏巡','2','漏巡','',NULL,NULL),(18202,10,6,'绞车运行日志及巡回检查记录',1,'管理员',7,'绞车运行日志及巡回检查记录','007','绞车运行日志及巡回检查记录','2014-12-28 04:00:00','漏巡','3','漏巡','',NULL,NULL),(18203,11,6,'绞车运行日志及巡回检查记录',25,'王巍',7,'绞车运行日志及巡回检查记录','007','绞车运行日志及巡回检查记录','2014-12-28 05:36:14','准时','4','正常','IMG_20141227_233010.png',NULL,NULL),(18204,12,6,'绞车运行日志及巡回检查记录',1,'管理员',7,'绞车运行日志及巡回检查记录','007','绞车运行日志及巡回检查记录','2014-12-28 06:00:00','漏巡','5','漏巡','',NULL,NULL),(18205,13,6,'绞车运行日志及巡回检查记录',6,'李健',7,'绞车运行日志及巡回检查记录','007','绞车运行日志及巡回检查记录','2014-12-28 07:14:15','准时','6','正常','IMG_20141228_081132.png',NULL,NULL),(18206,14,6,'绞车运行日志及巡回检查记录',6,'李健',7,'绞车运行日志及巡回检查记录','007','绞车运行日志及巡回检查记录','2014-12-28 08:12:22','准时','7','正常','IMG_20141228_081132.png',NULL,NULL),(18207,1,7,'提升机安全保护装置检查试验记录',21,'石磊',2,'提升机安全保护装置','002','提升机安全保护装置','2014-12-29 06:56:30','准时','1','正常','IMG_20141229_065541.png','刘博',NULL),(18208,2,1,'多绳绞车钢丝绳查验记录',5,'裴森',1,'多绳绞车钢丝绳','001','多绳绞车钢丝绳','2014-12-29 14:44:02','准时','1','未检','IMG_20141229_144356.png',NULL,NULL),(18209,3,8,'车房电工定期维护检修记录',21,'石磊',8,'车房电工定期维护检修记录','008','车房电工定期维护检修记录','2014-12-29 06:57:19','准时','1','正常','IMG_20141229_065541.png',NULL,NULL),(18210,5,5,'提升系统起重工周检',20,'郁奇峰',3,'提升系统起重工周检','003','提升系统起重工周检','2015-01-04 04:22:47','准时','1','正常','IMG_20150104_041631.png',NULL,NULL),(18211,6,4,'提升系统钳工周检',28,'吕志忠',6,'提升系统钳工周检','006','提升系统钳工周检','2014-12-31 04:59:22','准时','1','正常','IMG_20141231_045244.png',NULL,NULL),(18212,7,3,'提升系统钳工包机日检（二）',29,'葛宝满',5,'提升系统钳工包机日检（二）','005','提升系统钳工包机日检（二）','2014-12-29 05:14:39','准时','1','正常','IMG_20141229_051258.png',NULL,NULL),(18213,8,2,'提升系统钳工包机日检（一）',28,'吕志忠',4,'提升系统钳工包机日检（一）','004','提升系统钳工包机日检（一）','2014-12-29 05:27:16','准时','1','正常','IMG_20141229_052645.png',NULL,NULL),(18214,13,6,'绞车运行日志及巡回检查记录',6,'李健',7,'绞车运行日志及巡回检查记录','007','绞车运行日志及巡回检查记录','2014-12-29 07:22:02','准时','6','正常','IMG_20141229_072149.png',NULL,NULL),(18215,17,6,'绞车运行日志及巡回检查记录',6,'李健',7,'绞车运行日志及巡回检查记录','007','绞车运行日志及巡回检查记录','2014-12-28 11:14:34','准时','10','正常','IMG_20141228_071607.png',NULL,NULL),(18216,15,6,'绞车运行日志及巡回检查记录',24,'李乾',7,'绞车运行日志及巡回检查记录','007','绞车运行日志及巡回检查记录','2014-12-28 09:08:42','准时','8','正常','IMG_20141228_090818.png',NULL,NULL),(18217,16,6,'绞车运行日志及巡回检查记录',24,'李乾',7,'绞车运行日志及巡回检查记录','007','绞车运行日志及巡回检查记录','2014-12-28 10:06:16','准时','9','正常','IMG_20141228_090818.png',NULL,NULL),(18218,18,6,'绞车运行日志及巡回检查记录',24,'李乾',7,'绞车运行日志及巡回检查记录','007','绞车运行日志及巡回检查记录','2014-12-28 12:24:55','准时','11','正常','IMG_20141228_090818.png',NULL,NULL),(18219,19,6,'绞车运行日志及巡回检查记录',6,'李健',7,'绞车运行日志及巡回检查记录','007','绞车运行日志及巡回检查记录','2014-12-28 13:36:33','准时','12','正常','IMG_20141228_090818.png',NULL,NULL),(18220,20,6,'绞车运行日志及巡回检查记录',6,'李健',7,'绞车运行日志及巡回检查记录','007','绞车运行日志及巡回检查记录','2014-12-28 14:43:02','准时','13','正常','IMG_20141228_133939.png',NULL,NULL),(18221,21,6,'绞车运行日志及巡回检查记录',5,'裴森',7,'绞车运行日志及巡回检查记录','007','绞车运行日志及巡回检查记录','2014-12-28 15:32:46','准时','14','正常','IMG_20141228_153216.png',NULL,NULL),(18222,22,6,'绞车运行日志及巡回检查记录',5,'裴森',7,'绞车运行日志及巡回检查记录','007','绞车运行日志及巡回检查记录','2014-12-28 16:30:25','准时','15','正常','IMG_20141228_153216.png',NULL,NULL),(18223,23,6,'绞车运行日志及巡回检查记录',5,'裴森',7,'绞车运行日志及巡回检查记录','007','绞车运行日志及巡回检查记录','2014-12-28 17:29:09','准时','16','正常','IMG_20141228_153216.png',NULL,NULL),(18224,24,6,'绞车运行日志及巡回检查记录',5,'裴森',7,'绞车运行日志及巡回检查记录','007','绞车运行日志及巡回检查记录','2014-12-28 18:28:21','准时','17','正常','IMG_20141228_153216.png',NULL,NULL),(18225,25,6,'绞车运行日志及巡回检查记录',5,'裴森',7,'绞车运行日志及巡回检查记录','007','绞车运行日志及巡回检查记录','2014-12-28 19:29:11','准时','18','正常','IMG_20141228_153216.png',NULL,NULL),(18226,26,6,'绞车运行日志及巡回检查记录',5,'裴森',7,'绞车运行日志及巡回检查记录','007','绞车运行日志及巡回检查记录','2014-12-28 20:28:22','准时','19','正常','IMG_20141228_153216.png',NULL,NULL),(18227,27,6,'绞车运行日志及巡回检查记录',5,'裴森',7,'绞车运行日志及巡回检查记录','007','绞车运行日志及巡回检查记录','2014-12-28 21:29:28','准时','20','正常','IMG_20141228_153216.png',NULL,NULL),(18228,28,6,'绞车运行日志及巡回检查记录',5,'裴森',7,'绞车运行日志及巡回检查记录','007','绞车运行日志及巡回检查记录','2014-12-28 22:30:11','准时','21','正常','IMG_20141228_153216.png',NULL,NULL),(18229,29,6,'绞车运行日志及巡回检查记录',31,'周进伟',7,'绞车运行日志及巡回检查记录','007','绞车运行日志及巡回检查记录','2014-12-28 23:30:39','准时','22','正常','IMG_20141228_233023.png',NULL,NULL),(18230,30,6,'绞车运行日志及巡回检查记录',31,'周进伟',7,'绞车运行日志及巡回检查记录','007','绞车运行日志及巡回检查记录','2014-12-29 00:33:18','准时','23','正常','IMG_20141228_233023.png',NULL,NULL),(18231,14,6,'绞车运行日志及巡回检查记录',6,'李健',7,'绞车运行日志及巡回检查记录','007','绞车运行日志及巡回检查记录','2014-12-29 08:27:37','准时','7','正常','IMG_20141229_082708.png',NULL,NULL),(18232,15,6,'绞车运行日志及巡回检查记录',6,'李健',7,'绞车运行日志及巡回检查记录','007','绞车运行日志及巡回检查记录','2014-12-29 09:39:24','准时','8','正常','IMG_20141229_082708.png',NULL,NULL),(18233,31,6,'绞车运行日志及巡回检查记录',31,'周进伟',7,'绞车运行日志及巡回检查记录','007','绞车运行日志及巡回检查记录','2014-12-29 01:35:08','准时','24','正常','IMG_20141228_233023.png',NULL,NULL),(18234,4,6,'绞车运行日志及巡回检查记录',31,'周进伟',7,'绞车运行日志及巡回检查记录','007','绞车运行日志及巡回检查记录','2014-12-29 02:37:46','准时','1','正常','IMG_20141228_233023.png',NULL,NULL),(18235,9,6,'绞车运行日志及巡回检查记录',31,'周进伟',7,'绞车运行日志及巡回检查记录','007','绞车运行日志及巡回检查记录','2014-12-29 03:35:09','准时','2','正常','IMG_20141228_233023.png',NULL,NULL),(18236,10,6,'绞车运行日志及巡回检查记录',31,'周进伟',7,'绞车运行日志及巡回检查记录','007','绞车运行日志及巡回检查记录','2014-12-29 04:36:09','准时','3','正常','IMG_20141228_233023.png',NULL,NULL),(18237,11,6,'绞车运行日志及巡回检查记录',31,'周进伟',7,'绞车运行日志及巡回检查记录','007','绞车运行日志及巡回检查记录','2014-12-29 05:37:17','准时','4','正常','IMG_20141228_233023.png',NULL,NULL),(18238,12,6,'绞车运行日志及巡回检查记录',6,'李健',7,'绞车运行日志及巡回检查记录','007','绞车运行日志及巡回检查记录','2014-12-29 06:49:03','准时','5','正常','IMG_20141229_064711.png',NULL,NULL),(18239,16,6,'绞车运行日志及巡回检查记录',6,'李健',7,'绞车运行日志及巡回检查记录','007','绞车运行日志及巡回检查记录','2014-12-29 10:30:39','准时','9','正常','IMG_20141229_103027.png',NULL,NULL),(18240,17,6,'绞车运行日志及巡回检查记录',6,'李健',7,'绞车运行日志及巡回检查记录','007','绞车运行日志及巡回检查记录','2014-12-29 11:34:36','准时','10','正常','IMG_20141229_103027.png',NULL,NULL),(18241,18,6,'绞车运行日志及巡回检查记录',6,'李健',7,'绞车运行日志及巡回检查记录','007','绞车运行日志及巡回检查记录','2014-12-29 12:09:09','准时','11','正常','IMG_20141229_103027.png',NULL,NULL),(18242,19,6,'绞车运行日志及巡回检查记录',6,'李健',7,'绞车运行日志及巡回检查记录','007','绞车运行日志及巡回检查记录','2014-12-29 13:07:27','准时','12','正常','IMG_20141229_103027.png',NULL,NULL),(18243,20,6,'绞车运行日志及巡回检查记录',6,'李健',7,'绞车运行日志及巡回检查记录','007','绞车运行日志及巡回检查记录','2014-12-29 14:38:10','准时','13','正常','IMG_20141229_143756.png',NULL,NULL),(18244,21,6,'绞车运行日志及巡回检查记录',30,'张炳杰',7,'绞车运行日志及巡回检查记录','007','绞车运行日志及巡回检查记录','2014-12-29 15:01:05','准时','14','正常','IMG_20141229_150006.png',NULL,NULL),(18245,22,6,'绞车运行日志及巡回检查记录',1,'管理员',7,'绞车运行日志及巡回检查记录','007','绞车运行日志及巡回检查记录','2014-12-29 16:00:00','漏巡','15','漏巡','',NULL,NULL),(18246,23,6,'绞车运行日志及巡回检查记录',1,'管理员',7,'绞车运行日志及巡回检查记录','007','绞车运行日志及巡回检查记录','2014-12-29 17:00:00','漏巡','16','漏巡','',NULL,NULL),(18247,24,6,'绞车运行日志及巡回检查记录',30,'张炳杰',7,'绞车运行日志及巡回检查记录','007','绞车运行日志及巡回检查记录','2014-12-29 18:34:07','准时','17','正常','IMG_20141229_150006.png',NULL,NULL),(18248,25,6,'绞车运行日志及巡回检查记录',30,'张炳杰',7,'绞车运行日志及巡回检查记录','007','绞车运行日志及巡回检查记录','2014-12-29 19:29:28','准时','18','正常','IMG_20141229_150006.png',NULL,NULL),(18249,26,6,'绞车运行日志及巡回检查记录',30,'张炳杰',7,'绞车运行日志及巡回检查记录','007','绞车运行日志及巡回检查记录','2014-12-29 20:28:10','准时','19','正常','IMG_20141229_150006.png',NULL,NULL),(18250,27,6,'绞车运行日志及巡回检查记录',30,'张炳杰',7,'绞车运行日志及巡回检查记录','007','绞车运行日志及巡回检查记录','2014-12-29 21:29:15','准时','20','正常','IMG_20141229_150006.png',NULL,NULL),(18251,28,6,'绞车运行日志及巡回检查记录',1,'管理员',7,'绞车运行日志及巡回检查记录','007','绞车运行日志及巡回检查记录','2014-12-29 22:00:00','漏巡','21','漏巡','',NULL,NULL),(18252,29,6,'绞车运行日志及巡回检查记录',31,'周进伟',7,'绞车运行日志及巡回检查记录','007','绞车运行日志及巡回检查记录','2014-12-29 23:18:45','准时','22','正常','IMG_20141229_231726.png',NULL,NULL),(18253,1,7,'提升机安全保护装置检查试验记录',22,'高义涛',2,'提升机安全保护装置','002','提升机安全保护装置','2014-12-30 06:56:29','准时','1','正常','IMG_20141230_065520.png','孟志坚',NULL),(18254,2,1,'多绳绞车钢丝绳查验记录',14,'刘鹏',1,'多绳绞车钢丝绳','001','多绳绞车钢丝绳','2014-12-30 04:36:36','准时','1','正常','IMG_20141230_043549.png','刘超',NULL),(18255,3,8,'车房电工定期维护检修记录',22,'高义涛',8,'车房电工定期维护检修记录','008','车房电工定期维护检修记录','2014-12-30 06:57:32','准时','1','正常','IMG_20141230_065520.png',NULL,NULL),(18256,7,3,'提升系统钳工包机日检（二）',29,'葛宝满',5,'提升系统钳工包机日检（二）','005','提升系统钳工包机日检（二）','2014-12-30 04:45:42','准时','1','正常','IMG_20141230_044432.png',NULL,NULL),(18257,8,2,'提升系统钳工包机日检（一）',28,'吕志忠',4,'提升系统钳工包机日检（一）','004','提升系统钳工包机日检（一）','2014-12-30 04:56:10','准时','1','正常','IMG_20141230_045530.png',NULL,NULL),(18258,30,6,'绞车运行日志及巡回检查记录',31,'周进伟',7,'绞车运行日志及巡回检查记录','007','绞车运行日志及巡回检查记录','2014-12-30 00:31:17','准时','23','正常','IMG_20141229_231726.png',NULL,NULL),(18259,31,6,'绞车运行日志及巡回检查记录',31,'周进伟',7,'绞车运行日志及巡回检查记录','007','绞车运行日志及巡回检查记录','2014-12-30 01:33:16','准时','24','正常','IMG_20141229_231726.png',NULL,NULL),(18260,4,6,'绞车运行日志及巡回检查记录',31,'周进伟',7,'绞车运行日志及巡回检查记录','007','绞车运行日志及巡回检查记录','2014-12-30 02:36:20','准时','1','正常','IMG_20141229_231726.png',NULL,NULL),(18261,9,6,'绞车运行日志及巡回检查记录',31,'周进伟',7,'绞车运行日志及巡回检查记录','007','绞车运行日志及巡回检查记录','2014-12-30 03:35:56','准时','2','正常','IMG_20141229_231726.png',NULL,NULL),(18262,10,6,'绞车运行日志及巡回检查记录',31,'周进伟',7,'绞车运行日志及巡回检查记录','007','绞车运行日志及巡回检查记录','2014-12-30 04:38:11','准时','3','正常','IMG_20141229_231726.png',NULL,NULL),(18263,11,6,'绞车运行日志及巡回检查记录',31,'周进伟',7,'绞车运行日志及巡回检查记录','007','绞车运行日志及巡回检查记录','2014-12-30 05:35:11','准时','4','正常','IMG_20141229_231726.png',NULL,NULL),(18264,12,6,'绞车运行日志及巡回检查记录',31,'周进伟',7,'绞车运行日志及巡回检查记录','007','绞车运行日志及巡回检查记录','2014-12-30 06:37:12','准时','5','正常','IMG_20141229_231726.png',NULL,NULL),(18265,13,6,'绞车运行日志及巡回检查记录',6,'李健',7,'绞车运行日志及巡回检查记录','007','绞车运行日志及巡回检查记录','2014-12-30 07:30:09','准时','6','正常','IMG_20141230_072750.png',NULL,NULL),(18266,14,6,'绞车运行日志及巡回检查记录',6,'李健',7,'绞车运行日志及巡回检查记录','007','绞车运行日志及巡回检查记录','2014-12-30 08:47:00','准时','7','正常','IMG_20141230_084433.png',NULL,NULL),(18267,15,6,'绞车运行日志及巡回检查记录',24,'李乾',7,'绞车运行日志及巡回检查记录','007','绞车运行日志及巡回检查记录','2014-12-30 09:49:42','准时','8','正常','IMG_20141230_094617.png',NULL,NULL),(18268,16,6,'绞车运行日志及巡回检查记录',6,'李健',7,'绞车运行日志及巡回检查记录','007','绞车运行日志及巡回检查记录','2014-12-30 10:04:09','准时','9','正常','IMG_20141230_100327.png',NULL,NULL),(18269,17,6,'绞车运行日志及巡回检查记录',6,'李健',7,'绞车运行日志及巡回检查记录','007','绞车运行日志及巡回检查记录','2014-12-30 11:23:09','准时','10','正常','IMG_20141230_112257.png',NULL,NULL),(18270,18,6,'绞车运行日志及巡回检查记录',24,'李乾',7,'绞车运行日志及巡回检查记录','007','绞车运行日志及巡回检查记录','2014-12-30 12:49:21','准时','11','正常','IMG_20141230_124858.png',NULL,NULL),(18271,19,6,'绞车运行日志及巡回检查记录',6,'李健',7,'绞车运行日志及巡回检查记录','007','绞车运行日志及巡回检查记录','2014-12-30 13:32:58','准时','12','正常','IMG_20141230_124858.png',NULL,NULL),(18272,20,6,'绞车运行日志及巡回检查记录',6,'李健',7,'绞车运行日志及巡回检查记录','007','绞车运行日志及巡回检查记录','2014-12-30 14:48:15','准时','13','正常','IMG_20141230_144802.png',NULL,NULL),(18273,21,6,'绞车运行日志及巡回检查记录',5,'裴森',7,'绞车运行日志及巡回检查记录','007','绞车运行日志及巡回检查记录','2014-12-30 15:09:28','准时','14','正常','IMG_20141230_150835.png',NULL,NULL),(18274,22,6,'绞车运行日志及巡回检查记录',5,'裴森',7,'绞车运行日志及巡回检查记录','007','绞车运行日志及巡回检查记录','2014-12-30 16:30:25','准时','15','正常','IMG_20141230_150835.png',NULL,NULL),(18275,23,6,'绞车运行日志及巡回检查记录',5,'裴森',7,'绞车运行日志及巡回检查记录','007','绞车运行日志及巡回检查记录','2014-12-30 17:28:16','准时','16','正常','IMG_20141230_150835.png',NULL,NULL),(18276,24,6,'绞车运行日志及巡回检查记录',1,'管理员',7,'绞车运行日志及巡回检查记录','007','绞车运行日志及巡回检查记录','2014-12-30 18:00:00','漏巡','17','漏巡','',NULL,NULL),(18277,25,6,'绞车运行日志及巡回检查记录',5,'裴森',7,'绞车运行日志及巡回检查记录','007','绞车运行日志及巡回检查记录','2014-12-30 19:30:02','准时','18','正常','IMG_20141230_150835.png',NULL,NULL),(18278,26,6,'绞车运行日志及巡回检查记录',5,'裴森',7,'绞车运行日志及巡回检查记录','007','绞车运行日志及巡回检查记录','2014-12-30 20:28:15','准时','19','正常','IMG_20141230_150835.png',NULL,NULL),(18279,27,6,'绞车运行日志及巡回检查记录',5,'裴森',7,'绞车运行日志及巡回检查记录','007','绞车运行日志及巡回检查记录','2014-12-30 21:29:57','准时','20','正常','IMG_20141230_150835.png',NULL,NULL),(18280,28,6,'绞车运行日志及巡回检查记录',5,'裴森',7,'绞车运行日志及巡回检查记录','007','绞车运行日志及巡回检查记录','2014-12-30 22:30:29','准时','21','正常','IMG_20141230_150835.png',NULL,NULL),(18281,29,6,'绞车运行日志及巡回检查记录',27,'侯巍',7,'绞车运行日志及巡回检查记录','007','绞车运行日志及巡回检查记录','2014-12-30 23:32:32','准时','22','正常','IMG_20141230_233215.png',NULL,NULL),(18282,1,7,'提升机安全保护装置检查试验记录',20,'郁奇峰',2,'提升机安全保护装置','002','提升机安全保护装置','2014-12-31 06:59:54','准时','1','正常','IMG_20141231_065922.png',NULL,NULL),(18283,2,1,'多绳绞车钢丝绳查验记录',11,'耿鑫',1,'多绳绞车钢丝绳','001','多绳绞车钢丝绳','2014-12-31 04:27:28','准时','1','正常','IMG_20141231_042701.png',NULL,NULL),(18284,3,8,'车房电工定期维护检修记录',20,'郁奇峰',8,'车房电工定期维护检修记录','008','车房电工定期维护检修记录','2014-12-31 07:00:29','准时','1','正常','IMG_20141231_065922.png',NULL,NULL),(18285,7,3,'提升系统钳工包机日检（二）',17,'刘金伟',5,'提升系统钳工包机日检（二）','005','提升系统钳工包机日检（二）','2014-12-31 04:40:52','准时','1','正常','IMG_20141231_043714.png',NULL,NULL),(18286,8,2,'提升系统钳工包机日检（一）',28,'吕志忠',4,'提升系统钳工包机日检（一）','004','提升系统钳工包机日检（一）','2014-12-31 04:54:15','准时','1','正常','IMG_20141231_045244.png',NULL,NULL),(18287,30,6,'绞车运行日志及巡回检查记录',27,'侯巍',7,'绞车运行日志及巡回检查记录','007','绞车运行日志及巡回检查记录','2014-12-31 00:34:24','准时','23','正常','IMG_20141231_003409.png',NULL,NULL),(18288,31,6,'绞车运行日志及巡回检查记录',27,'侯巍',7,'绞车运行日志及巡回检查记录','007','绞车运行日志及巡回检查记录','2014-12-31 01:28:26','准时','24','正常','IMG_20141231_012813.png',NULL,NULL),(18289,4,6,'绞车运行日志及巡回检查记录',27,'侯巍',7,'绞车运行日志及巡回检查记录','007','绞车运行日志及巡回检查记录','2014-12-31 02:30:23','准时','1','正常','IMG_20141231_023009.png',NULL,NULL),(18290,9,6,'绞车运行日志及巡回检查记录',27,'侯巍',7,'绞车运行日志及巡回检查记录','007','绞车运行日志及巡回检查记录','2014-12-31 03:28:24','准时','2','正常','IMG_20141231_032804.png',NULL,NULL),(18291,10,6,'绞车运行日志及巡回检查记录',27,'侯巍',7,'绞车运行日志及巡回检查记录','007','绞车运行日志及巡回检查记录','2014-12-31 04:28:51','准时','3','正常','IMG_20141231_042820.png',NULL,NULL),(18292,11,6,'绞车运行日志及巡回检查记录',27,'侯巍',7,'绞车运行日志及巡回检查记录','007','绞车运行日志及巡回检查记录','2014-12-31 05:30:21','准时','4','正常','IMG_20141231_053006.png',NULL,NULL),(18293,12,6,'绞车运行日志及巡回检查记录',27,'侯巍',7,'绞车运行日志及巡回检查记录','007','绞车运行日志及巡回检查记录','2014-12-31 06:33:14','准时','5','正常','IMG_20141231_063210.png',NULL,NULL),(18294,13,6,'绞车运行日志及巡回检查记录',6,'李健',7,'绞车运行日志及巡回检查记录','007','绞车运行日志及巡回检查记录','2014-12-31 07:52:08','准时','6','正常','IMG_20141231_075024.png',NULL,NULL),(18295,14,6,'绞车运行日志及巡回检查记录',6,'李健',7,'绞车运行日志及巡回检查记录','007','绞车运行日志及巡回检查记录','2014-12-31 08:06:55','准时','7','正常','IMG_20141231_080645.png',NULL,NULL),(18296,15,6,'绞车运行日志及巡回检查记录',6,'李健',7,'绞车运行日志及巡回检查记录','007','绞车运行日志及巡回检查记录','2014-12-31 09:17:24','准时','8','正常','IMG_20141231_091707.png',NULL,NULL),(18297,16,6,'绞车运行日志及巡回检查记录',6,'李健',7,'绞车运行日志及巡回检查记录','007','绞车运行日志及巡回检查记录','2014-12-31 10:07:23','准时','9','正常','IMG_20141231_100655.png',NULL,NULL),(18298,17,6,'绞车运行日志及巡回检查记录',23,'冯文彦',7,'绞车运行日志及巡回检查记录','007','绞车运行日志及巡回检查记录','2014-12-31 11:00:38','准时','10','正常','IMG_20141231_110005.png',NULL,NULL),(18299,18,6,'绞车运行日志及巡回检查记录',6,'李健',7,'绞车运行日志及巡回检查记录','007','绞车运行日志及巡回检查记录','2014-12-31 12:57:08','准时','11','正常','IMG_20141231_125657.png',NULL,NULL),(18300,19,6,'绞车运行日志及巡回检查记录',6,'李健',7,'绞车运行日志及巡回检查记录','007','绞车运行日志及巡回检查记录','2014-12-31 13:26:18','准时','12','正常','IMG_20141231_132608.png',NULL,NULL),(18301,20,6,'绞车运行日志及巡回检查记录',6,'李健',7,'绞车运行日志及巡回检查记录','007','绞车运行日志及巡回检查记录','2014-12-31 14:24:27','准时','13','正常','IMG_20141231_142417.png',NULL,NULL),(18302,21,6,'绞车运行日志及巡回检查记录',5,'裴森',7,'绞车运行日志及巡回检查记录','007','绞车运行日志及巡回检查记录','2014-12-31 15:17:41','准时','14','正常','IMG_20141231_151710.png',NULL,NULL),(18303,22,6,'绞车运行日志及巡回检查记录',5,'裴森',7,'绞车运行日志及巡回检查记录','007','绞车运行日志及巡回检查记录','2014-12-31 16:30:31','准时','15','正常','IMG_20141231_151710.png',NULL,NULL),(18304,23,6,'绞车运行日志及巡回检查记录',5,'裴森',7,'绞车运行日志及巡回检查记录','007','绞车运行日志及巡回检查记录','2014-12-31 17:28:27','准时','16','正常','IMG_20141231_151710.png',NULL,NULL),(18305,24,6,'绞车运行日志及巡回检查记录',1,'管理员',7,'绞车运行日志及巡回检查记录','007','绞车运行日志及巡回检查记录','2014-12-31 18:00:00','漏巡','17','漏巡','',NULL,NULL),(18306,25,6,'绞车运行日志及巡回检查记录',1,'管理员',7,'绞车运行日志及巡回检查记录','007','绞车运行日志及巡回检查记录','2014-12-31 19:00:00','漏巡','18','漏巡','',NULL,NULL),(18307,26,6,'绞车运行日志及巡回检查记录',1,'管理员',7,'绞车运行日志及巡回检查记录','007','绞车运行日志及巡回检查记录','2014-12-31 20:00:00','漏巡','19','漏巡','',NULL,NULL),(18308,27,6,'绞车运行日志及巡回检查记录',1,'管理员',7,'绞车运行日志及巡回检查记录','007','绞车运行日志及巡回检查记录','2014-12-31 21:00:00','漏巡','20','漏巡','',NULL,NULL),(18309,28,6,'绞车运行日志及巡回检查记录',1,'管理员',7,'绞车运行日志及巡回检查记录','007','绞车运行日志及巡回检查记录','2014-12-31 22:00:00','漏巡','21','漏巡','',NULL,NULL),(18310,29,6,'绞车运行日志及巡回检查记录',31,'周进伟',7,'绞车运行日志及巡回检查记录','007','绞车运行日志及巡回检查记录','2014-12-31 23:33:04','准时','22','正常','IMG_20141231_233215.png',NULL,NULL),(18311,1,7,'提升机安全保护装置检查试验记录',21,'石磊',2,'提升机安全保护装置','002','提升机安全保护装置','2015-01-01 06:38:16','准时','1','正常','IMG_20150101_063743.png','郑威',NULL),(18312,2,1,'多绳绞车钢丝绳查验记录',14,'刘鹏',1,'多绳绞车钢丝绳','001','多绳绞车钢丝绳','2015-01-01 06:02:54','准时','1','正常','IMG_20150101_060204.png','刘博',NULL),(18313,3,8,'车房电工定期维护检修记录',21,'石磊',8,'车房电工定期维护检修记录','008','车房电工定期维护检修记录','2015-01-01 06:39:40','准时','1','正常','IMG_20150101_063929.png',NULL,NULL),(18314,7,3,'提升系统钳工包机日检（二）',17,'刘金伟',5,'提升系统钳工包机日检（二）','005','提升系统钳工包机日检（二）','2015-01-01 05:59:22','准时','1','正常','IMG_20150101_055838.png',NULL,NULL),(18315,8,2,'提升系统钳工包机日检（一）',18,'唐庆恩',4,'提升系统钳工包机日检（一）','004','提升系统钳工包机日检（一）','2015-01-01 06:36:19','准时','1','正常','IMG_20150101_063453.png',NULL,NULL),(18316,30,6,'绞车运行日志及巡回检查记录',31,'周进伟',7,'绞车运行日志及巡回检查记录','007','绞车运行日志及巡回检查记录','2015-01-01 00:31:11','准时','23','正常','IMG_20141231_233215.png',NULL,NULL),(18317,31,6,'绞车运行日志及巡回检查记录',31,'周进伟',7,'绞车运行日志及巡回检查记录','007','绞车运行日志及巡回检查记录','2015-01-01 01:33:05','准时','24','正常','IMG_20141231_233215.png',NULL,NULL),(18318,4,6,'绞车运行日志及巡回检查记录',31,'周进伟',7,'绞车运行日志及巡回检查记录','007','绞车运行日志及巡回检查记录','2015-01-01 02:35:07','准时','1','正常','IMG_20141231_233215.png',NULL,NULL),(18319,9,6,'绞车运行日志及巡回检查记录',31,'周进伟',7,'绞车运行日志及巡回检查记录','007','绞车运行日志及巡回检查记录','2015-01-01 03:34:10','准时','2','正常','IMG_20141231_233215.png',NULL,NULL),(18320,10,6,'绞车运行日志及巡回检查记录',31,'周进伟',7,'绞车运行日志及巡回检查记录','007','绞车运行日志及巡回检查记录','2015-01-01 04:36:05','准时','3','正常','IMG_20141231_233215.png',NULL,NULL),(18321,11,6,'绞车运行日志及巡回检查记录',31,'周进伟',7,'绞车运行日志及巡回检查记录','007','绞车运行日志及巡回检查记录','2015-01-01 05:33:06','准时','4','正常','IMG_20141231_233215.png',NULL,NULL),(18322,12,6,'绞车运行日志及巡回检查记录',31,'周进伟',7,'绞车运行日志及巡回检查记录','007','绞车运行日志及巡回检查记录','2015-01-01 06:35:08','准时','5','正常','IMG_20141231_233215.png',NULL,NULL),(18323,13,6,'绞车运行日志及巡回检查记录',30,'张炳杰',7,'绞车运行日志及巡回检查记录','007','绞车运行日志及巡回检查记录','2015-01-01 07:08:26','准时','6','正常','IMG_20150101_070709.png',NULL,NULL),(18324,14,6,'绞车运行日志及巡回检查记录',30,'张炳杰',7,'绞车运行日志及巡回检查记录','007','绞车运行日志及巡回检查记录','2015-01-01 08:03:00','准时','7','正常','IMG_20150101_080236.png',NULL,NULL),(18325,16,6,'绞车运行日志及巡回检查记录',30,'张炳杰',7,'绞车运行日志及巡回检查记录','007','绞车运行日志及巡回检查记录','2015-01-01 10:01:42','准时','9','正常','IMG_20150101_100120.png',NULL,NULL),(18326,17,6,'绞车运行日志及巡回检查记录',30,'张炳杰',7,'绞车运行日志及巡回检查记录','007','绞车运行日志及巡回检查记录','2015-01-01 11:10:12','准时','10','正常','IMG_20150101_110957.png',NULL,NULL),(18327,18,6,'绞车运行日志及巡回检查记录',30,'张炳杰',7,'绞车运行日志及巡回检查记录','007','绞车运行日志及巡回检查记录','2015-01-01 12:28:05','准时','11','正常','IMG_20150101_122744.png',NULL,NULL),(18328,19,6,'绞车运行日志及巡回检查记录',30,'张炳杰',7,'绞车运行日志及巡回检查记录','007','绞车运行日志及巡回检查记录','2015-01-01 13:21:39','准时','12','正常','IMG_20150101_132126.png',NULL,NULL),(18329,20,6,'绞车运行日志及巡回检查记录',30,'张炳杰',7,'绞车运行日志及巡回检查记录','007','绞车运行日志及巡回检查记录','2015-01-01 14:19:27','准时','13','正常','IMG_20150101_141915.png',NULL,NULL),(18330,21,6,'绞车运行日志及巡回检查记录',5,'裴森',7,'绞车运行日志及巡回检查记录','007','绞车运行日志及巡回检查记录','2015-01-01 15:33:35','准时','14','正常','IMG_20150101_153246.png',NULL,NULL),(18331,22,6,'绞车运行日志及巡回检查记录',5,'裴森',7,'绞车运行日志及巡回检查记录','007','绞车运行日志及巡回检查记录','2015-01-01 16:31:48','准时','15','正常','IMG_20150101_153246.png',NULL,NULL),(18332,23,6,'绞车运行日志及巡回检查记录',1,'管理员',7,'绞车运行日志及巡回检查记录','007','绞车运行日志及巡回检查记录','2015-01-01 17:00:00','漏巡','16','漏巡','',NULL,NULL),(18333,24,6,'绞车运行日志及巡回检查记录',1,'管理员',7,'绞车运行日志及巡回检查记录','007','绞车运行日志及巡回检查记录','2015-01-01 18:00:00','漏巡','17','漏巡','',NULL,NULL),(18334,25,6,'绞车运行日志及巡回检查记录',1,'管理员',7,'绞车运行日志及巡回检查记录','007','绞车运行日志及巡回检查记录','2015-01-01 19:00:00','漏巡','18','漏巡','',NULL,NULL),(18335,26,6,'绞车运行日志及巡回检查记录',1,'管理员',7,'绞车运行日志及巡回检查记录','007','绞车运行日志及巡回检查记录','2015-01-01 20:00:00','漏巡','19','漏巡','',NULL,NULL),(18336,27,6,'绞车运行日志及巡回检查记录',1,'管理员',7,'绞车运行日志及巡回检查记录','007','绞车运行日志及巡回检查记录','2015-01-01 21:00:00','漏巡','20','漏巡','',NULL,NULL),(18337,28,6,'绞车运行日志及巡回检查记录',1,'管理员',7,'绞车运行日志及巡回检查记录','007','绞车运行日志及巡回检查记录','2015-01-01 22:00:00','漏巡','21','漏巡','',NULL,NULL),(18338,29,6,'绞车运行日志及巡回检查记录',31,'周进伟',7,'绞车运行日志及巡回检查记录','007','绞车运行日志及巡回检查记录','2015-01-01 23:13:00','准时','22','正常','IMG_20150101_231203.png',NULL,NULL),(18339,15,6,'绞车运行日志及巡回检查记录',30,'张炳杰',7,'绞车运行日志及巡回检查记录','007','绞车运行日志及巡回检查记录','2015-01-01 09:08:00','准时','8','正常','IMG_20150101_090741.png',NULL,NULL),(18340,1,7,'提升机安全保护装置检查试验记录',22,'高义涛',2,'提升机安全保护装置','002','提升机安全保护装置','2015-01-02 06:45:34','准时','1','正常','IMG_20150102_064432.png','孟志坚',NULL),(18341,2,1,'多绳绞车钢丝绳查验记录',14,'刘鹏',1,'多绳绞车钢丝绳','001','多绳绞车钢丝绳','2015-01-02 05:36:04','准时','1','正常','IMG_20150102_053537.png','孟志坚',NULL),(18342,3,8,'车房电工定期维护检修记录',22,'高义涛',8,'车房电工定期维护检修记录','008','车房电工定期维护检修记录','2015-01-02 06:46:36','准时','1','正常','IMG_20150102_064432.png',NULL,NULL),(18343,7,3,'提升系统钳工包机日检（二）',17,'刘金伟',5,'提升系统钳工包机日检（二）','005','提升系统钳工包机日检（二）','2015-01-02 05:30:32','准时','1','正常','IMG_20150102_053007.png',NULL,NULL),(18344,8,2,'提升系统钳工包机日检（一）',18,'唐庆恩',4,'提升系统钳工包机日检（一）','004','提升系统钳工包机日检（一）','2015-01-02 05:51:45','准时','1','正常','IMG_20150102_055054.png',NULL,NULL),(18345,30,6,'绞车运行日志及巡回检查记录',31,'周进伟',7,'绞车运行日志及巡回检查记录','007','绞车运行日志及巡回检查记录','2015-01-02 00:34:49','准时','23','正常','IMG_20150102_003403.png',NULL,NULL),(18346,31,6,'绞车运行日志及巡回检查记录',31,'周进伟',7,'绞车运行日志及巡回检查记录','007','绞车运行日志及巡回检查记录','2015-01-02 01:34:09','准时','24','正常','IMG_20150102_003403.png',NULL,NULL),(18347,4,6,'绞车运行日志及巡回检查记录',31,'周进伟',7,'绞车运行日志及巡回检查记录','007','绞车运行日志及巡回检查记录','2015-01-02 02:35:28','准时','1','正常','IMG_20150102_003403.png',NULL,NULL),(18348,9,6,'绞车运行日志及巡回检查记录',31,'周进伟',7,'绞车运行日志及巡回检查记录','007','绞车运行日志及巡回检查记录','2015-01-02 03:30:20','准时','2','正常','IMG_20150102_003403.png',NULL,NULL),(18349,10,6,'绞车运行日志及巡回检查记录',31,'周进伟',7,'绞车运行日志及巡回检查记录','007','绞车运行日志及巡回检查记录','2015-01-02 04:34:12','准时','3','正常','IMG_20150102_003403.png',NULL,NULL),(18350,11,6,'绞车运行日志及巡回检查记录',31,'周进伟',7,'绞车运行日志及巡回检查记录','007','绞车运行日志及巡回检查记录','2015-01-02 05:36:09','准时','4','正常','IMG_20150102_003403.png',NULL,NULL),(18351,12,6,'绞车运行日志及巡回检查记录',31,'周进伟',7,'绞车运行日志及巡回检查记录','007','绞车运行日志及巡回检查记录','2015-01-02 06:31:10','准时','5','正常','IMG_20150102_003403.png',NULL,NULL),(18352,13,6,'绞车运行日志及巡回检查记录',30,'张炳杰',7,'绞车运行日志及巡回检查记录','007','绞车运行日志及巡回检查记录','2015-01-02 07:35:02','准时','6','正常','IMG_20150102_073448.png',NULL,NULL),(18353,14,6,'绞车运行日志及巡回检查记录',30,'张炳杰',7,'绞车运行日志及巡回检查记录','007','绞车运行日志及巡回检查记录','2015-01-02 08:22:20','准时','7','正常','IMG_20150102_073448.png',NULL,NULL),(18354,15,6,'绞车运行日志及巡回检查记录',30,'张炳杰',7,'绞车运行日志及巡回检查记录','007','绞车运行日志及巡回检查记录','2015-01-02 09:24:02','准时','8','正常','IMG_20150102_073448.png',NULL,NULL),(18355,16,6,'绞车运行日志及巡回检查记录',30,'张炳杰',7,'绞车运行日志及巡回检查记录','007','绞车运行日志及巡回检查记录','2015-01-02 10:29:16','准时','9','正常','IMG_20150102_073448.png',NULL,NULL),(18356,17,6,'绞车运行日志及巡回检查记录',1,'管理员',7,'绞车运行日志及巡回检查记录','007','绞车运行日志及巡回检查记录','2015-01-02 11:00:00','漏巡','10','漏巡','',NULL,NULL),(18357,18,6,'绞车运行日志及巡回检查记录',30,'张炳杰',7,'绞车运行日志及巡回检查记录','007','绞车运行日志及巡回检查记录','2015-01-02 12:30:29','准时','11','正常','IMG_20150102_123011.png',NULL,NULL),(18358,19,6,'绞车运行日志及巡回检查记录',30,'张炳杰',7,'绞车运行日志及巡回检查记录','007','绞车运行日志及巡回检查记录','2015-01-02 13:32:27','准时','12','正常','IMG_20150102_133210.png',NULL,NULL),(18359,20,6,'绞车运行日志及巡回检查记录',30,'张炳杰',7,'绞车运行日志及巡回检查记录','007','绞车运行日志及巡回检查记录','2015-01-02 14:34:23','准时','13','正常','IMG_20150102_143409.png',NULL,NULL),(18360,21,6,'绞车运行日志及巡回检查记录',25,'王巍',7,'绞车运行日志及巡回检查记录','007','绞车运行日志及巡回检查记录','2015-01-02 15:13:17','准时','14','正常','IMG_20150102_151245.png',NULL,NULL),(18361,22,6,'绞车运行日志及巡回检查记录',25,'王巍',7,'绞车运行日志及巡回检查记录','007','绞车运行日志及巡回检查记录','2015-01-02 16:30:57','准时','15','正常','IMG_20150102_163044.png',NULL,NULL),(18362,23,6,'绞车运行日志及巡回检查记录',25,'王巍',7,'绞车运行日志及巡回检查记录','007','绞车运行日志及巡回检查记录','2015-01-02 17:31:46','准时','16','正常','IMG_20150102_173127.png',NULL,NULL),(18363,24,6,'绞车运行日志及巡回检查记录',25,'王巍',7,'绞车运行日志及巡回检查记录','007','绞车运行日志及巡回检查记录','2015-01-02 18:28:25','准时','17','正常','IMG_20150102_182813.png',NULL,NULL),(18364,25,6,'绞车运行日志及巡回检查记录',25,'王巍',7,'绞车运行日志及巡回检查记录','007','绞车运行日志及巡回检查记录','2015-01-02 19:29:35','准时','18','正常','IMG_20150102_192920.png',NULL,NULL),(18365,26,6,'绞车运行日志及巡回检查记录',25,'王巍',7,'绞车运行日志及巡回检查记录','007','绞车运行日志及巡回检查记录','2015-01-02 20:28:29','准时','19','正常','IMG_20150102_202819.png',NULL,NULL),(18366,27,6,'绞车运行日志及巡回检查记录',25,'王巍',7,'绞车运行日志及巡回检查记录','007','绞车运行日志及巡回检查记录','2015-01-02 21:29:34','准时','20','正常','IMG_20150102_212920.png',NULL,NULL),(18367,28,6,'绞车运行日志及巡回检查记录',25,'王巍',7,'绞车运行日志及巡回检查记录','007','绞车运行日志及巡回检查记录','2015-01-02 22:30:35','准时','21','正常','IMG_20150102_223018.png',NULL,NULL),(18368,29,6,'绞车运行日志及巡回检查记录',26,'苑成智',7,'绞车运行日志及巡回检查记录','007','绞车运行日志及巡回检查记录','2015-01-02 23:29:01','准时','22','正常','IMG_20150102_232836.png',NULL,NULL),(18369,1,7,'提升机安全保护装置检查试验记录',20,'郁奇峰',2,'提升机安全保护装置','002','提升机安全保护装置','2015-01-03 06:46:40','准时','1','正常','IMG_20150103_064517.png','刘超',NULL),(18370,2,1,'多绳绞车钢丝绳查验记录',15,'牛利生',1,'多绳绞车钢丝绳','001','多绳绞车钢丝绳','2015-01-03 04:59:59','准时','1','正常','IMG_20150103_045304.png','张利军',NULL),(18371,3,8,'车房电工定期维护检修记录',20,'郁奇峰',8,'车房电工定期维护检修记录','008','车房电工定期维护检修记录','2015-01-03 06:47:52','准时','1','正常','IMG_20150103_064517.png',NULL,NULL),(18372,7,3,'提升系统钳工包机日检（二）',17,'刘金伟',5,'提升系统钳工包机日检（二）','005','提升系统钳工包机日检（二）','2015-01-03 04:44:27','准时','1','正常','IMG_20150103_044355.png',NULL,NULL),(18373,8,2,'提升系统钳工包机日检（一）',28,'吕志忠',4,'提升系统钳工包机日检（一）','004','提升系统钳工包机日检（一）','2015-01-03 05:24:48','准时','1','正常','IMG_20150103_052331.png',NULL,NULL),(18374,30,6,'绞车运行日志及巡回检查记录',26,'苑成智',7,'绞车运行日志及巡回检查记录','007','绞车运行日志及巡回检查记录','2015-01-03 00:38:11','准时','23','正常','IMG_20150102_232836.png',NULL,NULL),(18375,31,6,'绞车运行日志及巡回检查记录',26,'苑成智',7,'绞车运行日志及巡回检查记录','007','绞车运行日志及巡回检查记录','2015-01-03 01:43:11','准时','24','正常','IMG_20150102_232836.png',NULL,NULL),(18376,4,6,'绞车运行日志及巡回检查记录',26,'苑成智',7,'绞车运行日志及巡回检查记录','007','绞车运行日志及巡回检查记录','2015-01-03 02:44:13','准时','1','正常','IMG_20150102_232836.png',NULL,NULL),(18377,9,6,'绞车运行日志及巡回检查记录',1,'管理员',7,'绞车运行日志及巡回检查记录','007','绞车运行日志及巡回检查记录','2015-01-03 03:00:00','漏巡','2','漏巡','',NULL,NULL),(18378,10,6,'绞车运行日志及巡回检查记录',26,'苑成智',7,'绞车运行日志及巡回检查记录','007','绞车运行日志及巡回检查记录','2015-01-03 04:46:05','准时','3','正常','IMG_20150102_232836.png',NULL,NULL),(18379,11,6,'绞车运行日志及巡回检查记录',26,'苑成智',7,'绞车运行日志及巡回检查记录','007','绞车运行日志及巡回检查记录','2015-01-03 05:47:06','准时','4','正常','IMG_20150102_232836.png',NULL,NULL),(18380,12,6,'绞车运行日志及巡回检查记录',26,'苑成智',7,'绞车运行日志及巡回检查记录','007','绞车运行日志及巡回检查记录','2015-01-03 06:48:06','准时','5','正常','IMG_20150102_232836.png',NULL,NULL),(18381,13,6,'绞车运行日志及巡回检查记录',30,'张炳杰',7,'绞车运行日志及巡回检查记录','007','绞车运行日志及巡回检查记录','2015-01-03 07:40:13','准时','6','正常','IMG_20150103_073952.png',NULL,NULL),(18382,14,6,'绞车运行日志及巡回检查记录',30,'张炳杰',7,'绞车运行日志及巡回检查记录','007','绞车运行日志及巡回检查记录','2015-01-03 08:30:31','准时','7','正常','IMG_20150103_083011.png',NULL,NULL),(18383,15,6,'绞车运行日志及巡回检查记录',30,'张炳杰',7,'绞车运行日志及巡回检查记录','007','绞车运行日志及巡回检查记录','2015-01-03 09:32:29','准时','8','正常','IMG_20150103_093213.png',NULL,NULL),(18384,16,6,'绞车运行日志及巡回检查记录',30,'张炳杰',7,'绞车运行日志及巡回检查记录','007','绞车运行日志及巡回检查记录','2015-01-03 10:40:03','准时','9','正常','IMG_20150103_103947.png',NULL,NULL),(18385,17,6,'绞车运行日志及巡回检查记录',30,'张炳杰',7,'绞车运行日志及巡回检查记录','007','绞车运行日志及巡回检查记录','2015-01-03 11:41:16','准时','10','正常','IMG_20150103_103947.png',NULL,NULL),(18386,18,6,'绞车运行日志及巡回检查记录',30,'张炳杰',7,'绞车运行日志及巡回检查记录','007','绞车运行日志及巡回检查记录','2015-01-03 12:44:17','准时','11','正常','IMG_20150103_124404.png',NULL,NULL),(18387,19,6,'绞车运行日志及巡回检查记录',30,'张炳杰',7,'绞车运行日志及巡回检查记录','007','绞车运行日志及巡回检查记录','2015-01-03 13:46:34','准时','12','正常','IMG_20150103_134607.png',NULL,NULL),(18388,20,6,'绞车运行日志及巡回检查记录',1,'管理员',7,'绞车运行日志及巡回检查记录','007','绞车运行日志及巡回检查记录','2015-01-03 14:00:00','漏巡','13','漏巡','',NULL,NULL),(18389,21,6,'绞车运行日志及巡回检查记录',24,'李乾',7,'绞车运行日志及巡回检查记录','007','绞车运行日志及巡回检查记录','2015-01-03 15:30:47','准时','14','正常','IMG_20150103_153026.png',NULL,NULL),(18390,22,6,'绞车运行日志及巡回检查记录',25,'王巍',7,'绞车运行日志及巡回检查记录','007','绞车运行日志及巡回检查记录','2015-01-03 16:30:49','准时','15','正常','IMG_20150103_163028.png',NULL,NULL),(18391,23,6,'绞车运行日志及巡回检查记录',25,'王巍',7,'绞车运行日志及巡回检查记录','007','绞车运行日志及巡回检查记录','2015-01-03 17:28:37','准时','16','正常','IMG_20150103_172824.png',NULL,NULL),(18392,24,6,'绞车运行日志及巡回检查记录',25,'王巍',7,'绞车运行日志及巡回检查记录','007','绞车运行日志及巡回检查记录','2015-01-03 18:30:14','准时','17','正常','IMG_20150103_183003.png',NULL,NULL),(18393,25,6,'绞车运行日志及巡回检查记录',25,'王巍',7,'绞车运行日志及巡回检查记录','007','绞车运行日志及巡回检查记录','2015-01-03 19:33:39','准时','18','正常','IMG_20150103_193328.png',NULL,NULL),(18394,26,6,'绞车运行日志及巡回检查记录',1,'管理员',7,'绞车运行日志及巡回检查记录','007','绞车运行日志及巡回检查记录','2015-01-03 20:00:00','漏巡','19','漏巡','',NULL,NULL),(18395,27,6,'绞车运行日志及巡回检查记录',1,'管理员',7,'绞车运行日志及巡回检查记录','007','绞车运行日志及巡回检查记录','2015-01-03 21:00:00','漏巡','20','漏巡','',NULL,NULL),(18396,28,6,'绞车运行日志及巡回检查记录',25,'王巍',7,'绞车运行日志及巡回检查记录','007','绞车运行日志及巡回检查记录','2015-01-03 22:31:42','准时','21','正常','IMG_20150103_223132.png',NULL,NULL),(18397,29,6,'绞车运行日志及巡回检查记录',27,'侯巍',7,'绞车运行日志及巡回检查记录','007','绞车运行日志及巡回检查记录','2015-01-03 23:30:53','准时','22','正常','IMG_20150103_233013.png',NULL,NULL),(18398,1,7,'提升机安全保护装置检查试验记录',21,'石磊',2,'提升机安全保护装置','002','提升机安全保护装置','2015-01-04 07:16:41','准时','1','正常','IMG_20150104_071620.png','孟志坚',NULL),(18399,2,1,'多绳绞车钢丝绳查验记录',20,'郁奇峰',1,'多绳绞车钢丝绳','001','多绳绞车钢丝绳','2015-01-04 04:19:36','准时','1','正常','IMG_20150104_041631.png','刘超',NULL),(18400,3,8,'车房电工定期维护检修记录',21,'石磊',8,'车房电工定期维护检修记录','008','车房电工定期维护检修记录','2015-01-04 07:17:30','准时','1','正常','IMG_20150104_071620.png',NULL,NULL),(18401,7,3,'提升系统钳工包机日检（二）',17,'刘金伟',5,'提升系统钳工包机日检（二）','005','提升系统钳工包机日检（二）','2015-01-04 05:02:17','准时','1','正常','IMG_20150104_050116.png',NULL,NULL),(18402,8,2,'提升系统钳工包机日检（一）',28,'吕志忠',4,'提升系统钳工包机日检（一）','004','提升系统钳工包机日检（一）','2015-01-04 05:27:56','准时','1','正常','IMG_20150104_052721.png',NULL,NULL),(18403,30,6,'绞车运行日志及巡回检查记录',27,'侯巍',7,'绞车运行日志及巡回检查记录','007','绞车运行日志及巡回检查记录','2015-01-04 00:34:20','准时','23','正常','IMG_20150103_233013.png',NULL,NULL),(18404,31,6,'绞车运行日志及巡回检查记录',27,'侯巍',7,'绞车运行日志及巡回检查记录','007','绞车运行日志及巡回检查记录','2015-01-04 01:36:09','准时','24','正常','IMG_20150103_233013.png',NULL,NULL),(18405,4,6,'绞车运行日志及巡回检查记录',27,'侯巍',7,'绞车运行日志及巡回检查记录','007','绞车运行日志及巡回检查记录','2015-01-04 02:38:09','准时','1','正常','IMG_20150103_233013.png',NULL,NULL),(18406,9,6,'绞车运行日志及巡回检查记录',27,'侯巍',7,'绞车运行日志及巡回检查记录','007','绞车运行日志及巡回检查记录','2015-01-04 03:29:06','准时','2','正常','IMG_20150103_233013.png',NULL,NULL),(18407,10,6,'绞车运行日志及巡回检查记录',27,'侯巍',7,'绞车运行日志及巡回检查记录','007','绞车运行日志及巡回检查记录','2015-01-04 04:28:08','准时','3','正常','IMG_20150103_233013.png',NULL,NULL),(18408,11,6,'绞车运行日志及巡回检查记录',27,'侯巍',7,'绞车运行日志及巡回检查记录','007','绞车运行日志及巡回检查记录','2015-01-04 05:29:05','准时','4','正常','IMG_20150103_233013.png',NULL,NULL),(18409,12,6,'绞车运行日志及巡回检查记录',27,'侯巍',7,'绞车运行日志及巡回检查记录','007','绞车运行日志及巡回检查记录','2015-01-04 06:31:05','准时','5','正常','IMG_20150103_233013.png',NULL,NULL),(18410,13,6,'绞车运行日志及巡回检查记录',6,'李健',7,'绞车运行日志及巡回检查记录','007','绞车运行日志及巡回检查记录','2015-01-04 07:55:11','准时','6','正常','IMG_20150104_075452.png',NULL,NULL),(18411,14,6,'绞车运行日志及巡回检查记录',6,'李健',7,'绞车运行日志及巡回检查记录','007','绞车运行日志及巡回检查记录','2015-01-04 08:46:10','准时','7','正常','IMG_20150104_143725.png',NULL,NULL),(18412,15,6,'绞车运行日志及巡回检查记录',6,'李健',7,'绞车运行日志及巡回检查记录','007','绞车运行日志及巡回检查记录','2015-01-04 09:44:12','准时','8','正常','IMG_20150104_143725.png',NULL,NULL),(18413,16,6,'绞车运行日志及巡回检查记录',6,'李健',7,'绞车运行日志及巡回检查记录','007','绞车运行日志及巡回检查记录','2015-01-04 10:42:18','准时','9','正常','IMG_20150104_143725.png',NULL,NULL),(18414,17,6,'绞车运行日志及巡回检查记录',6,'李健',7,'绞车运行日志及巡回检查记录','007','绞车运行日志及巡回检查记录','2015-01-04 11:41:11','准时','10','正常','IMG_20150104_143725.png',NULL,NULL),(18415,18,6,'绞车运行日志及巡回检查记录',6,'李健',7,'绞车运行日志及巡回检查记录','007','绞车运行日志及巡回检查记录','2015-01-04 12:40:07','准时','11','正常','IMG_20150104_143725.png',NULL,NULL),(18416,19,6,'绞车运行日志及巡回检查记录',6,'李健',7,'绞车运行日志及巡回检查记录','007','绞车运行日志及巡回检查记录','2015-01-04 13:39:23','准时','12','正常','IMG_20150104_143725.png',NULL,NULL),(18417,20,6,'绞车运行日志及巡回检查记录',6,'李健',7,'绞车运行日志及巡回检查记录','007','绞车运行日志及巡回检查记录','2015-01-04 14:51:29','准时','13','正常','IMG_20150104_145111.png',NULL,NULL),(18418,21,6,'绞车运行日志及巡回检查记录',5,'裴森',7,'绞车运行日志及巡回检查记录','007','绞车运行日志及巡回检查记录','2015-01-04 15:15:59','准时','14','正常','IMG_20150104_151538.png',NULL,NULL),(18419,22,6,'绞车运行日志及巡回检查记录',5,'裴森',7,'绞车运行日志及巡回检查记录','007','绞车运行日志及巡回检查记录','2015-01-04 16:30:20','准时','15','正常','IMG_20150104_151538.png',NULL,NULL),(18420,23,6,'绞车运行日志及巡回检查记录',5,'裴森',7,'绞车运行日志及巡回检查记录','007','绞车运行日志及巡回检查记录','2015-01-04 17:28:18','准时','16','正常','IMG_20150104_151538.png',NULL,NULL),(18421,24,6,'绞车运行日志及巡回检查记录',1,'管理员',7,'绞车运行日志及巡回检查记录','007','绞车运行日志及巡回检查记录','2015-01-04 18:00:00','漏巡','17','漏巡','',NULL,NULL),(18422,25,6,'绞车运行日志及巡回检查记录',5,'裴森',7,'绞车运行日志及巡回检查记录','007','绞车运行日志及巡回检查记录','2015-01-04 19:29:16','准时','18','正常','IMG_20150104_151538.png',NULL,NULL),(18423,26,6,'绞车运行日志及巡回检查记录',5,'裴森',7,'绞车运行日志及巡回检查记录','007','绞车运行日志及巡回检查记录','2015-01-04 20:28:57','准时','19','正常','IMG_20150104_151538.png',NULL,NULL),(18424,27,6,'绞车运行日志及巡回检查记录',5,'裴森',7,'绞车运行日志及巡回检查记录','007','绞车运行日志及巡回检查记录','2015-01-04 21:29:20','准时','20','正常','IMG_20150104_151538.png',NULL,NULL),(18425,28,6,'绞车运行日志及巡回检查记录',5,'裴森',7,'绞车运行日志及巡回检查记录','007','绞车运行日志及巡回检查记录','2015-01-04 22:31:07','准时','21','正常','IMG_20150104_151538.png',NULL,NULL),(18426,29,6,'绞车运行日志及巡回检查记录',31,'周进伟',7,'绞车运行日志及巡回检查记录','007','绞车运行日志及巡回检查记录','2015-01-04 23:31:38','准时','22','正常','IMG_20150104_233106.png',NULL,NULL),(18427,1,7,'提升机安全保护装置检查试验记录',22,'高义涛',2,'提升机安全保护装置','002','提升机安全保护装置','2015-01-05 06:51:56','准时','1','正常','IMG_20150105_065031.png','刘博',NULL),(18428,2,1,'多绳绞车钢丝绳查验记录',15,'牛利生',1,'多绳绞车钢丝绳','001','多绳绞车钢丝绳','2015-01-05 05:53:50','准时','1','正常','IMG_20150105_055227.png','杨磊',NULL),(18429,3,8,'车房电工定期维护检修记录',22,'高义涛',8,'车房电工定期维护检修记录','008','车房电工定期维护检修记录','2015-01-05 06:52:50','准时','1','正常','IMG_20150105_065031.png',NULL,NULL),(18430,5,5,'提升系统起重工周检',11,'耿鑫',3,'提升系统起重工周检','003','提升系统起重工周检','2015-01-11 06:31:37','准时','1','正常','IMG_20150111_062940.png',NULL,NULL),(18431,6,4,'提升系统钳工周检',18,'唐庆恩',6,'提升系统钳工周检','006','提升系统钳工周检','2015-01-07 05:02:47','准时','1','正常','IMG_20150107_045859.png',NULL,NULL),(18432,7,3,'提升系统钳工包机日检（二）',29,'葛宝满',5,'提升系统钳工包机日检（二）','005','提升系统钳工包机日检（二）','2015-01-05 06:21:57','准时','1','正常','IMG_20150105_062121.png',NULL,NULL),(18433,8,2,'提升系统钳工包机日检（一）',28,'吕志忠',4,'提升系统钳工包机日检（一）','004','提升系统钳工包机日检（一）','2015-01-05 05:27:57','准时','1','正常','IMG_20150105_052733.png',NULL,NULL),(18434,30,6,'绞车运行日志及巡回检查记录',31,'周进伟',7,'绞车运行日志及巡回检查记录','007','绞车运行日志及巡回检查记录','2015-01-05 00:34:16','准时','23','正常','IMG_20150104_233106.png',NULL,NULL),(18435,31,6,'绞车运行日志及巡回检查记录',31,'周进伟',7,'绞车运行日志及巡回检查记录','007','绞车运行日志及巡回检查记录','2015-01-05 01:36:06','准时','24','正常','IMG_20150104_233106.png',NULL,NULL),(18436,4,6,'绞车运行日志及巡回检查记录',31,'周进伟',7,'绞车运行日志及巡回检查记录','007','绞车运行日志及巡回检查记录','2015-01-05 02:30:21','准时','1','正常','IMG_20150104_233106.png',NULL,NULL),(18437,9,6,'绞车运行日志及巡回检查记录',31,'周进伟',7,'绞车运行日志及巡回检查记录','007','绞车运行日志及巡回检查记录','2015-01-05 03:32:12','准时','2','正常','IMG_20150104_233106.png',NULL,NULL),(18438,10,6,'绞车运行日志及巡回检查记录',31,'周进伟',7,'绞车运行日志及巡回检查记录','007','绞车运行日志及巡回检查记录','2015-01-05 04:34:11','准时','3','正常','IMG_20150104_233106.png',NULL,NULL),(18439,11,6,'绞车运行日志及巡回检查记录',31,'周进伟',7,'绞车运行日志及巡回检查记录','007','绞车运行日志及巡回检查记录','2015-01-05 05:33:12','准时','4','正常','IMG_20150104_233106.png',NULL,NULL),(18440,12,6,'绞车运行日志及巡回检查记录',31,'周进伟',7,'绞车运行日志及巡回检查记录','007','绞车运行日志及巡回检查记录','2015-01-05 06:35:08','准时','5','正常','IMG_20150104_233106.png',NULL,NULL),(18441,13,6,'绞车运行日志及巡回检查记录',24,'李乾',7,'绞车运行日志及巡回检查记录','007','绞车运行日志及巡回检查记录','2015-01-05 07:32:02','准时','6','正常','IMG_20150105_073151.png',NULL,NULL),(18442,14,6,'绞车运行日志及巡回检查记录',24,'李乾',7,'绞车运行日志及巡回检查记录','007','绞车运行日志及巡回检查记录','2015-01-05 08:21:12','准时','7','正常','IMG_20150105_075837.png',NULL,NULL),(18443,15,6,'绞车运行日志及巡回检查记录',24,'李乾',7,'绞车运行日志及巡回检查记录','007','绞车运行日志及巡回检查记录','2015-01-05 09:37:33','准时','8','正常','IMG_20150105_093718.png',NULL,NULL),(18444,16,6,'绞车运行日志及巡回检查记录',24,'李乾',7,'绞车运行日志及巡回检查记录','007','绞车运行日志及巡回检查记录','2015-01-05 10:37:44','准时','9','正常','IMG_20150105_093718.png',NULL,NULL),(18445,17,6,'绞车运行日志及巡回检查记录',1,'管理员',7,'绞车运行日志及巡回检查记录','007','绞车运行日志及巡回检查记录','2015-01-05 11:00:00','漏巡','10','漏巡','',NULL,NULL),(18446,18,6,'绞车运行日志及巡回检查记录',5,'裴森',7,'绞车运行日志及巡回检查记录','007','绞车运行日志及巡回检查记录','2015-01-05 12:38:21','准时','11','正常','IMG_20150105_123810.png',NULL,NULL),(18447,19,6,'绞车运行日志及巡回检查记录',24,'李乾',7,'绞车运行日志及巡回检查记录','007','绞车运行日志及巡回检查记录','2015-01-05 13:30:44','准时','12','正常','IMG_20150105_073151.png',NULL,NULL),(18448,20,6,'绞车运行日志及巡回检查记录',24,'李乾',7,'绞车运行日志及巡回检查记录','007','绞车运行日志及巡回检查记录','2015-01-05 14:45:12','准时','13','正常','IMG_20150105_093718.png',NULL,NULL),(18449,21,6,'绞车运行日志及巡回检查记录',5,'裴森',7,'绞车运行日志及巡回检查记录','007','绞车运行日志及巡回检查记录','2015-01-05 15:20:11','准时','14','正常','IMG_20150105_123810.png',NULL,NULL),(18450,22,6,'绞车运行日志及巡回检查记录',5,'裴森',7,'绞车运行日志及巡回检查记录','007','绞车运行日志及巡回检查记录','2015-01-05 16:22:13','准时','15','正常','IMG_20150105_123810.png',NULL,NULL),(18451,23,6,'绞车运行日志及巡回检查记录',5,'裴森',7,'绞车运行日志及巡回检查记录','007','绞车运行日志及巡回检查记录','2015-01-05 17:25:11','准时','16','正常','IMG_20150105_123810.png',NULL,NULL),(18452,24,6,'绞车运行日志及巡回检查记录',5,'裴森',7,'绞车运行日志及巡回检查记录','007','绞车运行日志及巡回检查记录','2015-01-05 18:27:14','准时','17','正常','IMG_20150105_123810.png',NULL,NULL),(18453,25,6,'绞车运行日志及巡回检查记录',5,'裴森',7,'绞车运行日志及巡回检查记录','007','绞车运行日志及巡回检查记录','2015-01-05 19:46:18','准时','18','正常','IMG_20150105_194603.png',NULL,NULL),(18454,26,6,'绞车运行日志及巡回检查记录',5,'裴森',7,'绞车运行日志及巡回检查记录','007','绞车运行日志及巡回检查记录','2015-01-05 20:29:48','准时','19','正常','IMG_20150105_194603.png',NULL,NULL),(18455,27,6,'绞车运行日志及巡回检查记录',5,'裴森',7,'绞车运行日志及巡回检查记录','007','绞车运行日志及巡回检查记录','2015-01-05 21:30:04','准时','20','正常','IMG_20150105_212938.png',NULL,NULL),(18456,28,6,'绞车运行日志及巡回检查记录',5,'裴森',7,'绞车运行日志及巡回检查记录','007','绞车运行日志及巡回检查记录','2015-01-05 22:25:17','准时','21','正常','IMG_20150105_212938.png',NULL,NULL),(18457,29,6,'绞车运行日志及巡回检查记录',1,'管理员',7,'绞车运行日志及巡回检查记录','007','绞车运行日志及巡回检查记录','2015-01-05 23:00:00','漏巡','22','漏巡','',NULL,NULL),(18458,1,7,'提升机安全保护装置检查试验记录',20,'郁奇峰',2,'提升机安全保护装置','002','提升机安全保护装置','2015-01-06 06:54:28','准时','1','正常','IMG_20150106_065338.png','刘博',NULL),(18459,2,1,'多绳绞车钢丝绳查验记录',14,'刘鹏',1,'多绳绞车钢丝绳','001','多绳绞车钢丝绳','2015-01-06 05:02:45','准时','1','正常','IMG_20150106_050201.png','郑威',NULL),(18460,3,8,'车房电工定期维护检修记录',20,'郁奇峰',8,'车房电工定期维护检修记录','008','车房电工定期维护检修记录','2015-01-06 06:55:34','准时','1','正常','IMG_20150106_065338.png',NULL,NULL),(18461,7,3,'提升系统钳工包机日检（二）',29,'葛宝满',5,'提升系统钳工包机日检（二）','005','提升系统钳工包机日检（二）','2015-01-06 05:08:46','准时','1','正常','IMG_20150106_050753.png',NULL,NULL),(18462,8,2,'提升系统钳工包机日检（一）',18,'唐庆恩',4,'提升系统钳工包机日检（一）','004','提升系统钳工包机日检（一）','2015-01-06 05:14:28','准时','1','正常','IMG_20150106_051346.png',NULL,NULL),(18463,30,6,'绞车运行日志及巡回检查记录',26,'苑成智',7,'绞车运行日志及巡回检查记录','007','绞车运行日志及巡回检查记录','2015-01-06 00:26:17','准时','23','正常','IMG_20150106_062259.png',NULL,NULL),(18464,31,6,'绞车运行日志及巡回检查记录',26,'苑成智',7,'绞车运行日志及巡回检查记录','007','绞车运行日志及巡回检查记录','2015-01-06 01:27:10','准时','24','正常','IMG_20150106_062259.png',NULL,NULL),(18465,4,6,'绞车运行日志及巡回检查记录',26,'苑成智',7,'绞车运行日志及巡回检查记录','007','绞车运行日志及巡回检查记录','2015-01-06 02:33:35','准时','1','正常','IMG_20150106_062259.png',NULL,NULL),(18466,9,6,'绞车运行日志及巡回检查记录',26,'苑成智',7,'绞车运行日志及巡回检查记录','007','绞车运行日志及巡回检查记录','2015-01-06 03:35:14','准时','2','正常','IMG_20150106_062259.png',NULL,NULL),(18467,10,6,'绞车运行日志及巡回检查记录',26,'苑成智',7,'绞车运行日志及巡回检查记录','007','绞车运行日志及巡回检查记录','2015-01-06 04:37:14','准时','3','正常','IMG_20150106_062259.png',NULL,NULL),(18468,11,6,'绞车运行日志及巡回检查记录',26,'苑成智',7,'绞车运行日志及巡回检查记录','007','绞车运行日志及巡回检查记录','2015-01-06 05:39:12','准时','4','正常','IMG_20150106_062259.png',NULL,NULL),(18469,13,6,'绞车运行日志及巡回检查记录',6,'李健',7,'绞车运行日志及巡回检查记录','007','绞车运行日志及巡回检查记录','2015-01-06 07:36:59','准时','6','正常','IMG_20150106_073633.png',NULL,NULL),(18470,12,6,'绞车运行日志及巡回检查记录',26,'苑成智',7,'绞车运行日志及巡回检查记录','007','绞车运行日志及巡回检查记录','2015-01-06 06:40:24','准时','5','正常','IMG_20150106_062259.png',NULL,NULL),(18471,14,6,'绞车运行日志及巡回检查记录',24,'李乾',7,'绞车运行日志及巡回检查记录','007','绞车运行日志及巡回检查记录','2015-01-06 08:35:15','准时','7','正常','IMG_20150106_123214.png',NULL,NULL),(18472,15,6,'绞车运行日志及巡回检查记录',24,'李乾',7,'绞车运行日志及巡回检查记录','007','绞车运行日志及巡回检查记录','2015-01-06 09:41:40','准时','8','正常','IMG_20150106_123214.png',NULL,NULL),(18473,16,6,'绞车运行日志及巡回检查记录',1,'管理员',7,'绞车运行日志及巡回检查记录','007','绞车运行日志及巡回检查记录','2015-01-06 10:00:00','漏巡','9','漏巡','',NULL,NULL),(18474,17,6,'绞车运行日志及巡回检查记录',24,'李乾',7,'绞车运行日志及巡回检查记录','007','绞车运行日志及巡回检查记录','2015-01-06 11:33:15','准时','10','正常','IMG_20150106_123214.png',NULL,NULL),(18475,18,6,'绞车运行日志及巡回检查记录',24,'李乾',7,'绞车运行日志及巡回检查记录','007','绞车运行日志及巡回检查记录','2015-01-06 12:32:38','准时','11','正常','IMG_20150106_123214.png',NULL,NULL),(18476,19,6,'绞车运行日志及巡回检查记录',24,'李乾',7,'绞车运行日志及巡回检查记录','007','绞车运行日志及巡回检查记录','2015-01-06 13:29:48','准时','12','正常','IMG_20150106_123214.png',NULL,NULL),(18477,20,6,'绞车运行日志及巡回检查记录',24,'李乾',7,'绞车运行日志及巡回检查记录','007','绞车运行日志及巡回检查记录','2015-01-06 14:33:41','准时','13','正常','IMG_20150106_143327.png',NULL,NULL),(18478,21,6,'绞车运行日志及巡回检查记录',5,'裴森',7,'绞车运行日志及巡回检查记录','007','绞车运行日志及巡回检查记录','2015-01-06 15:19:38','准时','14','正常','IMG_20150106_151911.png',NULL,NULL),(18479,22,6,'绞车运行日志及巡回检查记录',5,'裴森',7,'绞车运行日志及巡回检查记录','007','绞车运行日志及巡回检查记录','2015-01-06 16:21:06','准时','15','正常','IMG_20150106_151911.png',NULL,NULL),(18480,23,6,'绞车运行日志及巡回检查记录',5,'裴森',7,'绞车运行日志及巡回检查记录','007','绞车运行日志及巡回检查记录','2015-01-06 17:22:22','准时','16','正常','IMG_20150106_151911.png',NULL,NULL),(18481,24,6,'绞车运行日志及巡回检查记录',5,'裴森',7,'绞车运行日志及巡回检查记录','007','绞车运行日志及巡回检查记录','2015-01-06 18:24:06','准时','17','正常','IMG_20150106_151911.png',NULL,NULL),(18482,25,6,'绞车运行日志及巡回检查记录',5,'裴森',7,'绞车运行日志及巡回检查记录','007','绞车运行日志及巡回检查记录','2015-01-06 19:26:06','准时','18','正常','IMG_20150106_151911.png',NULL,NULL),(18483,26,6,'绞车运行日志及巡回检查记录',5,'裴森',7,'绞车运行日志及巡回检查记录','007','绞车运行日志及巡回检查记录','2015-01-06 20:27:09','准时','19','正常','IMG_20150106_151911.png',NULL,NULL),(18484,27,6,'绞车运行日志及巡回检查记录',5,'裴森',7,'绞车运行日志及巡回检查记录','007','绞车运行日志及巡回检查记录','2015-01-06 21:29:08','准时','20','正常','IMG_20150106_151911.png',NULL,NULL),(18485,28,6,'绞车运行日志及巡回检查记录',5,'裴森',7,'绞车运行日志及巡回检查记录','007','绞车运行日志及巡回检查记录','2015-01-06 22:30:08','准时','21','正常','IMG_20150106_151911.png',NULL,NULL),(18486,29,6,'绞车运行日志及巡回检查记录',27,'侯巍',7,'绞车运行日志及巡回检查记录','007','绞车运行日志及巡回检查记录','2015-01-06 23:32:08','准时','22','正常','IMG_20150107_070654.png',NULL,NULL),(18487,1,7,'提升机安全保护装置检查试验记录',21,'石磊',2,'提升机安全保护装置','002','提升机安全保护装置','2015-01-07 06:29:34','准时','1','正常','IMG_20150107_062856.png','王春青',NULL),(18488,2,1,'多绳绞车钢丝绳查验记录',11,'耿鑫',1,'多绳绞车钢丝绳','001','多绳绞车钢丝绳','2015-01-07 06:44:15','准时','1','正常','IMG_20150107_064322.png','孟志坚',NULL),(18489,3,8,'车房电工定期维护检修记录',21,'石磊',8,'车房电工定期维护检修记录','008','车房电工定期维护检修记录','2015-01-07 06:30:30','准时','1','正常','IMG_20150107_063018.png',NULL,NULL),(18490,7,3,'提升系统钳工包机日检（二）',29,'葛宝满',5,'提升系统钳工包机日检（二）','005','提升系统钳工包机日检（二）','2015-01-07 06:13:52','准时','1','正常','IMG_20150107_061256.png',NULL,NULL),(18491,8,2,'提升系统钳工包机日检（一）',18,'唐庆恩',4,'提升系统钳工包机日检（一）','004','提升系统钳工包机日检（一）','2015-01-07 05:00:02','准时','1','正常','IMG_20150107_045859.png',NULL,NULL),(18492,30,6,'绞车运行日志及巡回检查记录',26,'苑成智',7,'绞车运行日志及巡回检查记录','007','绞车运行日志及巡回检查记录','2015-01-07 00:13:07','准时','23','正常','IMG_20150107_231113.png',NULL,NULL),(18493,31,6,'绞车运行日志及巡回检查记录',26,'苑成智',7,'绞车运行日志及巡回检查记录','007','绞车运行日志及巡回检查记录','2015-01-07 01:15:13','准时','24','正常','IMG_20150107_231113.png',NULL,NULL),(18494,4,6,'绞车运行日志及巡回检查记录',27,'侯巍',7,'绞车运行日志及巡回检查记录','007','绞车运行日志及巡回检查记录','2015-01-07 02:37:08','准时','1','正常','IMG_20150107_070654.png',NULL,NULL),(18495,9,6,'绞车运行日志及巡回检查记录',26,'苑成智',7,'绞车运行日志及巡回检查记录','007','绞车运行日志及巡回检查记录','2015-01-07 03:18:14','准时','2','正常','IMG_20150107_231113.png',NULL,NULL),(18496,10,6,'绞车运行日志及巡回检查记录',26,'苑成智',7,'绞车运行日志及巡回检查记录','007','绞车运行日志及巡回检查记录','2015-01-07 04:20:08','准时','3','正常','IMG_20150107_231113.png',NULL,NULL),(18497,11,6,'绞车运行日志及巡回检查记录',26,'苑成智',7,'绞车运行日志及巡回检查记录','007','绞车运行日志及巡回检查记录','2015-01-07 05:22:10','准时','4','正常','IMG_20150107_231113.png',NULL,NULL),(18498,12,6,'绞车运行日志及巡回检查记录',26,'苑成智',7,'绞车运行日志及巡回检查记录','007','绞车运行日志及巡回检查记录','2015-01-07 06:24:08','准时','5','正常','IMG_20150107_231113.png',NULL,NULL),(18499,13,6,'绞车运行日志及巡回检查记录',24,'李乾',7,'绞车运行日志及巡回检查记录','007','绞车运行日志及巡回检查记录','2015-01-07 07:38:15','准时','6','正常','IMG_20150107_073311.png',NULL,NULL),(18500,14,6,'绞车运行日志及巡回检查记录',24,'李乾',7,'绞车运行日志及巡回检查记录','007','绞车运行日志及巡回检查记录','2015-01-07 08:25:42','准时','7','正常','IMG_20150107_082525.png',NULL,NULL),(18501,15,6,'绞车运行日志及巡回检查记录',24,'李乾',7,'绞车运行日志及巡回检查记录','007','绞车运行日志及巡回检查记录','2015-01-07 09:32:13','准时','8','正常','IMG_20150107_073311.png',NULL,NULL),(18502,16,6,'绞车运行日志及巡回检查记录',24,'李乾',7,'绞车运行日志及巡回检查记录','007','绞车运行日志及巡回检查记录','2015-01-07 10:34:05','准时','9','正常','IMG_20150107_073311.png',NULL,NULL),(18503,17,6,'绞车运行日志及巡回检查记录',24,'李乾',7,'绞车运行日志及巡回检查记录','007','绞车运行日志及巡回检查记录','2015-01-07 11:40:00','准时','10','正常','IMG_20150107_073311.png',NULL,NULL),(18504,18,6,'绞车运行日志及巡回检查记录',24,'李乾',7,'绞车运行日志及巡回检查记录','007','绞车运行日志及巡回检查记录','2015-01-07 12:28:06','准时','11','正常','IMG_20150107_082525.png',NULL,NULL),(18505,19,6,'绞车运行日志及巡回检查记录',6,'李健',7,'绞车运行日志及巡回检查记录','007','绞车运行日志及巡回检查记录','2015-01-07 13:19:31','准时','12','正常','IMG_20150107_131920.png',NULL,NULL),(18506,20,6,'绞车运行日志及巡回检查记录',6,'李健',7,'绞车运行日志及巡回检查记录','007','绞车运行日志及巡回检查记录','2015-01-07 14:15:03','准时','13','正常','IMG_20150107_141445.png',NULL,NULL),(18507,21,6,'绞车运行日志及巡回检查记录',5,'裴森',7,'绞车运行日志及巡回检查记录','007','绞车运行日志及巡回检查记录','2015-01-07 15:23:20','准时','14','正常','IMG_20150107_152256.png',NULL,NULL),(18508,22,6,'绞车运行日志及巡回检查记录',5,'裴森',7,'绞车运行日志及巡回检查记录','007','绞车运行日志及巡回检查记录','2015-01-07 16:20:34','准时','15','正常','IMG_20150107_152256.png',NULL,NULL),(18509,23,6,'绞车运行日志及巡回检查记录',5,'裴森',7,'绞车运行日志及巡回检查记录','007','绞车运行日志及巡回检查记录','2015-01-07 17:11:11','准时','16','正常','IMG_20150107_152256.png',NULL,NULL),(18510,24,6,'绞车运行日志及巡回检查记录',5,'裴森',7,'绞车运行日志及巡回检查记录','007','绞车运行日志及巡回检查记录','2015-01-07 18:12:08','准时','17','正常','IMG_20150107_152256.png',NULL,NULL),(18511,25,6,'绞车运行日志及巡回检查记录',5,'裴森',7,'绞车运行日志及巡回检查记录','007','绞车运行日志及巡回检查记录','2015-01-07 19:13:09','准时','18','正常','IMG_20150107_152256.png',NULL,NULL),(18512,26,6,'绞车运行日志及巡回检查记录',5,'裴森',7,'绞车运行日志及巡回检查记录','007','绞车运行日志及巡回检查记录','2015-01-07 20:14:06','准时','19','正常','IMG_20150107_152256.png',NULL,NULL),(18513,27,6,'绞车运行日志及巡回检查记录',5,'裴森',7,'绞车运行日志及巡回检查记录','007','绞车运行日志及巡回检查记录','2015-01-07 21:09:14','准时','20','正常','IMG_20150107_152256.png',NULL,NULL),(18514,28,6,'绞车运行日志及巡回检查记录',5,'裴森',7,'绞车运行日志及巡回检查记录','007','绞车运行日志及巡回检查记录','2015-01-07 22:24:10','准时','21','正常','IMG_20150107_152256.png',NULL,NULL),(18515,29,6,'绞车运行日志及巡回检查记录',26,'苑成智',7,'绞车运行日志及巡回检查记录','007','绞车运行日志及巡回检查记录','2015-01-07 23:11:45','准时','22','正常','IMG_20150107_231113.png',NULL,NULL),(18516,1,7,'提升机安全保护装置检查试验记录',22,'高义涛',2,'提升机安全保护装置','002','提升机安全保护装置','2015-01-08 06:57:42','准时','1','正常','IMG_20150108_065618.png','刘超',NULL),(18517,2,1,'多绳绞车钢丝绳查验记录',14,'刘鹏',1,'多绳绞车钢丝绳','001','多绳绞车钢丝绳','2015-01-08 05:51:01','准时','1','正常','IMG_20150108_053001.png','刘超',NULL),(18518,3,8,'车房电工定期维护检修记录',22,'高义涛',8,'车房电工定期维护检修记录','008','车房电工定期维护检修记录','2015-01-08 06:58:18','准时','1','正常','IMG_20150108_065618.png',NULL,NULL),(18519,7,3,'提升系统钳工包机日检（二）',29,'葛宝满',5,'提升系统钳工包机日检（二）','005','提升系统钳工包机日检（二）','2015-01-08 06:09:03','准时','1','正常','IMG_20150108_060806.png',NULL,NULL),(18520,8,2,'提升系统钳工包机日检（一）',18,'唐庆恩',4,'提升系统钳工包机日检（一）','004','提升系统钳工包机日检（一）','2015-01-08 06:12:45','准时','1','正常','IMG_20150108_061215.png',NULL,NULL),(18521,30,6,'绞车运行日志及巡回检查记录',1,'管理员',7,'绞车运行日志及巡回检查记录','007','绞车运行日志及巡回检查记录','2015-01-08 00:00:00','漏巡','23','漏巡','',NULL,NULL),(18522,31,6,'绞车运行日志及巡回检查记录',26,'苑成智',7,'绞车运行日志及巡回检查记录','007','绞车运行日志及巡回检查记录','2015-01-08 01:30:11','准时','24','正常','IMG_20150107_231113.png',NULL,NULL),(18523,4,6,'绞车运行日志及巡回检查记录',26,'苑成智',7,'绞车运行日志及巡回检查记录','007','绞车运行日志及巡回检查记录','2015-01-08 02:31:05','准时','1','正常','IMG_20150107_231113.png',NULL,NULL),(18524,9,6,'绞车运行日志及巡回检查记录',26,'苑成智',7,'绞车运行日志及巡回检查记录','007','绞车运行日志及巡回检查记录','2015-01-08 03:32:07','准时','2','正常','IMG_20150107_231113.png',NULL,NULL),(18525,10,6,'绞车运行日志及巡回检查记录',26,'苑成智',7,'绞车运行日志及巡回检查记录','007','绞车运行日志及巡回检查记录','2015-01-08 04:35:46','准时','3','正常','IMG_20150107_231113.png',NULL,NULL),(18526,11,6,'绞车运行日志及巡回检查记录',26,'苑成智',7,'绞车运行日志及巡回检查记录','007','绞车运行日志及巡回检查记录','2015-01-08 05:37:10','准时','4','正常','IMG_20150107_231113.png',NULL,NULL),(18527,12,6,'绞车运行日志及巡回检查记录',26,'苑成智',7,'绞车运行日志及巡回检查记录','007','绞车运行日志及巡回检查记录','2015-01-08 06:38:09','准时','5','正常','IMG_20150107_231113.png',NULL,NULL),(18528,13,6,'绞车运行日志及巡回检查记录',24,'李乾',7,'绞车运行日志及巡回检查记录','007','绞车运行日志及巡回检查记录','2015-01-08 07:34:40','准时','6','正常','IMG_20150108_073422.png',NULL,NULL),(18529,14,6,'绞车运行日志及巡回检查记录',6,'李健',7,'绞车运行日志及巡回检查记录','007','绞车运行日志及巡回检查记录','2015-01-08 08:34:19','准时','7','正常','IMG_20150108_083402.png',NULL,NULL),(18530,15,6,'绞车运行日志及巡回检查记录',6,'李健',7,'绞车运行日志及巡回检查记录','007','绞车运行日志及巡回检查记录','2015-01-08 09:22:33','准时','8','正常','IMG_20150108_092212.png',NULL,NULL),(18531,16,6,'绞车运行日志及巡回检查记录',6,'李健',7,'绞车运行日志及巡回检查记录','007','绞车运行日志及巡回检查记录','2015-01-08 10:46:19','准时','9','正常','IMG_20150108_104607.png',NULL,NULL),(18532,17,6,'绞车运行日志及巡回检查记录',1,'管理员',7,'绞车运行日志及巡回检查记录','007','绞车运行日志及巡回检查记录','2015-01-08 11:00:00','漏巡','10','漏巡','',NULL,NULL),(18533,18,6,'绞车运行日志及巡回检查记录',24,'李乾',7,'绞车运行日志及巡回检查记录','007','绞车运行日志及巡回检查记录','2015-01-08 12:36:06','准时','11','正常','IMG_20150108_113626.png',NULL,NULL),(18534,19,6,'绞车运行日志及巡回检查记录',24,'李乾',7,'绞车运行日志及巡回检查记录','007','绞车运行日志及巡回检查记录','2015-01-08 13:23:50','准时','12','正常','IMG_20150108_132338.png',NULL,NULL),(18535,20,6,'绞车运行日志及巡回检查记录',24,'李乾',7,'绞车运行日志及巡回检查记录','007','绞车运行日志及巡回检查记录','2015-01-08 14:16:42','准时','13','正常','IMG_20150108_141626.png',NULL,NULL),(18536,21,6,'绞车运行日志及巡回检查记录',24,'李乾',7,'绞车运行日志及巡回检查记录','007','绞车运行日志及巡回检查记录','2015-01-08 15:48:20','准时','14','正常','IMG_20150108_154802.png',NULL,NULL),(18537,22,6,'绞车运行日志及巡回检查记录',1,'管理员',7,'绞车运行日志及巡回检查记录','007','绞车运行日志及巡回检查记录','2015-01-08 16:00:00','漏巡','15','漏巡','',NULL,NULL),(18538,23,6,'绞车运行日志及巡回检查记录',5,'裴森',7,'绞车运行日志及巡回检查记录','007','绞车运行日志及巡回检查记录','2015-01-08 17:15:30','准时','16','正常','IMG_20150108_221513.png',NULL,NULL),(18539,24,6,'绞车运行日志及巡回检查记录',5,'裴森',7,'绞车运行日志及巡回检查记录','007','绞车运行日志及巡回检查记录','2015-01-08 18:21:12','准时','17','正常','IMG_20150108_221513.png',NULL,NULL),(18540,25,6,'绞车运行日志及巡回检查记录',5,'裴森',7,'绞车运行日志及巡回检查记录','007','绞车运行日志及巡回检查记录','2015-01-08 19:22:21','准时','18','正常','IMG_20150108_221513.png',NULL,NULL),(18541,26,6,'绞车运行日志及巡回检查记录',5,'裴森',7,'绞车运行日志及巡回检查记录','007','绞车运行日志及巡回检查记录','2015-01-08 20:21:14','准时','19','正常','IMG_20150108_221513.png',NULL,NULL),(18542,27,6,'绞车运行日志及巡回检查记录',5,'裴森',7,'绞车运行日志及巡回检查记录','007','绞车运行日志及巡回检查记录','2015-01-08 21:28:07','准时','20','正常','IMG_20150108_221513.png',NULL,NULL),(18543,28,6,'绞车运行日志及巡回检查记录',5,'裴森',7,'绞车运行日志及巡回检查记录','007','绞车运行日志及巡回检查记录','2015-01-08 22:30:05','准时','21','正常','IMG_20150108_221513.png',NULL,NULL),(18544,29,6,'绞车运行日志及巡回检查记录',31,'周进伟',7,'绞车运行日志及巡回检查记录','007','绞车运行日志及巡回检查记录','2015-01-08 23:30:17','准时','22','正常','IMG_20150108_233006.png',NULL,NULL),(18545,1,7,'提升机安全保护装置检查试验记录',20,'郁奇峰',2,'提升机安全保护装置','002','提升机安全保护装置','2015-01-09 06:44:01','准时','1','正常','IMG_20150109_064330.png','刘博',NULL),(18546,2,1,'多绳绞车钢丝绳查验记录',14,'刘鹏',1,'多绳绞车钢丝绳','001','多绳绞车钢丝绳','2015-01-09 05:06:51','准时','1','正常','IMG_20150109_050611.png','刘博',NULL),(18547,3,8,'车房电工定期维护检修记录',20,'郁奇峰',8,'车房电工定期维护检修记录','008','车房电工定期维护检修记录','2015-01-09 06:45:22','准时','1','正常','IMG_20150109_064330.png',NULL,NULL),(18548,7,3,'提升系统钳工包机日检（二）',14,'刘鹏',5,'提升系统钳工包机日检（二）','005','提升系统钳工包机日检（二）','2015-01-09 05:26:53','准时','1','正常','IMG_20150109_052614.png',NULL,NULL),(18549,8,2,'提升系统钳工包机日检（一）',18,'唐庆恩',4,'提升系统钳工包机日检（一）','004','提升系统钳工包机日检（一）','2015-01-09 05:51:38','准时','1','正常','IMG_20150109_055052.png',NULL,NULL),(18550,30,6,'绞车运行日志及巡回检查记录',31,'周进伟',7,'绞车运行日志及巡回检查记录','007','绞车运行日志及巡回检查记录','2015-01-09 00:33:09','准时','23','正常','IMG_20150108_233006.png',NULL,NULL),(18551,31,6,'绞车运行日志及巡回检查记录',31,'周进伟',7,'绞车运行日志及巡回检查记录','007','绞车运行日志及巡回检查记录','2015-01-09 01:34:29','准时','24','正常','IMG_20150108_233006.png',NULL,NULL),(18552,4,6,'绞车运行日志及巡回检查记录',31,'周进伟',7,'绞车运行日志及巡回检查记录','007','绞车运行日志及巡回检查记录','2015-01-09 02:38:22','准时','1','正常','IMG_20150108_233006.png',NULL,NULL),(18553,9,6,'绞车运行日志及巡回检查记录',31,'周进伟',7,'绞车运行日志及巡回检查记录','007','绞车运行日志及巡回检查记录','2015-01-09 03:33:07','准时','2','正常','IMG_20150108_233006.png',NULL,NULL),(18554,10,6,'绞车运行日志及巡回检查记录',31,'周进伟',7,'绞车运行日志及巡回检查记录','007','绞车运行日志及巡回检查记录','2015-01-09 04:35:05','准时','3','正常','IMG_20150108_233006.png',NULL,NULL),(18555,11,6,'绞车运行日志及巡回检查记录',31,'周进伟',7,'绞车运行日志及巡回检查记录','007','绞车运行日志及巡回检查记录','2015-01-09 05:36:31','准时','4','正常','IMG_20150108_233006.png',NULL,NULL),(18556,12,6,'绞车运行日志及巡回检查记录',31,'周进伟',7,'绞车运行日志及巡回检查记录','007','绞车运行日志及巡回检查记录','2015-01-09 06:33:09','准时','5','正常','IMG_20150108_233006.png',NULL,NULL),(18557,13,6,'绞车运行日志及巡回检查记录',24,'李乾',7,'绞车运行日志及巡回检查记录','007','绞车运行日志及巡回检查记录','2015-01-09 07:39:04','准时','6','正常','IMG_20150109_083406.png',NULL,NULL),(18558,14,6,'绞车运行日志及巡回检查记录',24,'李乾',7,'绞车运行日志及巡回检查记录','007','绞车运行日志及巡回检查记录','2015-01-09 08:34:27','准时','7','正常','IMG_20150109_083406.png',NULL,NULL),(18559,15,6,'绞车运行日志及巡回检查记录',24,'李乾',7,'绞车运行日志及巡回检查记录','007','绞车运行日志及巡回检查记录','2015-01-09 09:36:31','准时','8','正常','IMG_20150109_083406.png',NULL,NULL),(18560,16,6,'绞车运行日志及巡回检查记录',24,'李乾',7,'绞车运行日志及巡回检查记录','007','绞车运行日志及巡回检查记录','2015-01-09 10:35:33','准时','9','正常','IMG_20150109_083406.png',NULL,NULL),(18561,17,6,'绞车运行日志及巡回检查记录',24,'李乾',7,'绞车运行日志及巡回检查记录','007','绞车运行日志及巡回检查记录','2015-01-09 11:42:51','准时','10','正常','IMG_20150109_114221.png',NULL,NULL),(18562,18,6,'绞车运行日志及巡回检查记录',24,'李乾',7,'绞车运行日志及巡回检查记录','007','绞车运行日志及巡回检查记录','2015-01-09 12:10:12','准时','11','正常','IMG_20150109_083406.png',NULL,NULL),(18563,19,6,'绞车运行日志及巡回检查记录',24,'李乾',7,'绞车运行日志及巡回检查记录','007','绞车运行日志及巡回检查记录','2015-01-09 13:31:10','准时','12','正常','IMG_20150109_142829.png',NULL,NULL),(18564,20,6,'绞车运行日志及巡回检查记录',24,'李乾',7,'绞车运行日志及巡回检查记录','007','绞车运行日志及巡回检查记录','2015-01-09 14:28:43','准时','13','正常','IMG_20150109_142829.png',NULL,NULL),(18565,21,6,'绞车运行日志及巡回检查记录',24,'李乾',7,'绞车运行日志及巡回检查记录','007','绞车运行日志及巡回检查记录','2015-01-09 15:06:21','准时','14','正常','IMG_20150109_180532.png',NULL,NULL),(18566,22,6,'绞车运行日志及巡回检查记录',30,'张炳杰',7,'绞车运行日志及巡回检查记录','007','绞车运行日志及巡回检查记录','2015-01-09 16:09:45','准时','15','正常','IMG_20150109_160908.png',NULL,NULL),(18567,23,6,'绞车运行日志及巡回检查记录',30,'张炳杰',7,'绞车运行日志及巡回检查记录','007','绞车运行日志及巡回检查记录','2015-01-09 17:11:10','准时','16','正常','IMG_20150109_160908.png',NULL,NULL),(18568,24,6,'绞车运行日志及巡回检查记录',30,'张炳杰',7,'绞车运行日志及巡回检查记录','007','绞车运行日志及巡回检查记录','2015-01-09 18:12:07','准时','17','正常','IMG_20150109_160908.png',NULL,NULL),(18569,25,6,'绞车运行日志及巡回检查记录',30,'张炳杰',7,'绞车运行日志及巡回检查记录','007','绞车运行日志及巡回检查记录','2015-01-09 19:13:07','准时','18','正常','IMG_20150109_160908.png',NULL,NULL),(18570,26,6,'绞车运行日志及巡回检查记录',30,'张炳杰',7,'绞车运行日志及巡回检查记录','007','绞车运行日志及巡回检查记录','2015-01-09 20:14:07','准时','19','正常','IMG_20150109_160908.png',NULL,NULL),(18571,27,6,'绞车运行日志及巡回检查记录',30,'张炳杰',7,'绞车运行日志及巡回检查记录','007','绞车运行日志及巡回检查记录','2015-01-09 21:15:04','准时','20','正常','IMG_20150109_160908.png',NULL,NULL),(18572,28,6,'绞车运行日志及巡回检查记录',30,'张炳杰',7,'绞车运行日志及巡回检查记录','007','绞车运行日志及巡回检查记录','2015-01-09 22:17:10','准时','21','正常','IMG_20150109_160908.png',NULL,NULL),(18573,29,6,'绞车运行日志及巡回检查记录',26,'苑成智',7,'绞车运行日志及巡回检查记录','007','绞车运行日志及巡回检查记录','2015-01-09 23:32:32','准时','22','正常','IMG_20150109_233202.png',NULL,NULL),(18574,1,7,'提升机安全保护装置检查试验记录',21,'石磊',2,'提升机安全保护装置','002','提升机安全保护装置','2015-01-10 07:11:58','准时','1','正常','IMG_20150110_071132.png','杨磊',NULL),(18575,2,1,'多绳绞车钢丝绳查验记录',1,'管理员',1,'多绳绞车钢丝绳','001','多绳绞车钢丝绳','2015-01-10 00:00:00','漏巡','1','漏巡','',NULL,NULL),(18576,3,8,'车房电工定期维护检修记录',21,'石磊',8,'车房电工定期维护检修记录','008','车房电工定期维护检修记录','2015-01-10 07:12:53','准时','1','正常','IMG_20150110_071132.png',NULL,NULL),(18577,7,3,'提升系统钳工包机日检（二）',17,'刘金伟',5,'提升系统钳工包机日检（二）','005','提升系统钳工包机日检（二）','2015-01-10 05:32:06','准时','1','正常','IMG_20150110_053053.png',NULL,NULL),(18578,8,2,'提升系统钳工包机日检（一）',28,'吕志忠',4,'提升系统钳工包机日检（一）','004','提升系统钳工包机日检（一）','2015-01-10 05:37:50','准时','1','正常','IMG_20150110_053715.png',NULL,NULL),(18579,30,6,'绞车运行日志及巡回检查记录',26,'苑成智',7,'绞车运行日志及巡回检查记录','007','绞车运行日志及巡回检查记录','2015-01-10 00:32:43','准时','23','正常','IMG_20150110_063131.png',NULL,NULL),(18580,31,6,'绞车运行日志及巡回检查记录',26,'苑成智',7,'绞车运行日志及巡回检查记录','007','绞车运行日志及巡回检查记录','2015-01-10 01:36:56','准时','24','正常','IMG_20150110_063131.png',NULL,NULL),(18581,4,6,'绞车运行日志及巡回检查记录',26,'苑成智',7,'绞车运行日志及巡回检查记录','007','绞车运行日志及巡回检查记录','2015-01-10 02:31:10','准时','1','正常','IMG_20150110_063131.png',NULL,NULL),(18582,9,6,'绞车运行日志及巡回检查记录',26,'苑成智',7,'绞车运行日志及巡回检查记录','007','绞车运行日志及巡回检查记录','2015-01-10 03:33:04','准时','2','正常','IMG_20150110_063131.png',NULL,NULL),(18583,10,6,'绞车运行日志及巡回检查记录',26,'苑成智',7,'绞车运行日志及巡回检查记录','007','绞车运行日志及巡回检查记录','2015-01-10 04:35:10','准时','3','正常','IMG_20150110_063131.png',NULL,NULL),(18584,11,6,'绞车运行日志及巡回检查记录',26,'苑成智',7,'绞车运行日志及巡回检查记录','007','绞车运行日志及巡回检查记录','2015-01-10 05:36:12','准时','4','正常','IMG_20150110_063131.png',NULL,NULL),(18585,12,6,'绞车运行日志及巡回检查记录',26,'苑成智',7,'绞车运行日志及巡回检查记录','007','绞车运行日志及巡回检查记录','2015-01-10 06:34:11','准时','5','正常','IMG_20150110_063131.png',NULL,NULL),(18586,13,6,'绞车运行日志及巡回检查记录',6,'李健',7,'绞车运行日志及巡回检查记录','007','绞车运行日志及巡回检查记录','2015-01-10 07:58:09','准时','6','正常','IMG_20150110_125555.png',NULL,NULL),(18587,14,6,'绞车运行日志及巡回检查记录',6,'李健',7,'绞车运行日志及巡回检查记录','007','绞车运行日志及巡回检查记录','2015-01-10 08:01:32','准时','7','正常','IMG_20150110_125555.png',NULL,NULL),(18588,15,6,'绞车运行日志及巡回检查记录',6,'李健',7,'绞车运行日志及巡回检查记录','007','绞车运行日志及巡回检查记录','2015-01-10 09:03:15','准时','8','正常','IMG_20150110_090304.png',NULL,NULL),(18589,16,6,'绞车运行日志及巡回检查记录',6,'李健',7,'绞车运行日志及巡回检查记录','007','绞车运行日志及巡回检查记录','2015-01-10 10:04:20','准时','9','正常','IMG_20150110_100408.png',NULL,NULL),(18590,17,6,'绞车运行日志及巡回检查记录',6,'李健',7,'绞车运行日志及巡回检查记录','007','绞车运行日志及巡回检查记录','2015-01-10 11:06:15','准时','10','正常','IMG_20150110_100408.png',NULL,NULL),(18591,18,6,'绞车运行日志及巡回检查记录',6,'李健',7,'绞车运行日志及巡回检查记录','007','绞车运行日志及巡回检查记录','2015-01-10 12:56:17','准时','11','正常','IMG_20150110_125555.png',NULL,NULL),(18592,19,6,'绞车运行日志及巡回检查记录',6,'李健',7,'绞车运行日志及巡回检查记录','007','绞车运行日志及巡回检查记录','2015-01-10 13:47:32','准时','12','正常','IMG_20150110_130721.png',NULL,NULL),(18593,20,6,'绞车运行日志及巡回检查记录',1,'管理员',7,'绞车运行日志及巡回检查记录','007','绞车运行日志及巡回检查记录','2015-01-10 14:00:00','漏巡','13','漏巡','',NULL,NULL),(18594,21,6,'绞车运行日志及巡回检查记录',1,'管理员',7,'绞车运行日志及巡回检查记录','007','绞车运行日志及巡回检查记录','2015-01-10 15:00:00','漏巡','14','漏巡','',NULL,NULL),(18595,22,6,'绞车运行日志及巡回检查记录',30,'张炳杰',7,'绞车运行日志及巡回检查记录','007','绞车运行日志及巡回检查记录','2015-01-10 16:33:10','准时','15','正常','IMG_20150110_130721.png',NULL,NULL),(18596,23,6,'绞车运行日志及巡回检查记录',30,'张炳杰',7,'绞车运行日志及巡回检查记录','007','绞车运行日志及巡回检查记录','2015-01-10 17:34:22','准时','16','正常','IMG_20150110_130721.png',NULL,NULL),(18597,24,6,'绞车运行日志及巡回检查记录',30,'张炳杰',7,'绞车运行日志及巡回检查记录','007','绞车运行日志及巡回检查记录','2015-01-10 18:34:53','准时','17','正常','IMG_20150110_130721.png',NULL,NULL),(18598,25,6,'绞车运行日志及巡回检查记录',30,'张炳杰',7,'绞车运行日志及巡回检查记录','007','绞车运行日志及巡回检查记录','2015-01-10 19:30:13','准时','18','正常','IMG_20150110_130721.png',NULL,NULL),(18599,26,6,'绞车运行日志及巡回检查记录',30,'张炳杰',7,'绞车运行日志及巡回检查记录','007','绞车运行日志及巡回检查记录','2015-01-10 20:32:27','准时','19','正常','IMG_20150110_203209.png',NULL,NULL),(18600,27,6,'绞车运行日志及巡回检查记录',30,'张炳杰',7,'绞车运行日志及巡回检查记录','007','绞车运行日志及巡回检查记录','2015-01-10 21:33:22','准时','20','正常','IMG_20150110_213305.png',NULL,NULL),(18601,28,6,'绞车运行日志及巡回检查记录',30,'张炳杰',7,'绞车运行日志及巡回检查记录','007','绞车运行日志及巡回检查记录','2015-01-10 22:34:30','准时','21','正常','IMG_20150110_223408.png',NULL,NULL),(18602,29,6,'绞车运行日志及巡回检查记录',27,'侯巍',7,'绞车运行日志及巡回检查记录','007','绞车运行日志及巡回检查记录','2015-01-10 23:20:52','准时','22','正常','IMG_20150110_232010.png',NULL,NULL),(18603,1,7,'提升机安全保护装置检查试验记录',11,'耿鑫',2,'提升机安全保护装置','002','提升机安全保护装置','2015-01-11 06:42:13','准时','1','正常','IMG_20150111_063749.png','郑威',NULL),(18604,2,1,'多绳绞车钢丝绳查验记录',11,'耿鑫',1,'多绳绞车钢丝绳','001','多绳绞车钢丝绳','2015-01-11 06:30:01','准时','1','正常','IMG_20150111_062940.png','杨磊',NULL),(18605,3,8,'车房电工定期维护检修记录',11,'耿鑫',8,'车房电工定期维护检修记录','008','车房电工定期维护检修记录','2015-01-11 06:43:02','准时','1','正常','IMG_20150111_063749.png',NULL,NULL),(18606,7,3,'提升系统钳工包机日检（二）',1,'管理员',5,'提升系统钳工包机日检（二）','005','提升系统钳工包机日检（二）','2015-01-11 00:00:00','漏巡','1','漏巡','',NULL,NULL),(18607,8,2,'提升系统钳工包机日检（一）',28,'吕志忠',4,'提升系统钳工包机日检（一）','004','提升系统钳工包机日检（一）','2015-01-11 06:25:50','准时','1','正常','IMG_20150111_062507.png',NULL,NULL),(18608,30,6,'绞车运行日志及巡回检查记录',27,'侯巍',7,'绞车运行日志及巡回检查记录','007','绞车运行日志及巡回检查记录','2015-01-11 00:24:10','准时','23','正常','IMG_20150110_232010.png',NULL,NULL),(18609,31,6,'绞车运行日志及巡回检查记录',27,'侯巍',7,'绞车运行日志及巡回检查记录','007','绞车运行日志及巡回检查记录','2015-01-11 01:23:06','准时','24','正常','IMG_20150110_232010.png',NULL,NULL),(18610,4,6,'绞车运行日志及巡回检查记录',27,'侯巍',7,'绞车运行日志及巡回检查记录','007','绞车运行日志及巡回检查记录','2015-01-11 02:20:14','准时','1','正常','IMG_20150110_232010.png',NULL,NULL),(18611,9,6,'绞车运行日志及巡回检查记录',27,'侯巍',7,'绞车运行日志及巡回检查记录','007','绞车运行日志及巡回检查记录','2015-01-11 03:22:08','准时','2','正常','IMG_20150110_232010.png',NULL,NULL),(18612,10,6,'绞车运行日志及巡回检查记录',27,'侯巍',7,'绞车运行日志及巡回检查记录','007','绞车运行日志及巡回检查记录','2015-01-11 04:24:05','准时','3','正常','IMG_20150110_232010.png',NULL,NULL),(18613,11,6,'绞车运行日志及巡回检查记录',27,'侯巍',7,'绞车运行日志及巡回检查记录','007','绞车运行日志及巡回检查记录','2015-01-11 05:23:06','准时','4','正常','IMG_20150110_232010.png',NULL,NULL),(18614,12,6,'绞车运行日志及巡回检查记录',27,'侯巍',7,'绞车运行日志及巡回检查记录','007','绞车运行日志及巡回检查记录','2015-01-11 06:24:05','准时','5','正常','IMG_20150110_232010.png',NULL,NULL),(18615,13,6,'绞车运行日志及巡回检查记录',6,'李健',7,'绞车运行日志及巡回检查记录','007','绞车运行日志及巡回检查记录','2015-01-11 07:29:07','准时','6','正常','IMG_20150111_142720.png',NULL,NULL),(18616,14,6,'绞车运行日志及巡回检查记录',6,'李健',7,'绞车运行日志及巡回检查记录','007','绞车运行日志及巡回检查记录','2015-01-11 08:31:01','准时','7','正常','IMG_20150111_142720.png',NULL,NULL),(18617,15,6,'绞车运行日志及巡回检查记录',6,'李健',7,'绞车运行日志及巡回检查记录','007','绞车运行日志及巡回检查记录','2015-01-11 09:52:57','准时','8','正常','IMG_20150111_095247.png',NULL,NULL),(18618,16,6,'绞车运行日志及巡回检查记录',6,'李健',7,'绞车运行日志及巡回检查记录','007','绞车运行日志及巡回检查记录','2015-01-11 10:50:08','准时','9','正常','IMG_20150111_114856.png',NULL,NULL),(18619,17,6,'绞车运行日志及巡回检查记录',6,'李健',7,'绞车运行日志及巡回检查记录','007','绞车运行日志及巡回检查记录','2015-01-11 11:49:06','准时','10','正常','IMG_20150111_114856.png',NULL,NULL),(18620,18,6,'绞车运行日志及巡回检查记录',6,'李健',7,'绞车运行日志及巡回检查记录','007','绞车运行日志及巡回检查记录','2015-01-11 12:46:39','准时','11','正常','IMG_20150111_134256.png',NULL,NULL),(18621,19,6,'绞车运行日志及巡回检查记录',6,'李健',7,'绞车运行日志及巡回检查记录','007','绞车运行日志及巡回检查记录','2015-01-11 13:43:13','准时','12','正常','IMG_20150111_134256.png',NULL,NULL),(18622,20,6,'绞车运行日志及巡回检查记录',6,'李健',7,'绞车运行日志及巡回检查记录','007','绞车运行日志及巡回检查记录','2015-01-11 14:27:32','准时','13','正常','IMG_20150111_142720.png',NULL,NULL),(18623,21,6,'绞车运行日志及巡回检查记录',5,'裴森',7,'绞车运行日志及巡回检查记录','007','绞车运行日志及巡回检查记录','2015-01-11 15:18:05','准时','14','正常','IMG_20150111_151439.png',NULL,NULL),(18624,22,6,'绞车运行日志及巡回检查记录',5,'裴森',7,'绞车运行日志及巡回检查记录','007','绞车运行日志及巡回检查记录','2015-01-11 16:22:25','准时','15','正常','IMG_20150111_151439.png',NULL,NULL),(18625,23,6,'绞车运行日志及巡回检查记录',5,'裴森',7,'绞车运行日志及巡回检查记录','007','绞车运行日志及巡回检查记录','2015-01-11 17:29:03','准时','16','正常','IMG_20150111_172708.png',NULL,NULL),(18626,24,6,'绞车运行日志及巡回检查记录',5,'裴森',7,'绞车运行日志及巡回检查记录','007','绞车运行日志及巡回检查记录','2015-01-11 18:27:14','准时','17','正常','IMG_20150111_172708.png',NULL,NULL),(18627,25,6,'绞车运行日志及巡回检查记录',5,'裴森',7,'绞车运行日志及巡回检查记录','007','绞车运行日志及巡回检查记录','2015-01-11 19:09:22','准时','18','正常','IMG_20150111_190904.png',NULL,NULL),(18628,26,6,'绞车运行日志及巡回检查记录',5,'裴森',7,'绞车运行日志及巡回检查记录','007','绞车运行日志及巡回检查记录','2015-01-11 20:26:10','准时','19','正常','IMG_20150111_190904.png',NULL,NULL),(18629,27,6,'绞车运行日志及巡回检查记录',5,'裴森',7,'绞车运行日志及巡回检查记录','007','绞车运行日志及巡回检查记录','2015-01-11 21:26:15','准时','20','正常','IMG_20150111_190904.png',NULL,NULL),(18630,28,6,'绞车运行日志及巡回检查记录',5,'裴森',7,'绞车运行日志及巡回检查记录','007','绞车运行日志及巡回检查记录','2015-01-11 22:23:30','准时','21','正常','IMG_20150111_190904.png',NULL,NULL),(18631,29,6,'绞车运行日志及巡回检查记录',31,'周进伟',7,'绞车运行日志及巡回检查记录','007','绞车运行日志及巡回检查记录','2015-01-11 23:40:07','准时','22','正常','IMG_20150111_233208.png',NULL,NULL),(18632,1,7,'提升机安全保护装置检查试验记录',20,'郁奇峰',2,'提升机安全保护装置','002','提升机安全保护装置','2015-01-12 06:34:54','准时','1','正常','IMG_20150112_063345.png','孟志坚',NULL),(18633,2,1,'多绳绞车钢丝绳查验记录',1,'管理员',1,'多绳绞车钢丝绳','001','多绳绞车钢丝绳','2015-01-12 00:00:00','漏巡','1','漏巡','',NULL,NULL),(18634,3,8,'车房电工定期维护检修记录',20,'郁奇峰',8,'车房电工定期维护检修记录','008','车房电工定期维护检修记录','2015-01-12 06:35:33','准时','1','正常','IMG_20150112_063345.png',NULL,NULL),(18635,5,5,'提升系统起重工周检',15,'牛利生',3,'提升系统起重工周检','003','提升系统起重工周检','2015-01-18 04:24:00','准时','1','正常','IMG_20150118_042006.png',NULL,NULL),(18636,6,4,'提升系统钳工周检',28,'吕志忠',6,'提升系统钳工周检','006','提升系统钳工周检','2015-01-17 06:43:12','准时','1','正常','IMG_20150117_064258.png',NULL,NULL),(18637,7,3,'提升系统钳工包机日检（二）',29,'葛宝满',5,'提升系统钳工包机日检（二）','005','提升系统钳工包机日检（二）','2015-01-12 06:22:40','准时','1','正常','IMG_20150112_062211.png',NULL,NULL),(18638,8,2,'提升系统钳工包机日检（一）',28,'吕志忠',4,'提升系统钳工包机日检（一）','004','提升系统钳工包机日检（一）','2015-01-12 06:00:23','准时','1','正常','IMG_20150112_055958.png',NULL,NULL),(18639,30,6,'绞车运行日志及巡回检查记录',31,'周进伟',7,'绞车运行日志及巡回检查记录','007','绞车运行日志及巡回检查记录','2015-01-12 00:32:10','准时','23','正常','IMG_20150111_233208.png',NULL,NULL),(18640,31,6,'绞车运行日志及巡回检查记录',31,'周进伟',7,'绞车运行日志及巡回检查记录','007','绞车运行日志及巡回检查记录','2015-01-12 01:36:28','准时','24','正常','IMG_20150112_013610.png',NULL,NULL),(18641,4,6,'绞车运行日志及巡回检查记录',31,'周进伟',7,'绞车运行日志及巡回检查记录','007','绞车运行日志及巡回检查记录','2015-01-12 02:30:08','准时','1','正常','IMG_20150112_013610.png',NULL,NULL),(18642,9,6,'绞车运行日志及巡回检查记录',31,'周进伟',7,'绞车运行日志及巡回检查记录','007','绞车运行日志及巡回检查记录','2015-01-12 03:31:16','准时','2','正常','IMG_20150112_013610.png',NULL,NULL),(18643,10,6,'绞车运行日志及巡回检查记录',31,'周进伟',7,'绞车运行日志及巡回检查记录','007','绞车运行日志及巡回检查记录','2015-01-12 04:32:05','准时','3','正常','IMG_20150112_013610.png',NULL,NULL),(18644,11,6,'绞车运行日志及巡回检查记录',31,'周进伟',7,'绞车运行日志及巡回检查记录','007','绞车运行日志及巡回检查记录','2015-01-12 05:33:09','准时','4','正常','IMG_20150112_013610.png',NULL,NULL),(18645,12,6,'绞车运行日志及巡回检查记录',31,'周进伟',7,'绞车运行日志及巡回检查记录','007','绞车运行日志及巡回检查记录','2015-01-12 06:34:10','准时','5','正常','IMG_20150112_013610.png',NULL,NULL),(18646,13,6,'绞车运行日志及巡回检查记录',6,'李健',7,'绞车运行日志及巡回检查记录','007','绞车运行日志及巡回检查记录','2015-01-12 07:40:20','准时','6','正常','IMG_20150112_064009.png',NULL,NULL),(18647,14,6,'绞车运行日志及巡回检查记录',6,'李健',7,'绞车运行日志及巡回检查记录','007','绞车运行日志及巡回检查记录','2015-01-12 08:18:07','准时','7','正常','IMG_20150112_131815.png',NULL,NULL),(18648,15,6,'绞车运行日志及巡回检查记录',6,'李健',7,'绞车运行日志及巡回检查记录','007','绞车运行日志及巡回检查记录','2015-01-12 09:19:09','准时','8','正常','IMG_20150112_131815.png',NULL,NULL),(18649,16,6,'绞车运行日志及巡回检查记录',6,'李健',7,'绞车运行日志及巡回检查记录','007','绞车运行日志及巡回检查记录','2015-01-12 10:20:08','准时','9','正常','IMG_20150112_131815.png',NULL,NULL),(18650,17,6,'绞车运行日志及巡回检查记录',6,'李健',7,'绞车运行日志及巡回检查记录','007','绞车运行日志及巡回检查记录','2015-01-12 11:21:08','准时','10','正常','IMG_20150112_131815.png',NULL,NULL),(18651,18,6,'绞车运行日志及巡回检查记录',6,'李健',7,'绞车运行日志及巡回检查记录','007','绞车运行日志及巡回检查记录','2015-01-12 12:22:03','准时','11','正常','IMG_20150112_131815.png',NULL,NULL),(18652,19,6,'绞车运行日志及巡回检查记录',6,'李健',7,'绞车运行日志及巡回检查记录','007','绞车运行日志及巡回检查记录','2015-01-12 13:16:51','准时','12','正常','IMG_20150112_064009.png',NULL,NULL),(18653,20,6,'绞车运行日志及巡回检查记录',6,'李健',7,'绞车运行日志及巡回检查记录','007','绞车运行日志及巡回检查记录','2015-01-12 14:23:08','准时','13','正常','IMG_20150112_131815.png',NULL,NULL),(18654,21,6,'绞车运行日志及巡回检查记录',30,'张炳杰',7,'绞车运行日志及巡回检查记录','007','绞车运行日志及巡回检查记录','2015-01-12 15:09:26','准时','14','正常','IMG_20150112_150850.png',NULL,NULL),(18655,22,6,'绞车运行日志及巡回检查记录',30,'张炳杰',7,'绞车运行日志及巡回检查记录','007','绞车运行日志及巡回检查记录','2015-01-12 16:17:42','准时','15','正常','IMG_20150112_161706.png',NULL,NULL),(18656,23,6,'绞车运行日志及巡回检查记录',30,'张炳杰',7,'绞车运行日志及巡回检查记录','007','绞车运行日志及巡回检查记录','2015-01-12 17:10:06','准时','16','正常','IMG_20150112_161706.png',NULL,NULL),(18657,24,6,'绞车运行日志及巡回检查记录',30,'张炳杰',7,'绞车运行日志及巡回检查记录','007','绞车运行日志及巡回检查记录','2015-01-12 18:17:09','准时','17','正常','IMG_20150112_161706.png',NULL,NULL),(18658,25,6,'绞车运行日志及巡回检查记录',30,'张炳杰',7,'绞车运行日志及巡回检查记录','007','绞车运行日志及巡回检查记录','2015-01-12 19:18:06','准时','18','正常','IMG_20150112_161706.png',NULL,NULL),(18659,26,6,'绞车运行日志及巡回检查记录',30,'张炳杰',7,'绞车运行日志及巡回检查记录','007','绞车运行日志及巡回检查记录','2015-01-12 20:10:05','准时','19','正常','IMG_20150112_161706.png',NULL,NULL),(18660,27,6,'绞车运行日志及巡回检查记录',30,'张炳杰',7,'绞车运行日志及巡回检查记录','007','绞车运行日志及巡回检查记录','2015-01-12 21:19:47','准时','20','正常','IMG_20150112_211906.png',NULL,NULL),(18661,28,6,'绞车运行日志及巡回检查记录',30,'张炳杰',7,'绞车运行日志及巡回检查记录','007','绞车运行日志及巡回检查记录','2015-01-12 22:23:05','准时','21','正常','IMG_20150112_211906.png',NULL,NULL),(18662,29,6,'绞车运行日志及巡回检查记录',1,'管理员',7,'绞车运行日志及巡回检查记录','007','绞车运行日志及巡回检查记录','2015-01-12 23:00:00','漏巡','22','漏巡','',NULL,NULL),(18663,1,7,'提升机安全保护装置检查试验记录',21,'石磊',2,'提升机安全保护装置','002','提升机安全保护装置','2015-01-13 06:28:56','准时','1','正常','IMG_20150113_062821.png','刘超',NULL),(18664,2,1,'多绳绞车钢丝绳查验记录',14,'刘鹏',1,'多绳绞车钢丝绳','001','多绳绞车钢丝绳','2015-01-13 06:55:29','准时','1','正常','IMG_20150113_065505.png','刘博',NULL),(18665,3,8,'车房电工定期维护检修记录',21,'石磊',8,'车房电工定期维护检修记录','008','车房电工定期维护检修记录','2015-01-13 06:30:00','准时','1','正常','IMG_20150113_062947.png',NULL,NULL),(18666,7,3,'提升系统钳工包机日检（二）',29,'葛宝满',5,'提升系统钳工包机日检（二）','005','提升系统钳工包机日检（二）','2015-01-13 06:08:33','准时','1','正常','IMG_20150113_060802.png',NULL,NULL),(18667,8,2,'提升系统钳工包机日检（一）',28,'吕志忠',4,'提升系统钳工包机日检（一）','004','提升系统钳工包机日检（一）','2015-01-13 05:09:06','准时','1','正常','IMG_20150113_050830.png',NULL,NULL),(18668,30,6,'绞车运行日志及巡回检查记录',26,'苑成智',7,'绞车运行日志及巡回检查记录','007','绞车运行日志及巡回检查记录','2015-01-13 00:32:19','准时','23','正常','IMG_20150113_065427.png',NULL,NULL),(18669,31,6,'绞车运行日志及巡回检查记录',26,'苑成智',7,'绞车运行日志及巡回检查记录','007','绞车运行日志及巡回检查记录','2015-01-13 01:35:16','准时','24','正常','IMG_20150113_065427.png',NULL,NULL),(18670,4,6,'绞车运行日志及巡回检查记录',26,'苑成智',7,'绞车运行日志及巡回检查记录','007','绞车运行日志及巡回检查记录','2015-01-13 02:37:07','准时','1','正常','IMG_20150113_065427.png',NULL,NULL),(18671,9,6,'绞车运行日志及巡回检查记录',26,'苑成智',7,'绞车运行日志及巡回检查记录','007','绞车运行日志及巡回检查记录','2015-01-13 03:38:07','准时','2','正常','IMG_20150113_065427.png',NULL,NULL),(18672,10,6,'绞车运行日志及巡回检查记录',26,'苑成智',7,'绞车运行日志及巡回检查记录','007','绞车运行日志及巡回检查记录','2015-01-13 04:39:14','准时','3','正常','IMG_20150113_065427.png',NULL,NULL),(18673,11,6,'绞车运行日志及巡回检查记录',26,'苑成智',7,'绞车运行日志及巡回检查记录','007','绞车运行日志及巡回检查记录','2015-01-13 05:40:07','准时','4','正常','IMG_20150113_065427.png',NULL,NULL),(18674,12,6,'绞车运行日志及巡回检查记录',26,'苑成智',7,'绞车运行日志及巡回检查记录','007','绞车运行日志及巡回检查记录','2015-01-13 06:41:08','准时','5','正常','IMG_20150113_065427.png',NULL,NULL),(18675,13,6,'绞车运行日志及巡回检查记录',1,'管理员',7,'绞车运行日志及巡回检查记录','007','绞车运行日志及巡回检查记录','2015-01-13 07:00:00','漏巡','6','漏巡','',NULL,NULL),(18676,14,6,'绞车运行日志及巡回检查记录',24,'李乾',7,'绞车运行日志及巡回检查记录','007','绞车运行日志及巡回检查记录','2015-01-13 08:37:29','准时','7','正常','IMG_20150113_073315.png',NULL,NULL),(18677,15,6,'绞车运行日志及巡回检查记录',24,'李乾',7,'绞车运行日志及巡回检查记录','007','绞车运行日志及巡回检查记录','2015-01-13 09:39:07','准时','8','正常','IMG_20150113_073315.png',NULL,NULL),(18678,16,6,'绞车运行日志及巡回检查记录',24,'李乾',7,'绞车运行日志及巡回检查记录','007','绞车运行日志及巡回检查记录','2015-01-13 10:33:57','准时','9','正常','IMG_20150113_073315.png',NULL,NULL),(18679,17,6,'绞车运行日志及巡回检查记录',1,'管理员',7,'绞车运行日志及巡回检查记录','007','绞车运行日志及巡回检查记录','2015-01-13 11:00:00','漏巡','10','漏巡','',NULL,NULL),(18680,18,6,'绞车运行日志及巡回检查记录',24,'李乾',7,'绞车运行日志及巡回检查记录','007','绞车运行日志及巡回检查记录','2015-01-13 12:37:18','准时','11','正常','IMG_20150113_073315.png',NULL,NULL),(18681,19,6,'绞车运行日志及巡回检查记录',24,'李乾',7,'绞车运行日志及巡回检查记录','007','绞车运行日志及巡回检查记录','2015-01-13 13:14:02','准时','12','正常','IMG_20150113_073315.png',NULL,NULL),(18682,20,6,'绞车运行日志及巡回检查记录',1,'管理员',7,'绞车运行日志及巡回检查记录','007','绞车运行日志及巡回检查记录','2015-01-13 14:00:00','漏巡','13','漏巡','',NULL,NULL),(18683,21,6,'绞车运行日志及巡回检查记录',5,'裴森',7,'绞车运行日志及巡回检查记录','007','绞车运行日志及巡回检查记录','2015-01-13 15:23:13','准时','14','正常','IMG_20150113_152250.png',NULL,NULL),(18684,22,6,'绞车运行日志及巡回检查记录',5,'裴森',7,'绞车运行日志及巡回检查记录','007','绞车运行日志及巡回检查记录','2015-01-13 16:36:54','准时','15','正常','IMG_20150113_152250.png',NULL,NULL),(18685,23,6,'绞车运行日志及巡回检查记录',5,'裴森',7,'绞车运行日志及巡回检查记录','007','绞车运行日志及巡回检查记录','2015-01-13 17:41:04','准时','16','正常','IMG_20150113_152250.png',NULL,NULL),(18686,24,6,'绞车运行日志及巡回检查记录',5,'裴森',7,'绞车运行日志及巡回检查记录','007','绞车运行日志及巡回检查记录','2015-01-13 18:25:49','准时','17','正常','IMG_20150113_182530.png',NULL,NULL),(18687,25,6,'绞车运行日志及巡回检查记录',5,'裴森',7,'绞车运行日志及巡回检查记录','007','绞车运行日志及巡回检查记录','2015-01-13 19:17:05','准时','18','正常','IMG_20150113_182530.png',NULL,NULL),(18688,26,6,'绞车运行日志及巡回检查记录',5,'裴森',7,'绞车运行日志及巡回检查记录','007','绞车运行日志及巡回检查记录','2015-01-13 20:22:07','准时','19','正常','IMG_20150113_182530.png',NULL,NULL),(18689,27,6,'绞车运行日志及巡回检查记录',5,'裴森',7,'绞车运行日志及巡回检查记录','007','绞车运行日志及巡回检查记录','2015-01-13 21:17:11','准时','20','正常','IMG_20150113_182530.png',NULL,NULL),(18690,28,6,'绞车运行日志及巡回检查记录',5,'裴森',7,'绞车运行日志及巡回检查记录','007','绞车运行日志及巡回检查记录','2015-01-13 22:22:10','准时','21','正常','IMG_20150113_182530.png',NULL,NULL),(18691,30,6,'绞车运行日志及巡回检查记录',26,'苑成智',7,'绞车运行日志及巡回检查记录','007','绞车运行日志及巡回检查记录','2015-01-14 00:06:51','准时','23','正常','IMG_20150113_000621.png',NULL,NULL),(18692,31,6,'绞车运行日志及巡回检查记录',26,'苑成智',7,'绞车运行日志及巡回检查记录','007','绞车运行日志及巡回检查记录','2015-01-14 01:08:12','准时','24','正常','IMG_20150113_000621.png',NULL,NULL),(18693,4,6,'绞车运行日志及巡回检查记录',26,'苑成智',7,'绞车运行日志及巡回检查记录','007','绞车运行日志及巡回检查记录','2015-01-14 02:10:04','准时','1','正常','IMG_20150113_000621.png',NULL,NULL),(18694,9,6,'绞车运行日志及巡回检查记录',26,'苑成智',7,'绞车运行日志及巡回检查记录','007','绞车运行日志及巡回检查记录','2015-01-14 03:11:07','准时','2','正常','IMG_20150113_000621.png',NULL,NULL),(18695,10,6,'绞车运行日志及巡回检查记录',26,'苑成智',7,'绞车运行日志及巡回检查记录','007','绞车运行日志及巡回检查记录','2015-01-14 04:15:19','准时','3','正常','IMG_20150113_000621.png',NULL,NULL),(18696,11,6,'绞车运行日志及巡回检查记录',26,'苑成智',7,'绞车运行日志及巡回检查记录','007','绞车运行日志及巡回检查记录','2015-01-14 05:16:21','准时','4','正常','IMG_20150113_000621.png',NULL,NULL),(18697,12,6,'绞车运行日志及巡回检查记录',26,'苑成智',7,'绞车运行日志及巡回检查记录','007','绞车运行日志及巡回检查记录','2015-01-14 06:17:15','准时','5','正常','IMG_20150113_000621.png',NULL,NULL),(18698,1,7,'提升机安全保护装置检查试验记录',22,'高义涛',2,'提升机安全保护装置','002','提升机安全保护装置','2015-01-14 06:41:02','准时','1','正常','IMG_20150114_064024.png','孟志坚',NULL),(18699,2,1,'多绳绞车钢丝绳查验记录',14,'刘鹏',1,'多绳绞车钢丝绳','001','多绳绞车钢丝绳','2015-01-14 04:28:31','准时','1','正常','IMG_20150114_042609.png','王春青',NULL),(18700,3,8,'车房电工定期维护检修记录',22,'高义涛',8,'车房电工定期维护检修记录','008','车房电工定期维护检修记录','2015-01-14 06:41:44','准时','1','正常','IMG_20150114_064024.png',NULL,NULL),(18701,7,3,'提升系统钳工包机日检（二）',29,'葛宝满',5,'提升系统钳工包机日检（二）','005','提升系统钳工包机日检（二）','2015-01-14 04:56:53','准时','1','正常','IMG_20150114_045617.png',NULL,NULL),(18702,8,2,'提升系统钳工包机日检（一）',28,'吕志忠',4,'提升系统钳工包机日检（一）','004','提升系统钳工包机日检（一）','2015-01-14 04:45:15','准时','1','正常','IMG_20150114_044440.png',NULL,NULL),(18703,13,6,'绞车运行日志及巡回检查记录',6,'李健',7,'绞车运行日志及巡回检查记录','007','绞车运行日志及巡回检查记录','2015-01-14 07:18:08','准时','6','正常','IMG_20150114_081643.png',NULL,NULL),(18704,14,6,'绞车运行日志及巡回检查记录',6,'李健',7,'绞车运行日志及巡回检查记录','007','绞车运行日志及巡回检查记录','2015-01-14 08:17:06','准时','7','正常','IMG_20150114_081643.png',NULL,NULL),(18705,15,6,'绞车运行日志及巡回检查记录',6,'李健',7,'绞车运行日志及巡回检查记录','007','绞车运行日志及巡回检查记录','2015-01-14 09:16:38','准时','8','正常','IMG_20150114_091529.png',NULL,NULL),(18706,16,6,'绞车运行日志及巡回检查记录',6,'李健',7,'绞车运行日志及巡回检查记录','007','绞车运行日志及巡回检查记录','2015-01-14 10:07:15','准时','9','正常','IMG_20150114_100705.png',NULL,NULL),(18707,17,6,'绞车运行日志及巡回检查记录',6,'李健',7,'绞车运行日志及巡回检查记录','007','绞车运行日志及巡回检查记录','2015-01-14 11:32:20','准时','10','正常','IMG_20150114_100705.png',NULL,NULL),(18708,18,6,'绞车运行日志及巡回检查记录',6,'李健',7,'绞车运行日志及巡回检查记录','007','绞车运行日志及巡回检查记录','2015-01-14 12:48:12','准时','11','正常','IMG_20150114_100705.png',NULL,NULL),(18709,19,6,'绞车运行日志及巡回检查记录',6,'李健',7,'绞车运行日志及巡回检查记录','007','绞车运行日志及巡回检查记录','2015-01-14 13:08:34','准时','12','正常','IMG_20150114_100705.png',NULL,NULL),(18710,20,6,'绞车运行日志及巡回检查记录',6,'李健',7,'绞车运行日志及巡回检查记录','007','绞车运行日志及巡回检查记录','2015-01-14 14:38:57','准时','13','正常','IMG_20150114_100705.png',NULL,NULL),(18711,21,6,'绞车运行日志及巡回检查记录',5,'裴森',7,'绞车运行日志及巡回检查记录','007','绞车运行日志及巡回检查记录','2015-01-14 15:20:32','准时','14','正常','IMG_20150114_152009.png',NULL,NULL),(18712,22,6,'绞车运行日志及巡回检查记录',5,'裴森',7,'绞车运行日志及巡回检查记录','007','绞车运行日志及巡回检查记录','2015-01-14 16:28:38','准时','15','正常','IMG_20150114_152009.png',NULL,NULL),(18713,23,6,'绞车运行日志及巡回检查记录',5,'裴森',7,'绞车运行日志及巡回检查记录','007','绞车运行日志及巡回检查记录','2015-01-14 17:18:28','准时','16','正常','IMG_20150114_152009.png',NULL,NULL),(18714,24,6,'绞车运行日志及巡回检查记录',5,'裴森',7,'绞车运行日志及巡回检查记录','007','绞车运行日志及巡回检查记录','2015-01-14 18:15:05','准时','17','正常','IMG_20150114_152009.png',NULL,NULL),(18715,25,6,'绞车运行日志及巡回检查记录',5,'裴森',7,'绞车运行日志及巡回检查记录','007','绞车运行日志及巡回检查记录','2015-01-14 19:12:08','准时','18','正常','IMG_20150114_152009.png',NULL,NULL),(18716,26,6,'绞车运行日志及巡回检查记录',5,'裴森',7,'绞车运行日志及巡回检查记录','007','绞车运行日志及巡回检查记录','2015-01-14 20:18:05','准时','19','正常','IMG_20150114_152009.png',NULL,NULL),(18717,27,6,'绞车运行日志及巡回检查记录',5,'裴森',7,'绞车运行日志及巡回检查记录','007','绞车运行日志及巡回检查记录','2015-01-14 21:13:07','准时','20','正常','IMG_20150114_152009.png',NULL,NULL),(18718,28,6,'绞车运行日志及巡回检查记录',5,'裴森',7,'绞车运行日志及巡回检查记录','007','绞车运行日志及巡回检查记录','2015-01-14 22:18:06','准时','21','正常','IMG_20150114_152009.png',NULL,NULL),(18719,29,6,'绞车运行日志及巡回检查记录',27,'侯巍',7,'绞车运行日志及巡回检查记录','007','绞车运行日志及巡回检查记录','2015-01-14 23:10:09','准时','22','正常','IMG_20150115_054734.png',NULL,NULL),(18720,1,7,'提升机安全保护装置检查试验记录',20,'郁奇峰',2,'提升机安全保护装置','002','提升机安全保护装置','2015-01-15 07:07:19','准时','1','正常','IMG_20150115_070657.png','杨磊',NULL),(18721,2,1,'多绳绞车钢丝绳查验记录',1,'管理员',1,'多绳绞车钢丝绳','001','多绳绞车钢丝绳','2015-01-15 00:00:00','漏巡','1','漏巡','',NULL,NULL),(18722,3,8,'车房电工定期维护检修记录',20,'郁奇峰',8,'车房电工定期维护检修记录','008','车房电工定期维护检修记录','2015-01-15 07:07:48','准时','1','正常','IMG_20150115_070657.png',NULL,NULL),(18723,7,3,'提升系统钳工包机日检（二）',29,'葛宝满',5,'提升系统钳工包机日检（二）','005','提升系统钳工包机日检（二）','2015-01-15 06:25:50','准时','1','正常','IMG_20150115_062507.png',NULL,NULL),(18724,8,2,'提升系统钳工包机日检（一）',18,'唐庆恩',4,'提升系统钳工包机日检（一）','004','提升系统钳工包机日检（一）','2015-01-15 06:31:17','准时','1','正常','IMG_20150115_063056.png',NULL,NULL),(18725,30,6,'绞车运行日志及巡回检查记录',27,'侯巍',7,'绞车运行日志及巡回检查记录','007','绞车运行日志及巡回检查记录','2015-01-15 00:10:05','准时','23','正常','IMG_20150115_054734.png',NULL,NULL),(18726,31,6,'绞车运行日志及巡回检查记录',27,'侯巍',7,'绞车运行日志及巡回检查记录','007','绞车运行日志及巡回检查记录','2015-01-15 01:13:53','准时','24','正常','IMG_20150115_054734.png',NULL,NULL),(18727,4,6,'绞车运行日志及巡回检查记录',1,'管理员',7,'绞车运行日志及巡回检查记录','007','绞车运行日志及巡回检查记录','2015-01-15 02:00:00','漏巡','1','漏巡','',NULL,NULL),(18728,9,6,'绞车运行日志及巡回检查记录',27,'侯巍',7,'绞车运行日志及巡回检查记录','007','绞车运行日志及巡回检查记录','2015-01-15 03:11:33','准时','2','正常','IMG_20150115_054734.png',NULL,NULL),(18729,10,6,'绞车运行日志及巡回检查记录',27,'侯巍',7,'绞车运行日志及巡回检查记录','007','绞车运行日志及巡回检查记录','2015-01-15 04:09:04','准时','3','正常','IMG_20150115_054734.png',NULL,NULL),(18730,11,6,'绞车运行日志及巡回检查记录',27,'侯巍',7,'绞车运行日志及巡回检查记录','007','绞车运行日志及巡回检查记录','2015-01-15 05:12:49','准时','4','正常','IMG_20150115_054734.png',NULL,NULL),(18731,12,6,'绞车运行日志及巡回检查记录',27,'侯巍',7,'绞车运行日志及巡回检查记录','007','绞车运行日志及巡回检查记录','2015-01-15 06:08:06','准时','5','正常','IMG_20150115_054734.png',NULL,NULL),(18732,13,6,'绞车运行日志及巡回检查记录',24,'李乾',7,'绞车运行日志及巡回检查记录','007','绞车运行日志及巡回检查记录','2015-01-15 07:28:50','准时','6','正常','IMG_20150115_072835.png',NULL,NULL),(18733,14,6,'绞车运行日志及巡回检查记录',24,'李乾',7,'绞车运行日志及巡回检查记录','007','绞车运行日志及巡回检查记录','2015-01-15 08:56:55','准时','7','正常','IMG_20150115_085604.png',NULL,NULL),(18734,15,6,'绞车运行日志及巡回检查记录',24,'李乾',7,'绞车运行日志及巡回检查记录','007','绞车运行日志及巡回检查记录','2015-01-15 09:34:16','准时','8','正常','IMG_20150115_093404.png',NULL,NULL),(18735,16,6,'绞车运行日志及巡回检查记录',24,'李乾',7,'绞车运行日志及巡回检查记录','007','绞车运行日志及巡回检查记录','2015-01-15 10:16:46','准时','9','正常','IMG_20150115_101627.png',NULL,NULL),(18736,17,6,'绞车运行日志及巡回检查记录',24,'李乾',7,'绞车运行日志及巡回检查记录','007','绞车运行日志及巡回检查记录','2015-01-15 11:31:09','准时','10','正常','IMG_20150115_132706.png',NULL,NULL),(18737,18,6,'绞车运行日志及巡回检查记录',24,'李乾',7,'绞车运行日志及巡回检查记录','007','绞车运行日志及巡回检查记录','2015-01-15 12:29:08','准时','11','正常','IMG_20150115_132706.png',NULL,NULL),(18738,19,6,'绞车运行日志及巡回检查记录',24,'李乾',7,'绞车运行日志及巡回检查记录','007','绞车运行日志及巡回检查记录','2015-01-15 13:27:25','准时','12','正常','IMG_20150115_132706.png',NULL,NULL),(18739,20,6,'绞车运行日志及巡回检查记录',24,'李乾',7,'绞车运行日志及巡回检查记录','007','绞车运行日志及巡回检查记录','2015-01-15 14:13:52','准时','13','正常','IMG_20150115_101627.png',NULL,NULL),(18740,21,6,'绞车运行日志及巡回检查记录',5,'裴森',7,'绞车运行日志及巡回检查记录','007','绞车运行日志及巡回检查记录','2015-01-15 15:25:46','准时','14','正常','IMG_20150115_152220.png',NULL,NULL),(18741,22,6,'绞车运行日志及巡回检查记录',5,'裴森',7,'绞车运行日志及巡回检查记录','007','绞车运行日志及巡回检查记录','2015-01-15 16:05:44','准时','15','正常','IMG_20150115_152220.png',NULL,NULL),(18742,23,6,'绞车运行日志及巡回检查记录',5,'裴森',7,'绞车运行日志及巡回检查记录','007','绞车运行日志及巡回检查记录','2015-01-15 17:12:20','准时','16','正常','IMG_20150115_152220.png',NULL,NULL),(18743,24,6,'绞车运行日志及巡回检查记录',5,'裴森',7,'绞车运行日志及巡回检查记录','007','绞车运行日志及巡回检查记录','2015-01-15 18:20:43','准时','17','正常','IMG_20150115_152220.png',NULL,NULL),(18744,25,6,'绞车运行日志及巡回检查记录',5,'裴森',7,'绞车运行日志及巡回检查记录','007','绞车运行日志及巡回检查记录','2015-01-15 19:11:22','准时','18','正常','IMG_20150115_152220.png',NULL,NULL),(18745,26,6,'绞车运行日志及巡回检查记录',5,'裴森',7,'绞车运行日志及巡回检查记录','007','绞车运行日志及巡回检查记录','2015-01-15 20:13:07','准时','19','正常','IMG_20150115_152220.png',NULL,NULL),(18746,27,6,'绞车运行日志及巡回检查记录',5,'裴森',7,'绞车运行日志及巡回检查记录','007','绞车运行日志及巡回检查记录','2015-01-15 21:15:05','准时','20','正常','IMG_20150115_152220.png',NULL,NULL),(18747,28,6,'绞车运行日志及巡回检查记录',5,'裴森',7,'绞车运行日志及巡回检查记录','007','绞车运行日志及巡回检查记录','2015-01-15 22:18:09','准时','21','正常','IMG_20150115_152220.png',NULL,NULL),(18748,29,6,'绞车运行日志及巡回检查记录',26,'苑成智',7,'绞车运行日志及巡回检查记录','007','绞车运行日志及巡回检查记录','2015-01-15 23:19:49','准时','22','正常','IMG_20150115_231934.png',NULL,NULL),(18749,1,7,'提升机安全保护装置检查试验记录',21,'石磊',2,'提升机安全保护装置','002','提升机安全保护装置','2015-01-16 06:51:44','准时','1','正常','IMG_20150116_065101.png','刘博',NULL),(18750,2,1,'多绳绞车钢丝绳查验记录',14,'刘鹏',1,'多绳绞车钢丝绳','001','多绳绞车钢丝绳','2015-01-16 05:14:12','准时','1','正常','IMG_20150116_045710.png','丛金宝',NULL),(18751,3,8,'车房电工定期维护检修记录',21,'石磊',8,'车房电工定期维护检修记录','008','车房电工定期维护检修记录','2015-01-16 06:54:23','准时','1','正常','IMG_20150116_065405.png',NULL,NULL),(18752,7,3,'提升系统钳工包机日检（二）',29,'葛宝满',5,'提升系统钳工包机日检（二）','005','提升系统钳工包机日检（二）','2015-01-16 05:18:24','准时','1','正常','IMG_20150116_051724.png',NULL,NULL),(18753,8,2,'提升系统钳工包机日检（一）',18,'唐庆恩',4,'提升系统钳工包机日检（一）','004','提升系统钳工包机日检（一）','2015-01-16 05:26:23','准时','1','正常','IMG_20150116_052554.png',NULL,NULL),(18754,30,6,'绞车运行日志及巡回检查记录',26,'苑成智',7,'绞车运行日志及巡回检查记录','007','绞车运行日志及巡回检查记录','2015-01-16 00:22:10','准时','23','正常','IMG_20150115_231934.png',NULL,NULL),(18755,31,6,'绞车运行日志及巡回检查记录',26,'苑成智',7,'绞车运行日志及巡回检查记录','007','绞车运行日志及巡回检查记录','2015-01-16 01:23:05','准时','24','正常','IMG_20150115_231934.png',NULL,NULL),(18756,4,6,'绞车运行日志及巡回检查记录',26,'苑成智',7,'绞车运行日志及巡回检查记录','007','绞车运行日志及巡回检查记录','2015-01-16 02:24:06','准时','1','正常','IMG_20150115_231934.png',NULL,NULL),(18757,9,6,'绞车运行日志及巡回检查记录',26,'苑成智',7,'绞车运行日志及巡回检查记录','007','绞车运行日志及巡回检查记录','2015-01-16 03:26:20','准时','2','正常','IMG_20150115_231934.png',NULL,NULL),(18758,10,6,'绞车运行日志及巡回检查记录',26,'苑成智',7,'绞车运行日志及巡回检查记录','007','绞车运行日志及巡回检查记录','2015-01-16 04:29:07','准时','3','正常','IMG_20150115_231934.png',NULL,NULL),(18759,11,6,'绞车运行日志及巡回检查记录',26,'苑成智',7,'绞车运行日志及巡回检查记录','007','绞车运行日志及巡回检查记录','2015-01-16 05:30:12','准时','4','正常','IMG_20150115_231934.png',NULL,NULL),(18760,12,6,'绞车运行日志及巡回检查记录',26,'苑成智',7,'绞车运行日志及巡回检查记录','007','绞车运行日志及巡回检查记录','2015-01-16 06:36:13','准时','5','正常','IMG_20150115_231934.png',NULL,NULL),(18761,13,6,'绞车运行日志及巡回检查记录',24,'李乾',7,'绞车运行日志及巡回检查记录','007','绞车运行日志及巡回检查记录','2015-01-16 07:32:08','准时','6','正常','IMG_20150116_082857.png',NULL,NULL),(18762,14,6,'绞车运行日志及巡回检查记录',24,'李乾',7,'绞车运行日志及巡回检查记录','007','绞车运行日志及巡回检查记录','2015-01-16 08:29:55','准时','7','正常','IMG_20150116_082857.png',NULL,NULL),(18763,15,6,'绞车运行日志及巡回检查记录',24,'李乾',7,'绞车运行日志及巡回检查记录','007','绞车运行日志及巡回检查记录','2015-01-16 09:23:26','准时','8','正常','IMG_20150116_092310.png',NULL,NULL),(18764,16,6,'绞车运行日志及巡回检查记录',24,'李乾',7,'绞车运行日志及巡回检查记录','007','绞车运行日志及巡回检查记录','2015-01-16 10:36:12','准时','9','正常','IMG_20150116_092310.png',NULL,NULL),(18765,17,6,'绞车运行日志及巡回检查记录',24,'李乾',7,'绞车运行日志及巡回检查记录','007','绞车运行日志及巡回检查记录','2015-01-16 11:39:34','准时','10','正常','IMG_20150116_092310.png',NULL,NULL),(18766,18,6,'绞车运行日志及巡回检查记录',24,'李乾',7,'绞车运行日志及巡回检查记录','007','绞车运行日志及巡回检查记录','2015-01-16 12:30:23','准时','11','正常','IMG_20150116_123008.png',NULL,NULL),(18767,19,6,'绞车运行日志及巡回检查记录',24,'李乾',7,'绞车运行日志及巡回检查记录','007','绞车运行日志及巡回检查记录','2015-01-16 13:32:07','准时','12','正常','IMG_20150116_123008.png',NULL,NULL),(18768,20,6,'绞车运行日志及巡回检查记录',24,'李乾',7,'绞车运行日志及巡回检查记录','007','绞车运行日志及巡回检查记录','2015-01-16 14:08:15','准时','13','正常','IMG_20150116_123008.png',NULL,NULL),(18769,21,6,'绞车运行日志及巡回检查记录',30,'张炳杰',7,'绞车运行日志及巡回检查记录','007','绞车运行日志及巡回检查记录','2015-01-16 15:20:56','准时','14','正常','IMG_20150116_151823.png',NULL,NULL),(18770,22,6,'绞车运行日志及巡回检查记录',30,'张炳杰',7,'绞车运行日志及巡回检查记录','007','绞车运行日志及巡回检查记录','2015-01-16 16:41:58','准时','15','正常','IMG_20150116_164145.png',NULL,NULL),(18771,23,6,'绞车运行日志及巡回检查记录',30,'张炳杰',7,'绞车运行日志及巡回检查记录','007','绞车运行日志及巡回检查记录','2015-01-16 17:40:23','准时','16','正常','IMG_20150116_174004.png',NULL,NULL),(18772,24,6,'绞车运行日志及巡回检查记录',30,'张炳杰',7,'绞车运行日志及巡回检查记录','007','绞车运行日志及巡回检查记录','2015-01-16 18:35:30','准时','17','正常','IMG_20150116_183514.png',NULL,NULL),(18773,25,6,'绞车运行日志及巡回检查记录',30,'张炳杰',7,'绞车运行日志及巡回检查记录','007','绞车运行日志及巡回检查记录','2015-01-16 19:33:47','准时','18','正常','IMG_20150116_193318.png',NULL,NULL),(18774,26,6,'绞车运行日志及巡回检查记录',30,'张炳杰',7,'绞车运行日志及巡回检查记录','007','绞车运行日志及巡回检查记录','2015-01-16 20:35:14','准时','19','正常','IMG_20150116_193318.png',NULL,NULL),(18775,27,6,'绞车运行日志及巡回检查记录',1,'管理员',7,'绞车运行日志及巡回检查记录','007','绞车运行日志及巡回检查记录','2015-01-16 21:00:00','漏巡','20','漏巡','',NULL,NULL),(18776,28,6,'绞车运行日志及巡回检查记录',30,'张炳杰',7,'绞车运行日志及巡回检查记录','007','绞车运行日志及巡回检查记录','2015-01-16 22:34:14','准时','21','正常','IMG_20150116_193318.png',NULL,NULL),(18777,29,6,'绞车运行日志及巡回检查记录',1,'管理员',7,'绞车运行日志及巡回检查记录','007','绞车运行日志及巡回检查记录','2015-01-16 23:00:00','漏巡','22','漏巡','',NULL,NULL),(18778,1,7,'提升机安全保护装置检查试验记录',22,'高义涛',2,'提升机安全保护装置','002','提升机安全保护装置','2015-01-17 06:46:01','准时','1','正常','IMG_20150117_064523.png','杨磊',NULL),(18779,2,1,'多绳绞车钢丝绳查验记录',11,'耿鑫',1,'多绳绞车钢丝绳','001','多绳绞车钢丝绳','2015-01-17 05:52:25','准时','1','正常','IMG_20150117_055201.png','孟志坚',NULL),(18780,3,8,'车房电工定期维护检修记录',22,'高义涛',8,'车房电工定期维护检修记录','008','车房电工定期维护检修记录','2015-01-17 06:46:46','准时','1','正常','IMG_20150117_064523.png',NULL,NULL),(18781,7,3,'提升系统钳工包机日检（二）',1,'管理员',5,'提升系统钳工包机日检（二）','005','提升系统钳工包机日检（二）','2015-01-17 00:00:00','漏巡','1','漏巡','',NULL,NULL),(18782,8,2,'提升系统钳工包机日检（一）',28,'吕志忠',4,'提升系统钳工包机日检（一）','004','提升系统钳工包机日检（一）','2015-01-17 06:39:25','准时','1','正常','IMG_20150117_063857.png',NULL,NULL),(18783,30,6,'绞车运行日志及巡回检查记录',26,'苑成智',7,'绞车运行日志及巡回检查记录','007','绞车运行日志及巡回检查记录','2015-01-17 00:31:10','准时','23','正常','IMG_20150117_235527.png',NULL,NULL),(18784,31,6,'绞车运行日志及巡回检查记录',26,'苑成智',7,'绞车运行日志及巡回检查记录','007','绞车运行日志及巡回检查记录','2015-01-17 01:32:06','准时','24','正常','IMG_20150117_235527.png',NULL,NULL),(18785,4,6,'绞车运行日志及巡回检查记录',26,'苑成智',7,'绞车运行日志及巡回检查记录','007','绞车运行日志及巡回检查记录','2015-01-17 02:33:08','准时','1','正常','IMG_20150117_235527.png',NULL,NULL),(18786,9,6,'绞车运行日志及巡回检查记录',26,'苑成智',7,'绞车运行日志及巡回检查记录','007','绞车运行日志及巡回检查记录','2015-01-17 03:34:08','准时','2','正常','IMG_20150117_235527.png',NULL,NULL),(18787,10,6,'绞车运行日志及巡回检查记录',26,'苑成智',7,'绞车运行日志及巡回检查记录','007','绞车运行日志及巡回检查记录','2015-01-17 04:35:08','准时','3','正常','IMG_20150117_235527.png',NULL,NULL),(18788,11,6,'绞车运行日志及巡回检查记录',26,'苑成智',7,'绞车运行日志及巡回检查记录','007','绞车运行日志及巡回检查记录','2015-01-17 05:36:06','准时','4','正常','IMG_20150117_235527.png',NULL,NULL),(18789,12,6,'绞车运行日志及巡回检查记录',26,'苑成智',7,'绞车运行日志及巡回检查记录','007','绞车运行日志及巡回检查记录','2015-01-17 06:37:09','准时','5','正常','IMG_20150117_235527.png',NULL,NULL),(18790,13,6,'绞车运行日志及巡回检查记录',24,'李乾',7,'绞车运行日志及巡回检查记录','007','绞车运行日志及巡回检查记录','2015-01-17 07:25:10','准时','6','正常','IMG_20150117_080929.png',NULL,NULL),(18791,14,6,'绞车运行日志及巡回检查记录',24,'李乾',7,'绞车运行日志及巡回检查记录','007','绞车运行日志及巡回检查记录','2015-01-17 08:09:52','准时','7','正常','IMG_20150117_080929.png',NULL,NULL),(18792,15,6,'绞车运行日志及巡回检查记录',24,'李乾',7,'绞车运行日志及巡回检查记录','007','绞车运行日志及巡回检查记录','2015-01-17 09:35:08','准时','8','正常','IMG_20150117_093123.png',NULL,NULL),(18793,16,6,'绞车运行日志及巡回检查记录',24,'李乾',7,'绞车运行日志及巡回检查记录','007','绞车运行日志及巡回检查记录','2015-01-17 10:17:08','准时','9','正常','IMG_20150117_111400.png',NULL,NULL),(18794,17,6,'绞车运行日志及巡回检查记录',24,'李乾',7,'绞车运行日志及巡回检查记录','007','绞车运行日志及巡回检查记录','2015-01-17 11:14:10','准时','10','正常','IMG_20150117_111400.png',NULL,NULL),(18795,18,6,'绞车运行日志及巡回检查记录',24,'李乾',7,'绞车运行日志及巡回检查记录','007','绞车运行日志及巡回检查记录','2015-01-17 12:10:36','准时','11','正常','IMG_20150117_080929.png',NULL,NULL),(18796,19,6,'绞车运行日志及巡回检查记录',24,'李乾',7,'绞车运行日志及巡回检查记录','007','绞车运行日志及巡回检查记录','2015-01-17 13:07:46','准时','12','正常','IMG_20150117_130733.png',NULL,NULL),(18797,20,6,'绞车运行日志及巡回检查记录',24,'李乾',7,'绞车运行日志及巡回检查记录','007','绞车运行日志及巡回检查记录','2015-01-17 14:05:09','准时','13','正常','IMG_20150117_093123.png',NULL,NULL),(18798,29,6,'绞车运行日志及巡回检查记录',31,'周进伟',7,'绞车运行日志及巡回检查记录','007','绞车运行日志及巡回检查记录','2015-01-17 23:34:34','准时','22','正常','IMG_20150117_233404.png',NULL,NULL),(18799,30,6,'绞车运行日志及巡回检查记录',31,'周进伟',7,'绞车运行日志及巡回检查记录','007','绞车运行日志及巡回检查记录','2015-01-18 00:32:16','准时','23','正常','IMG_20150117_233404.png',NULL,NULL),(18800,21,6,'绞车运行日志及巡回检查记录',30,'张炳杰',7,'绞车运行日志及巡回检查记录','007','绞车运行日志及巡回检查记录','2015-01-17 15:13:32','准时','14','正常','IMG_20150117_151307.png',NULL,NULL),(18801,22,6,'绞车运行日志及巡回检查记录',30,'张炳杰',7,'绞车运行日志及巡回检查记录','007','绞车运行日志及巡回检查记录','2015-01-17 16:47:33','准时','15','正常','IMG_20150117_164720.png',NULL,NULL),(18802,23,6,'绞车运行日志及巡回检查记录',30,'张炳杰',7,'绞车运行日志及巡回检查记录','007','绞车运行日志及巡回检查记录','2015-01-17 17:33:05','准时','16','正常','IMG_20150117_173253.png',NULL,NULL),(18803,24,6,'绞车运行日志及巡回检查记录',30,'张炳杰',7,'绞车运行日志及巡回检查记录','007','绞车运行日志及巡回检查记录','2015-01-17 18:34:15','准时','17','正常','IMG_20150117_173253.png',NULL,NULL),(18804,25,6,'绞车运行日志及巡回检查记录',30,'张炳杰',7,'绞车运行日志及巡回检查记录','007','绞车运行日志及巡回检查记录','2015-01-17 19:35:05','准时','18','正常','IMG_20150117_173253.png',NULL,NULL),(18805,26,6,'绞车运行日志及巡回检查记录',30,'张炳杰',7,'绞车运行日志及巡回检查记录','007','绞车运行日志及巡回检查记录','2015-01-17 20:36:09','准时','19','正常','IMG_20150117_173253.png',NULL,NULL),(18806,27,6,'绞车运行日志及巡回检查记录',30,'张炳杰',7,'绞车运行日志及巡回检查记录','007','绞车运行日志及巡回检查记录','2015-01-17 21:37:12','准时','20','正常','IMG_20150117_173253.png',NULL,NULL),(18807,28,6,'绞车运行日志及巡回检查记录',30,'张炳杰',7,'绞车运行日志及巡回检查记录','007','绞车运行日志及巡回检查记录','2015-01-17 22:43:13','准时','21','正常','IMG_20150117_173253.png',NULL,NULL),(18808,1,7,'提升机安全保护装置检查试验记录',20,'郁奇峰',2,'提升机安全保护装置','002','提升机安全保护装置','2015-01-18 07:02:50','准时','1','正常','IMG_20150118_070215.png','孟志坚',NULL),(18809,2,1,'多绳绞车钢丝绳查验记录',15,'牛利生',1,'多绳绞车钢丝绳','001','多绳绞车钢丝绳','2015-01-18 04:21:15','准时','1','正常','IMG_20150118_042006.png','刘博',NULL),(18810,3,8,'车房电工定期维护检修记录',20,'郁奇峰',8,'车房电工定期维护检修记录','008','车房电工定期维护检修记录','2015-01-18 07:03:16','准时','1','正常','IMG_20150118_070215.png',NULL,NULL),(18811,7,3,'提升系统钳工包机日检（二）',15,'牛利生',5,'提升系统钳工包机日检（二）','005','提升系统钳工包机日检（二）','2015-01-18 04:28:59','准时','1','正常','IMG_20150118_042006.png',NULL,NULL),(18812,8,2,'提升系统钳工包机日检（一）',28,'吕志忠',4,'提升系统钳工包机日检（一）','004','提升系统钳工包机日检（一）','2015-01-18 05:49:50','准时','1','正常','IMG_20150118_054919.png',NULL,NULL),(18813,31,6,'绞车运行日志及巡回检查记录',31,'周进伟',7,'绞车运行日志及巡回检查记录','007','绞车运行日志及巡回检查记录','2015-01-18 01:35:09','准时','24','正常','IMG_20150117_233404.png',NULL,NULL),(18814,4,6,'绞车运行日志及巡回检查记录',31,'周进伟',7,'绞车运行日志及巡回检查记录','007','绞车运行日志及巡回检查记录','2015-01-18 02:30:08','准时','1','正常','IMG_20150117_233404.png',NULL,NULL),(18815,9,6,'绞车运行日志及巡回检查记录',31,'周进伟',7,'绞车运行日志及巡回检查记录','007','绞车运行日志及巡回检查记录','2015-01-18 03:31:09','准时','2','正常','IMG_20150117_233404.png',NULL,NULL),(18816,10,6,'绞车运行日志及巡回检查记录',31,'周进伟',7,'绞车运行日志及巡回检查记录','007','绞车运行日志及巡回检查记录','2015-01-18 04:33:12','准时','3','正常','IMG_20150117_233404.png',NULL,NULL),(18817,11,6,'绞车运行日志及巡回检查记录',31,'周进伟',7,'绞车运行日志及巡回检查记录','007','绞车运行日志及巡回检查记录','2015-01-18 05:35:08','准时','4','正常','IMG_20150117_233404.png',NULL,NULL),(18818,12,6,'绞车运行日志及巡回检查记录',31,'周进伟',7,'绞车运行日志及巡回检查记录','007','绞车运行日志及巡回检查记录','2015-01-18 06:32:07','准时','5','正常','IMG_20150117_233404.png',NULL,NULL),(18819,13,6,'绞车运行日志及巡回检查记录',6,'李健',7,'绞车运行日志及巡回检查记录','007','绞车运行日志及巡回检查记录','2015-01-18 07:47:37','准时','6','正常','IMG_20150118_074726.png',NULL,NULL),(18820,14,6,'绞车运行日志及巡回检查记录',6,'李健',7,'绞车运行日志及巡回检查记录','007','绞车运行日志及巡回检查记录','2015-01-18 08:44:18','准时','7','正常','IMG_20150118_084404.png',NULL,NULL),(18821,15,6,'绞车运行日志及巡回检查记录',6,'李健',7,'绞车运行日志及巡回检查记录','007','绞车运行日志及巡回检查记录','2015-01-18 09:42:09','准时','8','正常','IMG_20150118_113945.png',NULL,NULL),(18822,16,6,'绞车运行日志及巡回检查记录',1,'管理员',7,'绞车运行日志及巡回检查记录','007','绞车运行日志及巡回检查记录','2015-01-18 10:00:00','漏巡','9','漏巡','',NULL,NULL),(18823,17,6,'绞车运行日志及巡回检查记录',6,'李健',7,'绞车运行日志及巡回检查记录','007','绞车运行日志及巡回检查记录','2015-01-18 11:41:34','准时','10','正常','IMG_20150118_113945.png',NULL,NULL),(18824,18,6,'绞车运行日志及巡回检查记录',6,'李健',7,'绞车运行日志及巡回检查记录','007','绞车运行日志及巡回检查记录','2015-01-18 12:59:14','准时','11','正常','IMG_20150118_074726.png',NULL,NULL),(18825,19,6,'绞车运行日志及巡回检查记录',6,'李健',7,'绞车运行日志及巡回检查记录','007','绞车运行日志及巡回检查记录','2015-01-18 13:00:24','准时','12','正常','IMG_20150118_074726.png',NULL,NULL),(18826,20,6,'绞车运行日志及巡回检查记录',6,'李健',7,'绞车运行日志及巡回检查记录','007','绞车运行日志及巡回检查记录','2015-01-18 14:02:20','准时','13','正常','IMG_20150118_074726.png',NULL,NULL),(18827,21,6,'绞车运行日志及巡回检查记录',5,'裴森',7,'绞车运行日志及巡回检查记录','007','绞车运行日志及巡回检查记录','2015-01-18 15:12:14','准时','14','正常','IMG_20150118_151153.png',NULL,NULL),(18828,22,6,'绞车运行日志及巡回检查记录',5,'裴森',7,'绞车运行日志及巡回检查记录','007','绞车运行日志及巡回检查记录','2015-01-18 16:29:12','准时','15','正常','IMG_20150118_151153.png',NULL,NULL),(18829,23,6,'绞车运行日志及巡回检查记录',5,'裴森',7,'绞车运行日志及巡回检查记录','007','绞车运行日志及巡回检查记录','2015-01-18 17:31:08','准时','16','正常','IMG_20150118_151153.png',NULL,NULL),(18830,24,6,'绞车运行日志及巡回检查记录',5,'裴森',7,'绞车运行日志及巡回检查记录','007','绞车运行日志及巡回检查记录','2015-01-18 18:26:16','准时','17','正常','IMG_20150118_151153.png',NULL,NULL),(18831,25,6,'绞车运行日志及巡回检查记录',5,'裴森',7,'绞车运行日志及巡回检查记录','007','绞车运行日志及巡回检查记录','2015-01-18 19:21:19','准时','18','正常','IMG_20150118_151153.png',NULL,NULL),(18832,26,6,'绞车运行日志及巡回检查记录',5,'裴森',7,'绞车运行日志及巡回检查记录','007','绞车运行日志及巡回检查记录','2015-01-18 20:17:09','准时','19','正常','IMG_20150118_151153.png',NULL,NULL),(18833,27,6,'绞车运行日志及巡回检查记录',5,'裴森',7,'绞车运行日志及巡回检查记录','007','绞车运行日志及巡回检查记录','2015-01-18 21:14:05','准时','20','正常','IMG_20150118_151153.png',NULL,NULL),(18834,28,6,'绞车运行日志及巡回检查记录',5,'裴森',7,'绞车运行日志及巡回检查记录','007','绞车运行日志及巡回检查记录','2015-01-18 22:16:09','准时','21','正常','IMG_20150118_151153.png',NULL,NULL),(18835,29,6,'绞车运行日志及巡回检查记录',21,'石磊',7,'绞车运行日志及巡回检查记录','007','绞车运行日志及巡回检查记录','2015-01-18 23:19:17','准时','22','正常','IMG_20150119_061537.png',NULL,NULL),(18836,1,7,'提升机安全保护装置检查试验记录',21,'石磊',2,'提升机安全保护装置','002','提升机安全保护装置','2015-01-19 06:06:12','准时','1','正常','IMG_20150119_060543.png','刘博',NULL),(18837,2,1,'多绳绞车钢丝绳查验记录',11,'耿鑫',1,'多绳绞车钢丝绳','001','多绳绞车钢丝绳','2015-01-19 07:24:33','准时','1','正常','IMG_20150119_072359.png','孟志坚',NULL),(18838,3,8,'车房电工定期维护检修记录',21,'石磊',8,'车房电工定期维护检修记录','008','车房电工定期维护检修记录','2015-01-19 06:07:10','准时','1','正常','IMG_20150119_060657.png',NULL,NULL),(18839,5,5,'提升系统起重工周检',15,'牛利生',3,'提升系统起重工周检','003','提升系统起重工周检','2015-01-25 04:32:30','准时','1','正常','IMG_20150125_042825.png',NULL,NULL),(18840,6,4,'提升系统钳工周检',28,'吕志忠',6,'提升系统钳工周检','006','提升系统钳工周检','2015-01-21 06:21:42','准时','1','正常','IMG_20150121_061531.png',NULL,NULL),(18841,7,3,'提升系统钳工包机日检（二）',29,'葛宝满',5,'提升系统钳工包机日检（二）','005','提升系统钳工包机日检（二）','2015-01-19 05:46:29','准时','1','正常','IMG_20150119_054552.png',NULL,NULL),(18842,8,2,'提升系统钳工包机日检（一）',28,'吕志忠',4,'提升系统钳工包机日检（一）','004','提升系统钳工包机日检（一）','2015-01-19 06:04:38','准时','1','正常','IMG_20150119_060413.png',NULL,NULL),(18843,30,6,'绞车运行日志及巡回检查记录',21,'石磊',7,'绞车运行日志及巡回检查记录','007','绞车运行日志及巡回检查记录','2015-01-19 00:21:08','准时','23','正常','IMG_20150119_061537.png',NULL,NULL),(18844,31,6,'绞车运行日志及巡回检查记录',1,'管理员',7,'绞车运行日志及巡回检查记录','007','绞车运行日志及巡回检查记录','2015-01-19 01:00:00','漏巡','24','漏巡','',NULL,NULL),(18845,4,6,'绞车运行日志及巡回检查记录',21,'石磊',7,'绞车运行日志及巡回检查记录','007','绞车运行日志及巡回检查记录','2015-01-19 02:19:05','准时','1','正常','IMG_20150119_061537.png',NULL,NULL),(18846,9,6,'绞车运行日志及巡回检查记录',1,'管理员',7,'绞车运行日志及巡回检查记录','007','绞车运行日志及巡回检查记录','2015-01-19 03:00:00','漏巡','2','漏巡','',NULL,NULL),(18847,10,6,'绞车运行日志及巡回检查记录',21,'石磊',7,'绞车运行日志及巡回检查记录','007','绞车运行日志及巡回检查记录','2015-01-19 04:19:06','准时','3','正常','IMG_20150119_061537.png',NULL,NULL),(18848,11,6,'绞车运行日志及巡回检查记录',21,'石磊',7,'绞车运行日志及巡回检查记录','007','绞车运行日志及巡回检查记录','2015-01-19 05:17:06','准时','4','正常','IMG_20150119_061537.png',NULL,NULL),(18849,12,6,'绞车运行日志及巡回检查记录',21,'石磊',7,'绞车运行日志及巡回检查记录','007','绞车运行日志及巡回检查记录','2015-01-19 06:15:07','准时','5','正常','IMG_20150119_061537.png',NULL,NULL),(18850,13,6,'绞车运行日志及巡回检查记录',6,'李健',7,'绞车运行日志及巡回检查记录','007','绞车运行日志及巡回检查记录','2015-01-19 07:28:03','准时','6','正常','IMG_20150119_082630.png',NULL,NULL),(18851,14,6,'绞车运行日志及巡回检查记录',6,'李健',7,'绞车运行日志及巡回检查记录','007','绞车运行日志及巡回检查记录','2015-01-19 08:26:41','准时','7','正常','IMG_20150119_082630.png',NULL,NULL),(18852,15,6,'绞车运行日志及巡回检查记录',6,'李健',7,'绞车运行日志及巡回检查记录','007','绞车运行日志及巡回检查记录','2015-01-19 09:23:02','准时','8','正常','IMG_20150119_112115.png',NULL,NULL),(18853,16,6,'绞车运行日志及巡回检查记录',6,'李健',7,'绞车运行日志及巡回检查记录','007','绞车运行日志及巡回检查记录','2015-01-19 10:22:04','准时','9','正常','IMG_20150119_112115.png',NULL,NULL),(18854,17,6,'绞车运行日志及巡回检查记录',6,'李健',7,'绞车运行日志及巡回检查记录','007','绞车运行日志及巡回检查记录','2015-01-19 11:21:34','准时','10','正常','IMG_20150119_112115.png',NULL,NULL),(18855,18,6,'绞车运行日志及巡回检查记录',6,'李健',7,'绞车运行日志及巡回检查记录','007','绞车运行日志及巡回检查记录','2015-01-19 12:18:03','准时','11','正常','IMG_20150119_141402.png',NULL,NULL),(18856,19,6,'绞车运行日志及巡回检查记录',6,'李健',7,'绞车运行日志及巡回检查记录','007','绞车运行日志及巡回检查记录','2015-01-19 13:17:03','准时','12','正常','IMG_20150119_141402.png',NULL,NULL),(18857,20,6,'绞车运行日志及巡回检查记录',6,'李健',7,'绞车运行日志及巡回检查记录','007','绞车运行日志及巡回检查记录','2015-01-19 14:15:45','准时','13','正常','IMG_20150119_141402.png',NULL,NULL),(18858,21,6,'绞车运行日志及巡回检查记录',5,'裴森',7,'绞车运行日志及巡回检查记录','007','绞车运行日志及巡回检查记录','2015-01-19 15:16:10','准时','14','正常','IMG_20150119_151554.png',NULL,NULL),(18859,22,6,'绞车运行日志及巡回检查记录',5,'裴森',7,'绞车运行日志及巡回检查记录','007','绞车运行日志及巡回检查记录','2015-01-19 16:26:02','准时','15','正常','IMG_20150119_151554.png',NULL,NULL),(18860,23,6,'绞车运行日志及巡回检查记录',5,'裴森',7,'绞车运行日志及巡回检查记录','007','绞车运行日志及巡回检查记录','2015-01-19 17:18:09','准时','16','正常','IMG_20150119_151554.png',NULL,NULL),(18861,24,6,'绞车运行日志及巡回检查记录',5,'裴森',7,'绞车运行日志及巡回检查记录','007','绞车运行日志及巡回检查记录','2015-01-19 18:22:15','准时','17','正常','IMG_20150119_151554.png',NULL,NULL),(18862,25,6,'绞车运行日志及巡回检查记录',5,'裴森',7,'绞车运行日志及巡回检查记录','007','绞车运行日志及巡回检查记录','2015-01-19 19:17:04','准时','18','正常','IMG_20150119_151554.png',NULL,NULL),(18863,26,6,'绞车运行日志及巡回检查记录',5,'裴森',7,'绞车运行日志及巡回检查记录','007','绞车运行日志及巡回检查记录','2015-01-19 20:18:57','准时','19','正常','IMG_20150119_151554.png',NULL,NULL),(18864,27,6,'绞车运行日志及巡回检查记录',5,'裴森',7,'绞车运行日志及巡回检查记录','007','绞车运行日志及巡回检查记录','2015-01-19 21:15:07','准时','20','正常','IMG_20150119_151554.png',NULL,NULL),(18865,28,6,'绞车运行日志及巡回检查记录',5,'裴森',7,'绞车运行日志及巡回检查记录','007','绞车运行日志及巡回检查记录','2015-01-19 22:11:07','准时','21','正常','IMG_20150119_151554.png',NULL,NULL),(18866,29,6,'绞车运行日志及巡回检查记录',27,'侯巍',7,'绞车运行日志及巡回检查记录','007','绞车运行日志及巡回检查记录','2015-01-19 23:12:15','准时','22','正常','IMG_20150120_064250.png',NULL,NULL),(18867,1,7,'提升机安全保护装置检查试验记录',22,'高义涛',2,'提升机安全保护装置','002','提升机安全保护装置','2015-01-20 06:26:22','准时','1','正常','IMG_20150120_062518.png','杨磊',NULL),(18868,2,1,'多绳绞车钢丝绳查验记录',14,'刘鹏',1,'多绳绞车钢丝绳','001','多绳绞车钢丝绳','2015-01-20 04:23:30','准时','1','正常','IMG_20150120_042113.png','刘超',NULL),(18869,3,8,'车房电工定期维护检修记录',28,'吕志忠',8,'车房电工定期维护检修记录','008','车房电工定期维护检修记录','2015-01-20 07:10:41','准时','1','正常','IMG_20150120_065452.png',NULL,NULL),(18870,7,3,'提升系统钳工包机日检（二）',29,'葛宝满',5,'提升系统钳工包机日检（二）','005','提升系统钳工包机日检（二）','2015-01-20 04:55:43','准时','1','正常','IMG_20150120_045508.png',NULL,NULL),(18871,8,2,'提升系统钳工包机日检（一）',28,'吕志忠',4,'提升系统钳工包机日检（一）','004','提升系统钳工包机日检（一）','2015-01-20 06:55:16','准时','1','正常','IMG_20150120_065452.png',NULL,NULL),(18872,30,6,'绞车运行日志及巡回检查记录',6,'李健',7,'绞车运行日志及巡回检查记录','007','绞车运行日志及巡回检查记录','2015-01-20 00:30:05','准时','23','正常','IMG_20150120_085728.png',NULL,NULL),(18873,31,6,'绞车运行日志及巡回检查记录',6,'李健',7,'绞车运行日志及巡回检查记录','007','绞车运行日志及巡回检查记录','2015-01-20 01:34:46','准时','24','正常','IMG_20150120_085728.png',NULL,NULL),(18874,4,6,'绞车运行日志及巡回检查记录',1,'管理员',7,'绞车运行日志及巡回检查记录','007','绞车运行日志及巡回检查记录','2015-01-20 02:00:00','漏巡','1','漏巡','',NULL,NULL),(18875,9,6,'绞车运行日志及巡回检查记录',27,'侯巍',7,'绞车运行日志及巡回检查记录','007','绞车运行日志及巡回检查记录','2015-01-20 03:14:08','准时','2','正常','IMG_20150120_064250.png',NULL,NULL),(18876,10,6,'绞车运行日志及巡回检查记录',27,'侯巍',7,'绞车运行日志及巡回检查记录','007','绞车运行日志及巡回检查记录','2015-01-20 04:10:07','准时','3','正常','IMG_20150120_064250.png',NULL,NULL),(18877,11,6,'绞车运行日志及巡回检查记录',27,'侯巍',7,'绞车运行日志及巡回检查记录','007','绞车运行日志及巡回检查记录','2015-01-20 05:12:08','准时','4','正常','IMG_20150120_064250.png',NULL,NULL),(18878,12,6,'绞车运行日志及巡回检查记录',27,'侯巍',7,'绞车运行日志及巡回检查记录','007','绞车运行日志及巡回检查记录','2015-01-20 06:11:42','准时','5','正常','IMG_20150120_064250.png',NULL,NULL),(18879,13,6,'绞车运行日志及巡回检查记录',24,'李乾',7,'绞车运行日志及巡回检查记录','007','绞车运行日志及巡回检查记录','2015-01-20 07:49:14','准时','6','正常','IMG_20150120_074843.png',NULL,NULL),(18880,14,6,'绞车运行日志及巡回检查记录',6,'李健',7,'绞车运行日志及巡回检查记录','007','绞车运行日志及巡回检查记录','2015-01-20 08:57:40','准时','7','正常','IMG_20150120_085728.png',NULL,NULL),(18881,15,6,'绞车运行日志及巡回检查记录',6,'李健',7,'绞车运行日志及巡回检查记录','007','绞车运行日志及巡回检查记录','2015-01-20 09:55:05','准时','8','正常','IMG_20150120_115218.png',NULL,NULL),(18882,16,6,'绞车运行日志及巡回检查记录',6,'李健',7,'绞车运行日志及巡回检查记录','007','绞车运行日志及巡回检查记录','2015-01-20 10:54:08','准时','9','正常','IMG_20150120_115218.png',NULL,NULL),(18883,17,6,'绞车运行日志及巡回检查记录',6,'李健',7,'绞车运行日志及巡回检查记录','007','绞车运行日志及巡回检查记录','2015-01-20 11:52:42','准时','10','正常','IMG_20150120_115218.png',NULL,NULL),(18884,18,6,'绞车运行日志及巡回检查记录',24,'李乾',7,'绞车运行日志及巡回检查记录','007','绞车运行日志及巡回检查记录','2015-01-20 12:50:06','准时','11','正常','IMG_20150120_074843.png',NULL,NULL),(18885,19,6,'绞车运行日志及巡回检查记录',24,'李乾',7,'绞车运行日志及巡回检查记录','007','绞车运行日志及巡回检查记录','2015-01-20 13:52:05','准时','12','正常','IMG_20150120_074843.png',NULL,NULL),(18886,20,6,'绞车运行日志及巡回检查记录',6,'李健',7,'绞车运行日志及巡回检查记录','007','绞车运行日志及巡回检查记录','2015-01-20 14:13:18','准时','13','正常','IMG_20150120_085728.png',NULL,NULL),(18887,25,6,'绞车运行日志及巡回检查记录',5,'裴森',7,'绞车运行日志及巡回检查记录','007','绞车运行日志及巡回检查记录','2015-01-20 19:34:18','准时','18','正常','IMG_20150120_151932.png',NULL,NULL),(18888,21,6,'绞车运行日志及巡回检查记录',5,'裴森',7,'绞车运行日志及巡回检查记录','007','绞车运行日志及巡回检查记录','2015-01-20 15:19:48','准时','14','正常','IMG_20150120_151932.png',NULL,NULL),(18889,22,6,'绞车运行日志及巡回检查记录',5,'裴森',7,'绞车运行日志及巡回检查记录','007','绞车运行日志及巡回检查记录','2015-01-20 16:12:48','准时','15','正常','IMG_20150120_151932.png',NULL,NULL),(18890,23,6,'绞车运行日志及巡回检查记录',5,'裴森',7,'绞车运行日志及巡回检查记录','007','绞车运行日志及巡回检查记录','2015-01-20 17:35:06','准时','16','正常','IMG_20150120_151932.png',NULL,NULL),(18891,24,6,'绞车运行日志及巡回检查记录',5,'裴森',7,'绞车运行日志及巡回检查记录','007','绞车运行日志及巡回检查记录','2015-01-20 18:37:07','准时','17','正常','IMG_20150120_151932.png',NULL,NULL),(18892,26,6,'绞车运行日志及巡回检查记录',5,'裴森',7,'绞车运行日志及巡回检查记录','007','绞车运行日志及巡回检查记录','2015-01-20 20:32:05','准时','19','正常','IMG_20150120_151932.png',NULL,NULL),(18893,27,6,'绞车运行日志及巡回检查记录',5,'裴森',7,'绞车运行日志及巡回检查记录','007','绞车运行日志及巡回检查记录','2015-01-20 21:29:05','准时','20','正常','IMG_20150120_151932.png',NULL,NULL),(18894,28,6,'绞车运行日志及巡回检查记录',5,'裴森',7,'绞车运行日志及巡回检查记录','007','绞车运行日志及巡回检查记录','2015-01-20 22:22:07','准时','21','正常','IMG_20150120_151932.png',NULL,NULL),(18895,29,6,'绞车运行日志及巡回检查记录',26,'苑成智',7,'绞车运行日志及巡回检查记录','007','绞车运行日志及巡回检查记录','2015-01-20 23:14:35','准时','22','正常','IMG_20150120_231416.png',NULL,NULL),(18896,1,7,'提升机安全保护装置检查试验记录',20,'郁奇峰',2,'提升机安全保护装置','002','提升机安全保护装置','2015-01-21 06:30:26','准时','1','正常','IMG_20150121_062952.png','孟志坚',NULL),(18897,2,1,'多绳绞车钢丝绳查验记录',14,'刘鹏',1,'多绳绞车钢丝绳','001','多绳绞车钢丝绳','2015-01-21 06:54:24','准时','1','正常','IMG_20150121_065316.png','郑威',NULL),(18898,3,8,'车房电工定期维护检修记录',20,'郁奇峰',8,'车房电工定期维护检修记录','008','车房电工定期维护检修记录','2015-01-21 06:31:10','准时','1','正常','IMG_20150121_062952.png',NULL,NULL),(18899,7,3,'提升系统钳工包机日检（二）',29,'葛宝满',5,'提升系统钳工包机日检（二）','005','提升系统钳工包机日检（二）','2015-01-21 06:50:45','准时','1','正常','IMG_20150121_064754.png',NULL,NULL),(18900,8,2,'提升系统钳工包机日检（一）',28,'吕志忠',4,'提升系统钳工包机日检（一）','004','提升系统钳工包机日检（一）','2015-01-21 06:15:52','准时','1','正常','IMG_20150121_061531.png',NULL,NULL),(18901,30,6,'绞车运行日志及巡回检查记录',26,'苑成智',7,'绞车运行日志及巡回检查记录','007','绞车运行日志及巡回检查记录','2015-01-21 00:17:59','准时','23','正常','IMG_20150120_231416.png',NULL,NULL),(18902,31,6,'绞车运行日志及巡回检查记录',1,'管理员',7,'绞车运行日志及巡回检查记录','007','绞车运行日志及巡回检查记录','2015-01-21 01:00:00','漏巡','24','漏巡','',NULL,NULL),(18903,4,6,'绞车运行日志及巡回检查记录',26,'苑成智',7,'绞车运行日志及巡回检查记录','007','绞车运行日志及巡回检查记录','2015-01-21 02:21:10','准时','1','正常','IMG_20150120_231416.png',NULL,NULL),(18904,9,6,'绞车运行日志及巡回检查记录',26,'苑成智',7,'绞车运行日志及巡回检查记录','007','绞车运行日志及巡回检查记录','2015-01-21 03:22:09','准时','2','正常','IMG_20150120_231416.png',NULL,NULL),(18905,10,6,'绞车运行日志及巡回检查记录',26,'苑成智',7,'绞车运行日志及巡回检查记录','007','绞车运行日志及巡回检查记录','2015-01-21 04:23:07','准时','3','正常','IMG_20150120_231416.png',NULL,NULL),(18906,11,6,'绞车运行日志及巡回检查记录',26,'苑成智',7,'绞车运行日志及巡回检查记录','007','绞车运行日志及巡回检查记录','2015-01-21 05:24:08','准时','4','正常','IMG_20150120_231416.png',NULL,NULL),(18907,12,6,'绞车运行日志及巡回检查记录',26,'苑成智',7,'绞车运行日志及巡回检查记录','007','绞车运行日志及巡回检查记录','2015-01-21 06:25:10','准时','5','正常','IMG_20150120_231416.png',NULL,NULL),(18908,13,6,'绞车运行日志及巡回检查记录',24,'李乾',7,'绞车运行日志及巡回检查记录','007','绞车运行日志及巡回检查记录','2015-01-21 07:29:06','准时','6','正常','IMG_20150121_101415.png',NULL,NULL),(18909,14,6,'绞车运行日志及巡回检查记录',24,'李乾',7,'绞车运行日志及巡回检查记录','007','绞车运行日志及巡回检查记录','2015-01-21 08:30:03','准时','7','正常','IMG_20150121_101415.png',NULL,NULL),(18910,15,6,'绞车运行日志及巡回检查记录',24,'李乾',7,'绞车运行日志及巡回检查记录','007','绞车运行日志及巡回检查记录','2015-01-21 09:31:39','准时','8','正常','IMG_20150121_101415.png',NULL,NULL),(18911,16,6,'绞车运行日志及巡回检查记录',24,'李乾',7,'绞车运行日志及巡回检查记录','007','绞车运行日志及巡回检查记录','2015-01-21 10:14:58','准时','9','正常','IMG_20150121_101415.png',NULL,NULL),(18912,17,6,'绞车运行日志及巡回检查记录',24,'李乾',7,'绞车运行日志及巡回检查记录','007','绞车运行日志及巡回检查记录','2015-01-21 11:35:23','准时','10','正常','IMG_20150121_101415.png',NULL,NULL),(18913,18,6,'绞车运行日志及巡回检查记录',24,'李乾',7,'绞车运行日志及巡回检查记录','007','绞车运行日志及巡回检查记录','2015-01-21 12:40:40','准时','11','正常','IMG_20150121_101415.png',NULL,NULL),(18914,19,6,'绞车运行日志及巡回检查记录',24,'李乾',7,'绞车运行日志及巡回检查记录','007','绞车运行日志及巡回检查记录','2015-01-21 13:48:33','准时','12','正常','IMG_20150121_101415.png',NULL,NULL),(18915,20,6,'绞车运行日志及巡回检查记录',24,'李乾',7,'绞车运行日志及巡回检查记录','007','绞车运行日志及巡回检查记录','2015-01-21 14:48:54','准时','13','正常','IMG_20150121_101415.png',NULL,NULL),(18916,1,7,'提升机安全保护装置检查试验记录',22,'高义涛',2,'提升机安全保护装置','002','提升机安全保护装置','2015-01-22 08:28:43','准时','1','正常','IMG_20150122_082800.png','刘超',NULL),(18917,2,1,'多绳绞车钢丝绳查验记录',15,'牛利生',1,'多绳绞车钢丝绳','001','多绳绞车钢丝绳','2015-01-22 06:06:38','准时','1','正常','IMG_20150122_060535.png','杨磊',NULL),(18918,3,8,'车房电工定期维护检修记录',22,'高义涛',8,'车房电工定期维护检修记录','008','车房电工定期维护检修记录','2015-01-22 08:29:28','准时','1','正常','IMG_20150122_082800.png',NULL,NULL),(18919,7,3,'提升系统钳工包机日检（二）',29,'葛宝满',5,'提升系统钳工包机日检（二）','005','提升系统钳工包机日检（二）','2015-01-22 05:14:47','准时','1','正常','IMG_20150122_051414.png',NULL,NULL),(18920,8,2,'提升系统钳工包机日检（一）',18,'唐庆恩',4,'提升系统钳工包机日检（一）','004','提升系统钳工包机日检（一）','2015-01-22 05:33:43','准时','1','正常','IMG_20150122_053320.png',NULL,NULL),(18921,11,6,'绞车运行日志及巡回检查记录',31,'周进伟',7,'绞车运行日志及巡回检查记录','007','绞车运行日志及巡回检查记录','2015-01-22 05:34:22','准时','4','正常','IMG_20150121_233205.png',NULL,NULL),(18922,12,6,'绞车运行日志及巡回检查记录',31,'周进伟',7,'绞车运行日志及巡回检查记录','007','绞车运行日志及巡回检查记录','2015-01-22 06:35:13','准时','5','正常','IMG_20150121_233205.png',NULL,NULL),(18923,13,6,'绞车运行日志及巡回检查记录',6,'李健',7,'绞车运行日志及巡回检查记录','007','绞车运行日志及巡回检查记录','2015-01-22 07:47:10','准时','6','正常','IMG_20150122_084403.png',NULL,NULL),(18924,21,6,'绞车运行日志及巡回检查记录',5,'裴森',7,'绞车运行日志及巡回检查记录','007','绞车运行日志及巡回检查记录','2015-01-21 15:45:25','准时','14','正常','IMG_20150121_154423.png',NULL,NULL),(18925,22,6,'绞车运行日志及巡回检查记录',5,'裴森',7,'绞车运行日志及巡回检查记录','007','绞车运行日志及巡回检查记录','2015-01-21 16:10:07','准时','15','正常','IMG_20150121_154423.png',NULL,NULL),(18926,23,6,'绞车运行日志及巡回检查记录',5,'裴森',7,'绞车运行日志及巡回检查记录','007','绞车运行日志及巡回检查记录','2015-01-21 17:25:06','准时','16','正常','IMG_20150121_154423.png',NULL,NULL),(18927,24,6,'绞车运行日志及巡回检查记录',5,'裴森',7,'绞车运行日志及巡回检查记录','007','绞车运行日志及巡回检查记录','2015-01-21 18:01:18','准时','17','正常','IMG_20150121_154423.png',NULL,NULL),(18928,25,6,'绞车运行日志及巡回检查记录',5,'裴森',7,'绞车运行日志及巡回检查记录','007','绞车运行日志及巡回检查记录','2015-01-21 19:08:07','准时','18','正常','IMG_20150121_154423.png',NULL,NULL),(18929,26,6,'绞车运行日志及巡回检查记录',5,'裴森',7,'绞车运行日志及巡回检查记录','007','绞车运行日志及巡回检查记录','2015-01-21 20:15:05','准时','19','正常','IMG_20150121_154423.png',NULL,NULL),(18930,27,6,'绞车运行日志及巡回检查记录',5,'裴森',7,'绞车运行日志及巡回检查记录','007','绞车运行日志及巡回检查记录','2015-01-21 21:16:05','准时','20','正常','IMG_20150121_154423.png',NULL,NULL),(18931,28,6,'绞车运行日志及巡回检查记录',5,'裴森',7,'绞车运行日志及巡回检查记录','007','绞车运行日志及巡回检查记录','2015-01-21 22:17:07','准时','21','正常','IMG_20150121_154423.png',NULL,NULL),(18932,29,6,'绞车运行日志及巡回检查记录',31,'周进伟',7,'绞车运行日志及巡回检查记录','007','绞车运行日志及巡回检查记录','2015-01-21 23:32:37','准时','22','正常','IMG_20150121_233205.png',NULL,NULL),(18933,30,6,'绞车运行日志及巡回检查记录',31,'周进伟',7,'绞车运行日志及巡回检查记录','007','绞车运行日志及巡回检查记录','2015-01-22 00:34:08','准时','23','正常','IMG_20150121_233205.png',NULL,NULL),(18934,31,6,'绞车运行日志及巡回检查记录',31,'周进伟',7,'绞车运行日志及巡回检查记录','007','绞车运行日志及巡回检查记录','2015-01-22 01:32:12','准时','24','正常','IMG_20150121_233205.png',NULL,NULL),(18935,4,6,'绞车运行日志及巡回检查记录',31,'周进伟',7,'绞车运行日志及巡回检查记录','007','绞车运行日志及巡回检查记录','2015-01-22 02:33:07','准时','1','正常','IMG_20150121_233205.png',NULL,NULL),(18936,9,6,'绞车运行日志及巡回检查记录',31,'周进伟',7,'绞车运行日志及巡回检查记录','007','绞车运行日志及巡回检查记录','2015-01-22 03:35:13','准时','2','正常','IMG_20150121_233205.png',NULL,NULL),(18937,10,6,'绞车运行日志及巡回检查记录',31,'周进伟',7,'绞车运行日志及巡回检查记录','007','绞车运行日志及巡回检查记录','2015-01-22 04:32:08','准时','3','正常','IMG_20150121_233205.png',NULL,NULL),(18938,14,6,'绞车运行日志及巡回检查记录',6,'李健',7,'绞车运行日志及巡回检查记录','007','绞车运行日志及巡回检查记录','2015-01-22 08:44:15','准时','7','正常','IMG_20150122_084403.png',NULL,NULL),(18939,15,6,'绞车运行日志及巡回检查记录',6,'李健',7,'绞车运行日志及巡回检查记录','007','绞车运行日志及巡回检查记录','2015-01-22 09:37:26','准时','8','正常','IMG_20150122_123406.png',NULL,NULL),(18940,16,6,'绞车运行日志及巡回检查记录',6,'李健',7,'绞车运行日志及巡回检查记录','007','绞车运行日志及巡回检查记录','2015-01-22 10:36:04','准时','9','正常','IMG_20150122_123406.png',NULL,NULL),(18941,17,6,'绞车运行日志及巡回检查记录',6,'李健',7,'绞车运行日志及巡回检查记录','007','绞车运行日志及巡回检查记录','2015-01-22 11:35:03','准时','10','正常','IMG_20150122_123406.png',NULL,NULL),(18942,18,6,'绞车运行日志及巡回检查记录',6,'李健',7,'绞车运行日志及巡回检查记录','007','绞车运行日志及巡回检查记录','2015-01-22 12:34:18','准时','11','正常','IMG_20150122_123406.png',NULL,NULL),(18943,19,6,'绞车运行日志及巡回检查记录',6,'李健',7,'绞车运行日志及巡回检查记录','007','绞车运行日志及巡回检查记录','2015-01-22 13:30:12','准时','12','正常','IMG_20150122_142825.png',NULL,NULL),(18944,20,6,'绞车运行日志及巡回检查记录',6,'李健',7,'绞车运行日志及巡回检查记录','007','绞车运行日志及巡回检查记录','2015-01-22 14:28:36','准时','13','正常','IMG_20150122_142825.png',NULL,NULL),(18945,21,6,'绞车运行日志及巡回检查记录',30,'张炳杰',7,'绞车运行日志及巡回检查记录','007','绞车运行日志及巡回检查记录','2015-01-22 15:40:10','准时','14','正常','IMG_20150122_083959.png',NULL,NULL),(18946,1,7,'提升机安全保护装置检查试验记录',22,'高义涛',2,'提升机安全保护装置','002','提升机安全保护装置','2015-01-23 06:25:17','准时','1','正常','IMG_20150123_062427.png','丛金宝',NULL),(18947,2,1,'多绳绞车钢丝绳查验记录',15,'牛利生',1,'多绳绞车钢丝绳','001','多绳绞车钢丝绳','2015-01-23 05:27:02','准时','1','正常','IMG_20150123_052558.png','刘超',NULL),(18948,3,8,'车房电工定期维护检修记录',22,'高义涛',8,'车房电工定期维护检修记录','008','车房电工定期维护检修记录','2015-01-23 06:26:10','准时','1','正常','IMG_20150123_062427.png',NULL,NULL),(18949,7,3,'提升系统钳工包机日检（二）',29,'葛宝满',5,'提升系统钳工包机日检（二）','005','提升系统钳工包机日检（二）','2015-01-23 05:41:44','准时','1','正常','IMG_20150123_054103.png',NULL,NULL),(18950,8,2,'提升系统钳工包机日检（一）',18,'唐庆恩',4,'提升系统钳工包机日检（一）','004','提升系统钳工包机日检（一）','2015-01-23 05:51:08','准时','1','正常','IMG_20150123_055003.png',NULL,NULL),(18951,11,6,'绞车运行日志及巡回检查记录',26,'苑成智',7,'绞车运行日志及巡回检查记录','007','绞车运行日志及巡回检查记录','2015-01-23 05:35:07','准时','4','正常','IMG_20150122_233303.png',NULL,NULL),(18952,12,6,'绞车运行日志及巡回检查记录',26,'苑成智',7,'绞车运行日志及巡回检查记录','007','绞车运行日志及巡回检查记录','2015-01-23 06:37:09','准时','5','正常','IMG_20150122_233303.png',NULL,NULL),(18953,13,6,'绞车运行日志及巡回检查记录',24,'李乾',7,'绞车运行日志及巡回检查记录','007','绞车运行日志及巡回检查记录','2015-01-23 07:25:10','准时','6','正常','IMG_20150123_132804.png',NULL,NULL),(18954,23,6,'绞车运行日志及巡回检查记录',30,'张炳杰',7,'绞车运行日志及巡回检查记录','007','绞车运行日志及巡回检查记录','2015-01-22 17:40:51','准时','16','正常','IMG_20150122_083959.png',NULL,NULL),(18955,25,6,'绞车运行日志及巡回检查记录',30,'张炳杰',7,'绞车运行日志及巡回检查记录','007','绞车运行日志及巡回检查记录','2015-01-22 19:29:25','准时','18','正常','IMG_20150122_083959.png',NULL,NULL),(18956,26,6,'绞车运行日志及巡回检查记录',30,'张炳杰',7,'绞车运行日志及巡回检查记录','007','绞车运行日志及巡回检查记录','2015-01-22 20:29:33','准时','19','正常','IMG_20150122_083959.png',NULL,NULL),(18957,27,6,'绞车运行日志及巡回检查记录',30,'张炳杰',7,'绞车运行日志及巡回检查记录','007','绞车运行日志及巡回检查记录','2015-01-22 21:29:09','准时','20','正常','IMG_20150122_083959.png',NULL,NULL),(18958,28,6,'绞车运行日志及巡回检查记录',30,'张炳杰',7,'绞车运行日志及巡回检查记录','007','绞车运行日志及巡回检查记录','2015-01-22 22:30:10','准时','21','正常','IMG_20150122_213127.png',NULL,NULL),(18959,29,6,'绞车运行日志及巡回检查记录',26,'苑成智',7,'绞车运行日志及巡回检查记录','007','绞车运行日志及巡回检查记录','2015-01-22 23:33:25','准时','22','正常','IMG_20150122_233303.png',NULL,NULL),(18960,30,6,'绞车运行日志及巡回检查记录',26,'苑成智',7,'绞车运行日志及巡回检查记录','007','绞车运行日志及巡回检查记录','2015-01-23 00:36:06','准时','23','正常','IMG_20150122_233303.png',NULL,NULL),(18961,4,6,'绞车运行日志及巡回检查记录',26,'苑成智',7,'绞车运行日志及巡回检查记录','007','绞车运行日志及巡回检查记录','2015-01-23 02:31:08','准时','1','正常','IMG_20150122_233303.png',NULL,NULL),(18962,9,6,'绞车运行日志及巡回检查记录',26,'苑成智',7,'绞车运行日志及巡回检查记录','007','绞车运行日志及巡回检查记录','2015-01-23 03:35:15','准时','2','正常','IMG_20150122_233303.png',NULL,NULL),(18963,10,6,'绞车运行日志及巡回检查记录',26,'苑成智',7,'绞车运行日志及巡回检查记录','007','绞车运行日志及巡回检查记录','2015-01-23 04:33:37','准时','3','正常','IMG_20150122_233303.png',NULL,NULL),(18964,14,6,'绞车运行日志及巡回检查记录',24,'李乾',7,'绞车运行日志及巡回检查记录','007','绞车运行日志及巡回检查记录','2015-01-23 08:28:19','准时','7','正常','IMG_20150123_082807.png',NULL,NULL),(18965,15,6,'绞车运行日志及巡回检查记录',24,'李乾',7,'绞车运行日志及巡回检查记录','007','绞车运行日志及巡回检查记录','2015-01-23 09:30:05','准时','8','正常','IMG_20150123_082807.png',NULL,NULL),(18966,16,6,'绞车运行日志及巡回检查记录',24,'李乾',7,'绞车运行日志及巡回检查记录','007','绞车运行日志及巡回检查记录','2015-01-23 10:31:03','准时','9','正常','IMG_20150123_082807.png',NULL,NULL),(18967,17,6,'绞车运行日志及巡回检查记录',24,'李乾',7,'绞车运行日志及巡回检查记录','007','绞车运行日志及巡回检查记录','2015-01-23 11:32:10','准时','10','正常','IMG_20150123_082807.png',NULL,NULL),(18968,18,6,'绞车运行日志及巡回检查记录',24,'李乾',7,'绞车运行日志及巡回检查记录','007','绞车运行日志及巡回检查记录','2015-01-23 12:35:08','准时','11','正常','IMG_20150123_082807.png',NULL,NULL),(18969,19,6,'绞车运行日志及巡回检查记录',24,'李乾',7,'绞车运行日志及巡回检查记录','007','绞车运行日志及巡回检查记录','2015-01-23 13:40:04','准时','12','正常','IMG_20150123_082807.png',NULL,NULL),(18970,20,6,'绞车运行日志及巡回检查记录',24,'李乾',7,'绞车运行日志及巡回检查记录','007','绞车运行日志及巡回检查记录','2015-01-23 14:42:33','准时','13','正常','IMG_20150123_082807.png',NULL,NULL),(18971,21,6,'绞车运行日志及巡回检查记录',30,'张炳杰',7,'绞车运行日志及巡回检查记录','007','绞车运行日志及巡回检查记录','2015-01-23 15:22:35','准时','14','正常','IMG_20150123_152220.png',NULL,NULL),(18972,22,6,'绞车运行日志及巡回检查记录',30,'张炳杰',7,'绞车运行日志及巡回检查记录','007','绞车运行日志及巡回检查记录','2015-01-23 16:23:06','准时','15','正常','IMG_20150123_152220.png',NULL,NULL),(18973,23,6,'绞车运行日志及巡回检查记录',30,'张炳杰',7,'绞车运行日志及巡回检查记录','007','绞车运行日志及巡回检查记录','2015-01-23 17:24:06','准时','16','正常','IMG_20150123_152220.png',NULL,NULL),(18974,24,6,'绞车运行日志及巡回检查记录',30,'张炳杰',7,'绞车运行日志及巡回检查记录','007','绞车运行日志及巡回检查记录','2015-01-23 18:25:07','准时','17','正常','IMG_20150123_152220.png',NULL,NULL),(18975,25,6,'绞车运行日志及巡回检查记录',30,'张炳杰',7,'绞车运行日志及巡回检查记录','007','绞车运行日志及巡回检查记录','2015-01-23 19:26:05','准时','18','正常','IMG_20150123_152220.png',NULL,NULL),(18976,26,6,'绞车运行日志及巡回检查记录',30,'张炳杰',7,'绞车运行日志及巡回检查记录','007','绞车运行日志及巡回检查记录','2015-01-23 20:27:07','准时','19','正常','IMG_20150123_152220.png',NULL,NULL),(18977,27,6,'绞车运行日志及巡回检查记录',30,'张炳杰',7,'绞车运行日志及巡回检查记录','007','绞车运行日志及巡回检查记录','2015-01-23 21:28:04','准时','20','正常','IMG_20150123_152220.png',NULL,NULL),(18978,28,6,'绞车运行日志及巡回检查记录',30,'张炳杰',7,'绞车运行日志及巡回检查记录','007','绞车运行日志及巡回检查记录','2015-01-23 22:29:06','准时','21','正常','IMG_20150123_152220.png',NULL,NULL),(18979,29,6,'绞车运行日志及巡回检查记录',31,'周进伟',7,'绞车运行日志及巡回检查记录','007','绞车运行日志及巡回检查记录','2015-01-23 23:36:49','准时','22','正常','IMG_20150123_233506.png',NULL,NULL),(18980,1,7,'提升机安全保护装置检查试验记录',20,'郁奇峰',2,'提升机安全保护装置','002','提升机安全保护装置','2015-01-24 07:00:01','准时','1','正常','IMG_20150124_065915.png',NULL,NULL),(18981,2,1,'多绳绞车钢丝绳查验记录',15,'牛利生',1,'多绳绞车钢丝绳','001','多绳绞车钢丝绳','2015-01-24 04:23:49','准时','1','正常','IMG_20150124_042306.png',NULL,NULL),(18982,3,8,'车房电工定期维护检修记录',20,'郁奇峰',8,'车房电工定期维护检修记录','008','车房电工定期维护检修记录','2015-01-24 07:00:33','准时','1','正常','IMG_20150124_065915.png',NULL,NULL),(18983,7,3,'提升系统钳工包机日检（二）',1,'管理员',5,'提升系统钳工包机日检（二）','005','提升系统钳工包机日检（二）','2015-01-24 00:00:00','漏巡','1','漏巡','',NULL,NULL),(18984,8,2,'提升系统钳工包机日检（一）',28,'吕志忠',4,'提升系统钳工包机日检（一）','004','提升系统钳工包机日检（一）','2015-01-24 04:41:40','准时','1','正常','IMG_20150124_044051.png',NULL,NULL),(18985,30,6,'绞车运行日志及巡回检查记录',31,'周进伟',7,'绞车运行日志及巡回检查记录','007','绞车运行日志及巡回检查记录','2015-01-24 00:32:12','准时','23','正常','IMG_20150123_233506.png',NULL,NULL),(18986,31,6,'绞车运行日志及巡回检查记录',31,'周进伟',7,'绞车运行日志及巡回检查记录','007','绞车运行日志及巡回检查记录','2015-01-24 01:34:08','准时','24','正常','IMG_20150123_233506.png',NULL,NULL),(18987,4,6,'绞车运行日志及巡回检查记录',31,'周进伟',7,'绞车运行日志及巡回检查记录','007','绞车运行日志及巡回检查记录','2015-01-24 02:35:10','准时','1','正常','IMG_20150123_233506.png',NULL,NULL),(18988,9,6,'绞车运行日志及巡回检查记录',31,'周进伟',7,'绞车运行日志及巡回检查记录','007','绞车运行日志及巡回检查记录','2015-01-24 03:36:14','准时','2','正常','IMG_20150123_233506.png',NULL,NULL),(18989,10,6,'绞车运行日志及巡回检查记录',31,'周进伟',7,'绞车运行日志及巡回检查记录','007','绞车运行日志及巡回检查记录','2015-01-24 04:37:09','准时','3','正常','IMG_20150123_233506.png',NULL,NULL),(18990,11,6,'绞车运行日志及巡回检查记录',31,'周进伟',7,'绞车运行日志及巡回检查记录','007','绞车运行日志及巡回检查记录','2015-01-24 05:34:11','准时','4','正常','IMG_20150123_233506.png',NULL,NULL),(18991,12,6,'绞车运行日志及巡回检查记录',31,'周进伟',7,'绞车运行日志及巡回检查记录','007','绞车运行日志及巡回检查记录','2015-01-24 06:35:13','准时','5','正常','IMG_20150123_233506.png',NULL,NULL),(18992,13,6,'绞车运行日志及巡回检查记录',24,'李乾',7,'绞车运行日志及巡回检查记录','007','绞车运行日志及巡回检查记录','2015-01-24 07:37:06','准时','6','正常','IMG_20150124_105209.png',NULL,NULL),(18993,14,6,'绞车运行日志及巡回检查记录',24,'李乾',7,'绞车运行日志及巡回检查记录','007','绞车运行日志及巡回检查记录','2015-01-24 08:37:19','准时','7','正常','IMG_20150124_083706.png',NULL,NULL),(18994,15,6,'绞车运行日志及巡回检查记录',24,'李乾',7,'绞车运行日志及巡回检查记录','007','绞车运行日志及巡回检查记录','2015-01-24 09:42:12','准时','8','正常','IMG_20150124_083706.png',NULL,NULL),(18995,16,6,'绞车运行日志及巡回检查记录',24,'李乾',7,'绞车运行日志及巡回检查记录','007','绞车运行日志及巡回检查记录','2015-01-24 10:52:26','准时','9','正常','IMG_20150124_105209.png',NULL,NULL),(18996,17,6,'绞车运行日志及巡回检查记录',24,'李乾',7,'绞车运行日志及巡回检查记录','007','绞车运行日志及巡回检查记录','2015-01-24 11:45:50','准时','10','正常','IMG_20150124_083706.png',NULL,NULL),(18997,18,6,'绞车运行日志及巡回检查记录',24,'李乾',7,'绞车运行日志及巡回检查记录','007','绞车运行日志及巡回检查记录','2015-01-24 12:48:16','准时','11','正常','IMG_20150124_083706.png',NULL,NULL),(18998,19,6,'绞车运行日志及巡回检查记录',24,'李乾',7,'绞车运行日志及巡回检查记录','007','绞车运行日志及巡回检查记录','2015-01-24 13:33:14','准时','12','正常','IMG_20150124_083706.png',NULL,NULL),(18999,20,6,'绞车运行日志及巡回检查记录',24,'李乾',7,'绞车运行日志及巡回检查记录','007','绞车运行日志及巡回检查记录','2015-01-24 14:08:11','准时','13','正常','IMG_20150124_083706.png',NULL,NULL),(19000,21,6,'绞车运行日志及巡回检查记录',30,'张炳杰',7,'绞车运行日志及巡回检查记录','007','绞车运行日志及巡回检查记录','2015-01-24 15:25:33','准时','14','正常','IMG_20150124_152505.png',NULL,NULL),(19001,22,6,'绞车运行日志及巡回检查记录',30,'张炳杰',7,'绞车运行日志及巡回检查记录','007','绞车运行日志及巡回检查记录','2015-01-24 16:27:05','准时','15','正常','IMG_20150124_152505.png',NULL,NULL),(19002,23,6,'绞车运行日志及巡回检查记录',30,'张炳杰',7,'绞车运行日志及巡回检查记录','007','绞车运行日志及巡回检查记录','2015-01-24 17:28:06','准时','16','正常','IMG_20150124_152505.png',NULL,NULL),(19003,24,6,'绞车运行日志及巡回检查记录',30,'张炳杰',7,'绞车运行日志及巡回检查记录','007','绞车运行日志及巡回检查记录','2015-01-24 18:29:05','准时','17','正常','IMG_20150124_152505.png',NULL,NULL),(19004,25,6,'绞车运行日志及巡回检查记录',30,'张炳杰',7,'绞车运行日志及巡回检查记录','007','绞车运行日志及巡回检查记录','2015-01-24 19:30:05','准时','18','正常','IMG_20150124_152505.png',NULL,NULL),(19005,26,6,'绞车运行日志及巡回检查记录',30,'张炳杰',7,'绞车运行日志及巡回检查记录','007','绞车运行日志及巡回检查记录','2015-01-24 20:31:05','准时','19','正常','IMG_20150124_152505.png',NULL,NULL),(19006,27,6,'绞车运行日志及巡回检查记录',30,'张炳杰',7,'绞车运行日志及巡回检查记录','007','绞车运行日志及巡回检查记录','2015-01-24 21:32:03','准时','20','正常','IMG_20150124_152505.png',NULL,NULL),(19007,28,6,'绞车运行日志及巡回检查记录',30,'张炳杰',7,'绞车运行日志及巡回检查记录','007','绞车运行日志及巡回检查记录','2015-01-24 22:33:05','准时','21','正常','IMG_20150124_152505.png',NULL,NULL),(19008,29,6,'绞车运行日志及巡回检查记录',27,'侯巍',7,'绞车运行日志及巡回检查记录','007','绞车运行日志及巡回检查记录','2015-01-24 23:16:41','准时','22','正常','IMG_20150124_231406.png',NULL,NULL),(19009,1,7,'提升机安全保护装置检查试验记录',22,'高义涛',2,'提升机安全保护装置','002','提升机安全保护装置','2015-01-25 15:53:12','准时','1','正常','IMG_20150125_155140.png',NULL,NULL),(19010,2,1,'多绳绞车钢丝绳查验记录',15,'牛利生',1,'多绳绞车钢丝绳','001','多绳绞车钢丝绳','2015-01-25 04:29:30','准时','1','正常','IMG_20150125_042825.png',NULL,NULL),(19011,3,8,'车房电工定期维护检修记录',22,'高义涛',8,'车房电工定期维护检修记录','008','车房电工定期维护检修记录','2015-01-25 15:52:02','准时','1','正常','IMG_20150125_155140.png',NULL,NULL),(19012,7,3,'提升系统钳工包机日检（二）',1,'管理员',5,'提升系统钳工包机日检（二）','005','提升系统钳工包机日检（二）','2015-01-25 00:00:00','漏巡','1','漏巡','',NULL,NULL),(19013,8,2,'提升系统钳工包机日检（一）',18,'唐庆恩',4,'提升系统钳工包机日检（一）','004','提升系统钳工包机日检（一）','2015-01-25 05:23:29','准时','1','正常','IMG_20150125_052244.png',NULL,NULL),(19014,30,6,'绞车运行日志及巡回检查记录',27,'侯巍',7,'绞车运行日志及巡回检查记录','007','绞车运行日志及巡回检查记录','2015-01-25 00:18:09','准时','23','正常','IMG_20150124_231406.png',NULL,NULL),(19015,31,6,'绞车运行日志及巡回检查记录',27,'侯巍',7,'绞车运行日志及巡回检查记录','007','绞车运行日志及巡回检查记录','2015-01-25 01:19:04','准时','24','正常','IMG_20150124_231406.png',NULL,NULL),(19016,4,6,'绞车运行日志及巡回检查记录',27,'侯巍',7,'绞车运行日志及巡回检查记录','007','绞车运行日志及巡回检查记录','2015-01-25 02:15:12','准时','1','正常','IMG_20150124_231406.png',NULL,NULL),(19017,9,6,'绞车运行日志及巡回检查记录',27,'侯巍',7,'绞车运行日志及巡回检查记录','007','绞车运行日志及巡回检查记录','2015-01-25 03:17:05','准时','2','正常','IMG_20150124_231406.png',NULL,NULL),(19018,10,6,'绞车运行日志及巡回检查记录',27,'侯巍',7,'绞车运行日志及巡回检查记录','007','绞车运行日志及巡回检查记录','2015-01-25 04:18:05','准时','3','正常','IMG_20150124_231406.png',NULL,NULL),(19019,11,6,'绞车运行日志及巡回检查记录',27,'侯巍',7,'绞车运行日志及巡回检查记录','007','绞车运行日志及巡回检查记录','2015-01-25 05:20:12','准时','4','正常','IMG_20150124_231406.png',NULL,NULL),(19020,12,6,'绞车运行日志及巡回检查记录',1,'管理员',7,'绞车运行日志及巡回检查记录','007','绞车运行日志及巡回检查记录','2015-01-25 06:00:00','漏巡','5','漏巡','',NULL,NULL),(19021,13,6,'绞车运行日志及巡回检查记录',6,'李健',7,'绞车运行日志及巡回检查记录','007','绞车运行日志及巡回检查记录','2015-01-25 07:15:08','准时','6','正常','IMG_20150125_091134.png',NULL,NULL),(19022,14,6,'绞车运行日志及巡回检查记录',6,'李健',7,'绞车运行日志及巡回检查记录','007','绞车运行日志及巡回检查记录','2015-01-25 08:14:02','准时','7','正常','IMG_20150125_091134.png',NULL,NULL),(19023,15,6,'绞车运行日志及巡回检查记录',6,'李健',7,'绞车运行日志及巡回检查记录','007','绞车运行日志及巡回检查记录','2015-01-25 09:12:47','准时','8','正常','IMG_20150125_091134.png',NULL,NULL),(19024,16,6,'绞车运行日志及巡回检查记录',6,'李健',7,'绞车运行日志及巡回检查记录','007','绞车运行日志及巡回检查记录','2015-01-25 10:09:05','准时','9','正常','IMG_20150125_140357.png',NULL,NULL),(19025,17,6,'绞车运行日志及巡回检查记录',6,'李健',7,'绞车运行日志及巡回检查记录','007','绞车运行日志及巡回检查记录','2015-01-25 11:08:04','准时','10','正常','IMG_20150125_140357.png',NULL,NULL),(19026,18,6,'绞车运行日志及巡回检查记录',6,'李健',7,'绞车运行日志及巡回检查记录','007','绞车运行日志及巡回检查记录','2015-01-25 12:07:11','准时','11','正常','IMG_20150125_140357.png',NULL,NULL),(19027,19,6,'绞车运行日志及巡回检查记录',6,'李健',7,'绞车运行日志及巡回检查记录','007','绞车运行日志及巡回检查记录','2015-01-25 13:06:08','准时','12','正常','IMG_20150125_140357.png',NULL,NULL),(19028,20,6,'绞车运行日志及巡回检查记录',6,'李健',7,'绞车运行日志及巡回检查记录','007','绞车运行日志及巡回检查记录','2015-01-25 14:04:07','准时','13','正常','IMG_20150125_140357.png',NULL,NULL),(19029,21,6,'绞车运行日志及巡回检查记录',5,'裴森',7,'绞车运行日志及巡回检查记录','007','绞车运行日志及巡回检查记录','2015-01-25 15:17:08','准时','14','正常','IMG_20150125_161653.png',NULL,NULL),(19030,22,6,'绞车运行日志及巡回检查记录',5,'裴森',7,'绞车运行日志及巡回检查记录','007','绞车运行日志及巡回检查记录','2015-01-25 16:19:06','准时','15','正常','IMG_20150125_161653.png',NULL,NULL),(19031,23,6,'绞车运行日志及巡回检查记录',5,'裴森',7,'绞车运行日志及巡回检查记录','007','绞车运行日志及巡回检查记录','2015-01-25 17:03:07','准时','16','正常','IMG_20150125_161653.png',NULL,NULL),(19032,24,6,'绞车运行日志及巡回检查记录',5,'裴森',7,'绞车运行日志及巡回检查记录','007','绞车运行日志及巡回检查记录','2015-01-25 18:17:06','准时','17','正常','IMG_20150125_161653.png',NULL,NULL),(19033,25,6,'绞车运行日志及巡回检查记录',5,'裴森',7,'绞车运行日志及巡回检查记录','007','绞车运行日志及巡回检查记录','2015-01-25 19:18:05','准时','18','正常','IMG_20150125_161653.png',NULL,NULL),(19034,26,6,'绞车运行日志及巡回检查记录',5,'裴森',7,'绞车运行日志及巡回检查记录','007','绞车运行日志及巡回检查记录','2015-01-25 20:14:05','准时','19','正常','IMG_20150125_161653.png',NULL,NULL),(19035,27,6,'绞车运行日志及巡回检查记录',5,'裴森',7,'绞车运行日志及巡回检查记录','007','绞车运行日志及巡回检查记录','2015-01-25 21:16:06','准时','20','正常','IMG_20150125_161653.png',NULL,NULL),(19036,28,6,'绞车运行日志及巡回检查记录',5,'裴森',7,'绞车运行日志及巡回检查记录','007','绞车运行日志及巡回检查记录','2015-01-25 22:17:05','准时','21','正常','IMG_20150125_161653.png',NULL,NULL),(19037,29,6,'绞车运行日志及巡回检查记录',31,'周进伟',7,'绞车运行日志及巡回检查记录','007','绞车运行日志及巡回检查记录','2015-01-25 23:31:30','准时','22','正常','IMG_20150125_233104.png',NULL,NULL),(19038,1,7,'提升机安全保护装置检查试验记录',1,'管理员',2,'提升机安全保护装置','002','提升机安全保护装置','2015-01-26 00:00:00','漏巡','1','漏巡','',NULL,NULL),(19039,2,1,'多绳绞车钢丝绳查验记录',11,'耿鑫',1,'多绳绞车钢丝绳','001','多绳绞车钢丝绳','2015-01-26 04:29:07','准时','1','正常','IMG_20150126_042455.png',NULL,NULL),(19040,3,8,'车房电工定期维护检修记录',1,'管理员',8,'车房电工定期维护检修记录','008','车房电工定期维护检修记录','2015-01-26 00:00:00','漏巡','1','漏巡','',NULL,NULL),(19041,5,5,'提升系统起重工周检',28,'吕志忠',3,'提升系统起重工周检','003','提升系统起重工周检','2015-02-01 04:22:40','准时','1','正常','IMG_20150201_042145.png',NULL,NULL),(19042,6,4,'提升系统钳工周检',28,'吕志忠',6,'提升系统钳工周检','006','提升系统钳工周检','2015-01-28 05:22:55','准时','1','正常','IMG_20150128_052231.png',NULL,NULL),(19043,7,3,'提升系统钳工包机日检（二）',29,'葛宝满',5,'提升系统钳工包机日检（二）','005','提升系统钳工包机日检（二）','2015-01-26 05:36:04','准时','1','正常','IMG_20150126_053522.png',NULL,NULL),(19044,8,2,'提升系统钳工包机日检（一）',18,'唐庆恩',4,'提升系统钳工包机日检（一）','004','提升系统钳工包机日检（一）','2015-01-26 05:46:08','准时','1','正常','IMG_20150126_054547.png',NULL,NULL),(19045,30,6,'绞车运行日志及巡回检查记录',31,'周进伟',7,'绞车运行日志及巡回检查记录','007','绞车运行日志及巡回检查记录','2015-01-26 00:33:48','准时','23','正常','IMG_20150125_233104.png',NULL,NULL),(19046,31,6,'绞车运行日志及巡回检查记录',31,'周进伟',7,'绞车运行日志及巡回检查记录','007','绞车运行日志及巡回检查记录','2015-01-26 01:36:07','准时','24','正常','IMG_20150125_233104.png',NULL,NULL),(19047,4,6,'绞车运行日志及巡回检查记录',31,'周进伟',7,'绞车运行日志及巡回检查记录','007','绞车运行日志及巡回检查记录','2015-01-26 02:34:15','准时','1','正常','IMG_20150125_233104.png',NULL,NULL),(19048,9,6,'绞车运行日志及巡回检查记录',31,'周进伟',7,'绞车运行日志及巡回检查记录','007','绞车运行日志及巡回检查记录','2015-01-26 03:37:23','准时','2','正常','IMG_20150125_233104.png',NULL,NULL),(19049,10,6,'绞车运行日志及巡回检查记录',31,'周进伟',7,'绞车运行日志及巡回检查记录','007','绞车运行日志及巡回检查记录','2015-01-26 04:35:07','准时','3','正常','IMG_20150125_233104.png',NULL,NULL),(19050,11,6,'绞车运行日志及巡回检查记录',31,'周进伟',7,'绞车运行日志及巡回检查记录','007','绞车运行日志及巡回检查记录','2015-01-26 05:33:06','准时','4','正常','IMG_20150125_233104.png',NULL,NULL),(19051,12,6,'绞车运行日志及巡回检查记录',31,'周进伟',7,'绞车运行日志及巡回检查记录','007','绞车运行日志及巡回检查记录','2015-01-26 06:35:09','准时','5','正常','IMG_20150125_233104.png',NULL,NULL),(19052,13,6,'绞车运行日志及巡回检查记录',6,'李健',7,'绞车运行日志及巡回检查记录','007','绞车运行日志及巡回检查记录','2015-01-26 07:38:12','准时','6','正常','IMG_20150126_133608.png',NULL,NULL),(19053,14,6,'绞车运行日志及巡回检查记录',6,'李健',7,'绞车运行日志及巡回检查记录','007','绞车运行日志及巡回检查记录','2015-01-26 08:40:22','准时','7','正常','IMG_20150126_084006.png',NULL,NULL),(19054,15,6,'绞车运行日志及巡回检查记录',6,'李健',7,'绞车运行日志及巡回检查记录','007','绞车运行日志及巡回检查记录','2015-01-26 09:41:07','准时','8','正常','IMG_20150126_084006.png',NULL,NULL),(19055,16,6,'绞车运行日志及巡回检查记录',6,'李健',7,'绞车运行日志及巡回检查记录','007','绞车运行日志及巡回检查记录','2015-01-26 10:42:04','准时','9','正常','IMG_20150126_084006.png',NULL,NULL),(19056,17,6,'绞车运行日志及巡回检查记录',6,'李健',7,'绞车运行日志及巡回检查记录','007','绞车运行日志及巡回检查记录','2015-01-26 11:43:04','准时','10','正常','IMG_20150126_084006.png',NULL,NULL),(19057,18,6,'绞车运行日志及巡回检查记录',6,'李健',7,'绞车运行日志及巡回检查记录','007','绞车运行日志及巡回检查记录','2015-01-26 12:46:05','准时','11','正常','IMG_20150126_084006.png',NULL,NULL),(19058,19,6,'绞车运行日志及巡回检查记录',6,'李健',7,'绞车运行日志及巡回检查记录','007','绞车运行日志及巡回检查记录','2015-01-26 13:36:21','准时','12','正常','IMG_20150126_133608.png',NULL,NULL),(19059,20,6,'绞车运行日志及巡回检查记录',6,'李健',7,'绞车运行日志及巡回检查记录','007','绞车运行日志及巡回检查记录','2015-01-26 14:47:04','准时','13','正常','IMG_20150126_084006.png',NULL,NULL),(19060,21,6,'绞车运行日志及巡回检查记录',30,'张炳杰',7,'绞车运行日志及巡回检查记录','007','绞车运行日志及巡回检查记录','2015-01-26 15:24:08','准时','14','正常','IMG_20150126_224318.png',NULL,NULL),(19061,22,6,'绞车运行日志及巡回检查记录',30,'张炳杰',7,'绞车运行日志及巡回检查记录','007','绞车运行日志及巡回检查记录','2015-01-26 16:25:04','准时','15','正常','IMG_20150126_224318.png',NULL,NULL),(19062,23,6,'绞车运行日志及巡回检查记录',30,'张炳杰',7,'绞车运行日志及巡回检查记录','007','绞车运行日志及巡回检查记录','2015-01-26 17:26:04','准时','16','正常','IMG_20150126_224318.png',NULL,NULL),(19063,24,6,'绞车运行日志及巡回检查记录',30,'张炳杰',7,'绞车运行日志及巡回检查记录','007','绞车运行日志及巡回检查记录','2015-01-26 18:27:04','准时','17','正常','IMG_20150126_224318.png',NULL,NULL),(19064,25,6,'绞车运行日志及巡回检查记录',30,'张炳杰',7,'绞车运行日志及巡回检查记录','007','绞车运行日志及巡回检查记录','2015-01-26 19:30:04','准时','18','正常','IMG_20150126_224318.png',NULL,NULL),(19065,26,6,'绞车运行日志及巡回检查记录',30,'张炳杰',7,'绞车运行日志及巡回检查记录','007','绞车运行日志及巡回检查记录','2015-01-26 20:27:04','准时','19','正常','IMG_20150126_224318.png',NULL,NULL),(19066,27,6,'绞车运行日志及巡回检查记录',30,'张炳杰',7,'绞车运行日志及巡回检查记录','007','绞车运行日志及巡回检查记录','2015-01-26 21:28:03','准时','20','正常','IMG_20150126_224318.png',NULL,NULL),(19067,28,6,'绞车运行日志及巡回检查记录',30,'张炳杰',7,'绞车运行日志及巡回检查记录','007','绞车运行日志及巡回检查记录','2015-01-26 22:36:04','准时','21','正常','IMG_20150126_224318.png',NULL,NULL),(19068,29,6,'绞车运行日志及巡回检查记录',27,'侯巍',7,'绞车运行日志及巡回检查记录','007','绞车运行日志及巡回检查记录','2015-01-26 23:16:08','准时','22','正常','IMG_20150126_234933.png',NULL,NULL),(19069,1,7,'提升机安全保护装置检查试验记录',20,'郁奇峰',2,'提升机安全保护装置','002','提升机安全保护装置','2015-01-27 06:19:20','准时','1','正常','IMG_20150127_061845.png',NULL,NULL),(19070,2,1,'多绳绞车钢丝绳查验记录',14,'刘鹏',1,'多绳绞车钢丝绳','001','多绳绞车钢丝绳','2015-01-27 05:43:20','准时','1','正常','IMG_20150127_053301.png',NULL,NULL),(19071,3,8,'车房电工定期维护检修记录',20,'郁奇峰',8,'车房电工定期维护检修记录','008','车房电工定期维护检修记录','2015-01-27 06:20:02','准时','1','正常','IMG_20150127_061845.png',NULL,NULL),(19072,7,3,'提升系统钳工包机日检（二）',29,'葛宝满',5,'提升系统钳工包机日检（二）','005','提升系统钳工包机日检（二）','2015-01-27 06:14:19','准时','1','正常','IMG_20150127_061320.png',NULL,NULL),(19073,8,2,'提升系统钳工包机日检（一）',28,'吕志忠',4,'提升系统钳工包机日检（一）','004','提升系统钳工包机日检（一）','2015-01-27 04:58:16','准时','1','正常','IMG_20150127_045421.png',NULL,NULL),(19074,30,6,'绞车运行日志及巡回检查记录',27,'侯巍',7,'绞车运行日志及巡回检查记录','007','绞车运行日志及巡回检查记录','2015-01-27 00:17:22','准时','23','正常','IMG_20150126_234933.png',NULL,NULL),(19075,31,6,'绞车运行日志及巡回检查记录',27,'侯巍',7,'绞车运行日志及巡回检查记录','007','绞车运行日志及巡回检查记录','2015-01-27 01:19:07','准时','24','正常','IMG_20150126_234933.png',NULL,NULL),(19076,4,6,'绞车运行日志及巡回检查记录',27,'侯巍',7,'绞车运行日志及巡回检查记录','007','绞车运行日志及巡回检查记录','2015-01-27 02:20:05','准时','1','正常','IMG_20150126_234933.png',NULL,NULL),(19077,9,6,'绞车运行日志及巡回检查记录',27,'侯巍',7,'绞车运行日志及巡回检查记录','007','绞车运行日志及巡回检查记录','2015-01-27 03:21:06','准时','2','正常','IMG_20150126_234933.png',NULL,NULL),(19078,10,6,'绞车运行日志及巡回检查记录',27,'侯巍',7,'绞车运行日志及巡回检查记录','007','绞车运行日志及巡回检查记录','2015-01-27 04:22:05','准时','3','正常','IMG_20150126_234933.png',NULL,NULL),(19079,11,6,'绞车运行日志及巡回检查记录',27,'侯巍',7,'绞车运行日志及巡回检查记录','007','绞车运行日志及巡回检查记录','2015-01-27 05:23:09','准时','4','正常','IMG_20150126_234933.png',NULL,NULL),(19080,12,6,'绞车运行日志及巡回检查记录',27,'侯巍',7,'绞车运行日志及巡回检查记录','007','绞车运行日志及巡回检查记录','2015-01-27 06:24:08','准时','5','正常','IMG_20150126_234933.png',NULL,NULL),(19081,13,6,'绞车运行日志及巡回检查记录',24,'李乾',7,'绞车运行日志及巡回检查记录','007','绞车运行日志及巡回检查记录','2015-01-27 07:53:45','准时','6','正常','IMG_20150127_074938.png',NULL,NULL),(19082,14,6,'绞车运行日志及巡回检查记录',24,'李乾',7,'绞车运行日志及巡回检查记录','007','绞车运行日志及巡回检查记录','2015-01-27 08:47:06','准时','7','正常','IMG_20150127_074938.png',NULL,NULL),(19083,15,6,'绞车运行日志及巡回检查记录',24,'李乾',7,'绞车运行日志及巡回检查记录','007','绞车运行日志及巡回检查记录','2015-01-27 09:42:08','准时','8','正常','IMG_20150127_074938.png',NULL,NULL),(19084,16,6,'绞车运行日志及巡回检查记录',24,'李乾',7,'绞车运行日志及巡回检查记录','007','绞车运行日志及巡回检查记录','2015-01-27 10:43:07','准时','9','正常','IMG_20150127_074938.png',NULL,NULL),(19085,17,6,'绞车运行日志及巡回检查记录',24,'李乾',7,'绞车运行日志及巡回检查记录','007','绞车运行日志及巡回检查记录','2015-01-27 11:44:04','准时','10','正常','IMG_20150127_074938.png',NULL,NULL),(19086,18,6,'绞车运行日志及巡回检查记录',24,'李乾',7,'绞车运行日志及巡回检查记录','007','绞车运行日志及巡回检查记录','2015-01-27 12:46:09','准时','11','正常','IMG_20150127_074938.png',NULL,NULL),(19087,19,6,'绞车运行日志及巡回检查记录',24,'李乾',7,'绞车运行日志及巡回检查记录','007','绞车运行日志及巡回检查记录','2015-01-27 13:39:41','准时','12','正常','IMG_20150127_133907.png',NULL,NULL),(19088,20,6,'绞车运行日志及巡回检查记录',24,'李乾',7,'绞车运行日志及巡回检查记录','007','绞车运行日志及巡回检查记录','2015-01-27 14:35:09','准时','13','正常','IMG_20150127_074938.png',NULL,NULL),(19089,21,6,'绞车运行日志及巡回检查记录',25,'王巍',7,'绞车运行日志及巡回检查记录','007','绞车运行日志及巡回检查记录','2015-01-27 15:19:00','准时','14','正常','IMG_20150127_151835.png',NULL,NULL),(19090,22,6,'绞车运行日志及巡回检查记录',25,'王巍',7,'绞车运行日志及巡回检查记录','007','绞车运行日志及巡回检查记录','2015-01-27 16:21:20','准时','15','正常','IMG_20150127_162108.png',NULL,NULL),(19091,23,6,'绞车运行日志及巡回检查记录',25,'王巍',7,'绞车运行日志及巡回检查记录','007','绞车运行日志及巡回检查记录','2015-01-27 17:22:18','准时','16','正常','IMG_20150127_172206.png',NULL,NULL),(19092,24,6,'绞车运行日志及巡回检查记录',25,'王巍',7,'绞车运行日志及巡回检查记录','007','绞车运行日志及巡回检查记录','2015-01-27 18:23:41','准时','17','正常','IMG_20150127_182306.png',NULL,NULL),(19093,25,6,'绞车运行日志及巡回检查记录',25,'王巍',7,'绞车运行日志及巡回检查记录','007','绞车运行日志及巡回检查记录','2015-01-27 19:24:17','准时','18','正常','IMG_20150127_192406.png',NULL,NULL),(19094,26,6,'绞车运行日志及巡回检查记录',25,'王巍',7,'绞车运行日志及巡回检查记录','007','绞车运行日志及巡回检查记录','2015-01-27 20:25:21','准时','19','正常','IMG_20150127_202504.png',NULL,NULL),(19095,27,6,'绞车运行日志及巡回检查记录',25,'王巍',7,'绞车运行日志及巡回检查记录','007','绞车运行日志及巡回检查记录','2015-01-27 21:26:19','准时','20','正常','IMG_20150127_212607.png',NULL,NULL),(19096,28,6,'绞车运行日志及巡回检查记录',1,'管理员',7,'绞车运行日志及巡回检查记录','007','绞车运行日志及巡回检查记录','2015-01-27 22:00:00','漏巡','21','漏巡','',NULL,NULL),(19097,29,6,'绞车运行日志及巡回检查记录',1,'管理员',7,'绞车运行日志及巡回检查记录','007','绞车运行日志及巡回检查记录','2015-01-27 23:00:00','漏巡','22','漏巡','',NULL,NULL),(19098,1,7,'提升机安全保护装置检查试验记录',22,'高义涛',2,'提升机安全保护装置','002','提升机安全保护装置','2015-01-28 13:38:22','准时','1','正常','IMG_20150128_133656.png',NULL,NULL),(19099,2,1,'多绳绞车钢丝绳查验记录',14,'刘鹏',1,'多绳绞车钢丝绳','001','多绳绞车钢丝绳','2015-01-28 04:36:09','准时','1','正常','IMG_20150128_043413.png',NULL,NULL),(19100,3,8,'车房电工定期维护检修记录',22,'高义涛',8,'车房电工定期维护检修记录','008','车房电工定期维护检修记录','2015-01-28 13:39:16','准时','1','正常','IMG_20150128_133656.png',NULL,NULL),(19101,7,3,'提升系统钳工包机日检（二）',29,'葛宝满',5,'提升系统钳工包机日检（二）','005','提升系统钳工包机日检（二）','2015-01-28 04:56:35','准时','1','正常','IMG_20150128_045607.png',NULL,NULL),(19102,8,2,'提升系统钳工包机日检（一）',28,'吕志忠',4,'提升系统钳工包机日检（一）','004','提升系统钳工包机日检（一）','2015-01-28 05:24:37','准时','1','正常','IMG_20150128_052231.png',NULL,NULL),(19103,30,6,'绞车运行日志及巡回检查记录',30,'张炳杰',7,'绞车运行日志及巡回检查记录','007','绞车运行日志及巡回检查记录','2015-01-28 00:16:04','准时','23','正常','IMG_20150128_224007.png',NULL,NULL),(19104,31,6,'绞车运行日志及巡回检查记录',30,'张炳杰',7,'绞车运行日志及巡回检查记录','007','绞车运行日志及巡回检查记录','2015-01-28 01:17:08','准时','24','正常','IMG_20150128_224007.png',NULL,NULL),(19105,4,6,'绞车运行日志及巡回检查记录',30,'张炳杰',7,'绞车运行日志及巡回检查记录','007','绞车运行日志及巡回检查记录','2015-01-28 02:18:04','准时','1','正常','IMG_20150128_224007.png',NULL,NULL),(19106,9,6,'绞车运行日志及巡回检查记录',30,'张炳杰',7,'绞车运行日志及巡回检查记录','007','绞车运行日志及巡回检查记录','2015-01-28 03:19:15','准时','2','正常','IMG_20150128_224007.png',NULL,NULL),(19107,10,6,'绞车运行日志及巡回检查记录',30,'张炳杰',7,'绞车运行日志及巡回检查记录','007','绞车运行日志及巡回检查记录','2015-01-28 04:20:04','准时','3','正常','IMG_20150128_224007.png',NULL,NULL),(19108,11,6,'绞车运行日志及巡回检查记录',30,'张炳杰',7,'绞车运行日志及巡回检查记录','007','绞车运行日志及巡回检查记录','2015-01-28 05:21:04','准时','4','正常','IMG_20150128_224007.png',NULL,NULL),(19109,12,6,'绞车运行日志及巡回检查记录',30,'张炳杰',7,'绞车运行日志及巡回检查记录','007','绞车运行日志及巡回检查记录','2015-01-28 06:22:06','准时','5','正常','IMG_20150128_224007.png',NULL,NULL),(19110,13,6,'绞车运行日志及巡回检查记录',24,'李乾',7,'绞车运行日志及巡回检查记录','007','绞车运行日志及巡回检查记录','2015-01-28 07:20:00','准时','6','正常','IMG_20150128_140712.png',NULL,NULL),(19111,14,6,'绞车运行日志及巡回检查记录',24,'李乾',7,'绞车运行日志及巡回检查记录','007','绞车运行日志及巡回检查记录','2015-01-28 08:21:04','准时','7','正常','IMG_20150128_140712.png',NULL,NULL),(19112,15,6,'绞车运行日志及巡回检查记录',6,'李健',7,'绞车运行日志及巡回检查记录','007','绞车运行日志及巡回检查记录','2015-01-28 09:13:17','准时','8','正常','IMG_20150128_085441.png',NULL,NULL),(19113,16,6,'绞车运行日志及巡回检查记录',24,'李乾',7,'绞车运行日志及巡回检查记录','007','绞车运行日志及巡回检查记录','2015-01-28 10:22:03','准时','9','正常','IMG_20150128_140712.png',NULL,NULL),(19114,17,6,'绞车运行日志及巡回检查记录',24,'李乾',7,'绞车运行日志及巡回检查记录','007','绞车运行日志及巡回检查记录','2015-01-28 11:23:10','准时','10','正常','IMG_20150128_140712.png',NULL,NULL),(19115,18,6,'绞车运行日志及巡回检查记录',24,'李乾',7,'绞车运行日志及巡回检查记录','007','绞车运行日志及巡回检查记录','2015-01-28 12:25:09','准时','11','正常','IMG_20150128_140712.png',NULL,NULL),(19116,19,6,'绞车运行日志及巡回检查记录',24,'李乾',7,'绞车运行日志及巡回检查记录','007','绞车运行日志及巡回检查记录','2015-01-28 13:27:09','准时','12','正常','IMG_20150128_140712.png',NULL,NULL),(19117,20,6,'绞车运行日志及巡回检查记录',5,'裴森',7,'绞车运行日志及巡回检查记录','007','绞车运行日志及巡回检查记录','2015-01-28 14:23:23','准时','13','正常','IMG_20150128_142258.png',NULL,NULL),(19118,21,6,'绞车运行日志及巡回检查记录',5,'裴森',7,'绞车运行日志及巡回检查记录','007','绞车运行日志及巡回检查记录','2015-01-28 15:24:07','准时','14','正常','IMG_20150128_162343.png',NULL,NULL),(19119,22,6,'绞车运行日志及巡回检查记录',5,'裴森',7,'绞车运行日志及巡回检查记录','007','绞车运行日志及巡回检查记录','2015-01-28 16:26:05','准时','15','正常','IMG_20150128_162343.png',NULL,NULL),(19120,23,6,'绞车运行日志及巡回检查记录',5,'裴森',7,'绞车运行日志及巡回检查记录','007','绞车运行日志及巡回检查记录','2015-01-28 17:29:19','准时','16','正常','IMG_20150128_162343.png',NULL,NULL),(19121,24,6,'绞车运行日志及巡回检查记录',5,'裴森',7,'绞车运行日志及巡回检查记录','007','绞车运行日志及巡回检查记录','2015-01-28 18:25:07','准时','17','正常','IMG_20150128_162343.png',NULL,NULL),(19122,25,6,'绞车运行日志及巡回检查记录',5,'裴森',7,'绞车运行日志及巡回检查记录','007','绞车运行日志及巡回检查记录','2015-01-28 19:27:04','准时','18','正常','IMG_20150128_162343.png',NULL,NULL),(19123,26,6,'绞车运行日志及巡回检查记录',5,'裴森',7,'绞车运行日志及巡回检查记录','007','绞车运行日志及巡回检查记录','2015-01-28 20:31:05','准时','19','正常','IMG_20150128_162343.png',NULL,NULL),(19124,27,6,'绞车运行日志及巡回检查记录',5,'裴森',7,'绞车运行日志及巡回检查记录','007','绞车运行日志及巡回检查记录','2015-01-28 21:15:07','准时','20','正常','IMG_20150128_162343.png',NULL,NULL),(19125,28,6,'绞车运行日志及巡回检查记录',30,'张炳杰',7,'绞车运行日志及巡回检查记录','007','绞车运行日志及巡回检查记录','2015-01-28 22:40:28','准时','21','正常','IMG_20150128_224007.png',NULL,NULL),(19126,29,6,'绞车运行日志及巡回检查记录',30,'张炳杰',7,'绞车运行日志及巡回检查记录','007','绞车运行日志及巡回检查记录','2015-01-28 23:15:07','准时','22','正常','IMG_20150128_224007.png',NULL,NULL),(19127,1,7,'提升机安全保护装置检查试验记录',1,'管理员',2,'提升机安全保护装置','002','提升机安全保护装置','2015-01-29 00:00:00','漏巡','1','漏巡','',NULL,NULL),(19128,2,1,'多绳绞车钢丝绳查验记录',14,'刘鹏',1,'多绳绞车钢丝绳','001','多绳绞车钢丝绳','2015-01-29 06:54:48','准时','1','正常','IMG_20150129_065352.png',NULL,NULL),(19129,3,8,'车房电工定期维护检修记录',1,'管理员',8,'车房电工定期维护检修记录','008','车房电工定期维护检修记录','2015-01-29 00:00:00','漏巡','1','漏巡','',NULL,NULL),(19130,7,3,'提升系统钳工包机日检（二）',29,'葛宝满',5,'提升系统钳工包机日检（二）','005','提升系统钳工包机日检（二）','2015-01-29 05:14:44','准时','1','正常','IMG_20150129_051152.png',NULL,NULL),(19131,8,2,'提升系统钳工包机日检（一）',28,'吕志忠',4,'提升系统钳工包机日检（一）','004','提升系统钳工包机日检（一）','2015-01-29 05:37:28','准时','1','正常','IMG_20150129_053656.png',NULL,NULL),(19132,30,6,'绞车运行日志及巡回检查记录',1,'管理员',7,'绞车运行日志及巡回检查记录','007','绞车运行日志及巡回检查记录','2015-01-29 00:00:00','漏巡','23','漏巡','',NULL,NULL),(19133,31,6,'绞车运行日志及巡回检查记录',1,'管理员',7,'绞车运行日志及巡回检查记录','007','绞车运行日志及巡回检查记录','2015-01-29 01:00:00','漏巡','24','漏巡','',NULL,NULL),(19134,4,6,'绞车运行日志及巡回检查记录',1,'管理员',7,'绞车运行日志及巡回检查记录','007','绞车运行日志及巡回检查记录','2015-01-29 02:00:00','漏巡','1','漏巡','',NULL,NULL),(19135,9,6,'绞车运行日志及巡回检查记录',1,'管理员',7,'绞车运行日志及巡回检查记录','007','绞车运行日志及巡回检查记录','2015-01-29 03:00:00','漏巡','2','漏巡','',NULL,NULL),(19136,10,6,'绞车运行日志及巡回检查记录',1,'管理员',7,'绞车运行日志及巡回检查记录','007','绞车运行日志及巡回检查记录','2015-01-29 04:00:00','漏巡','3','漏巡','',NULL,NULL),(19137,11,6,'绞车运行日志及巡回检查记录',1,'管理员',7,'绞车运行日志及巡回检查记录','007','绞车运行日志及巡回检查记录','2015-01-29 05:00:00','漏巡','4','漏巡','',NULL,NULL),(19138,12,6,'绞车运行日志及巡回检查记录',1,'管理员',7,'绞车运行日志及巡回检查记录','007','绞车运行日志及巡回检查记录','2015-01-29 06:00:00','漏巡','5','漏巡','',NULL,NULL),(19139,13,6,'绞车运行日志及巡回检查记录',24,'李乾',7,'绞车运行日志及巡回检查记录','007','绞车运行日志及巡回检查记录','2015-01-29 07:58:20','准时','6','正常','IMG_20150129_134922.png',NULL,NULL),(19140,14,6,'绞车运行日志及巡回检查记录',24,'李乾',7,'绞车运行日志及巡回检查记录','007','绞车运行日志及巡回检查记录','2015-01-29 08:18:49','准时','7','正常','IMG_20150129_134922.png',NULL,NULL),(19141,15,6,'绞车运行日志及巡回检查记录',24,'李乾',7,'绞车运行日志及巡回检查记录','007','绞车运行日志及巡回检查记录','2015-01-29 09:20:05','准时','8','正常','IMG_20150129_134922.png',NULL,NULL),(19142,16,6,'绞车运行日志及巡回检查记录',24,'李乾',7,'绞车运行日志及巡回检查记录','007','绞车运行日志及巡回检查记录','2015-01-29 10:24:03','准时','9','正常','IMG_20150129_134922.png',NULL,NULL),(19143,17,6,'绞车运行日志及巡回检查记录',24,'李乾',7,'绞车运行日志及巡回检查记录','007','绞车运行日志及巡回检查记录','2015-01-29 11:26:09','准时','10','正常','IMG_20150129_134922.png',NULL,NULL),(19144,18,6,'绞车运行日志及巡回检查记录',24,'李乾',7,'绞车运行日志及巡回检查记录','007','绞车运行日志及巡回检查记录','2015-01-29 12:27:04','准时','11','正常','IMG_20150129_134922.png',NULL,NULL),(19145,19,6,'绞车运行日志及巡回检查记录',24,'李乾',7,'绞车运行日志及巡回检查记录','007','绞车运行日志及巡回检查记录','2015-01-29 13:49:51','准时','12','正常','IMG_20150129_134922.png',NULL,NULL),(19146,20,6,'绞车运行日志及巡回检查记录',24,'李乾',7,'绞车运行日志及巡回检查记录','007','绞车运行日志及巡回检查记录','2015-01-29 14:37:20','准时','13','正常','IMG_20150129_134922.png',NULL,NULL),(19147,21,6,'绞车运行日志及巡回检查记录',5,'裴森',7,'绞车运行日志及巡回检查记录','007','绞车运行日志及巡回检查记录','2015-01-29 15:10:19','准时','14','正常','IMG_20150129_150948.png',NULL,NULL),(19148,22,6,'绞车运行日志及巡回检查记录',5,'裴森',7,'绞车运行日志及巡回检查记录','007','绞车运行日志及巡回检查记录','2015-01-29 16:28:05','准时','15','正常','IMG_20150129_150948.png',NULL,NULL),(19149,23,6,'绞车运行日志及巡回检查记录',5,'裴森',7,'绞车运行日志及巡回检查记录','007','绞车运行日志及巡回检查记录','2015-01-29 17:23:44','准时','16','正常','IMG_20150129_150948.png',NULL,NULL),(19150,24,6,'绞车运行日志及巡回检查记录',5,'裴森',7,'绞车运行日志及巡回检查记录','007','绞车运行日志及巡回检查记录','2015-01-29 18:19:30','准时','17','正常','IMG_20150129_150948.png',NULL,NULL),(19151,25,6,'绞车运行日志及巡回检查记录',5,'裴森',7,'绞车运行日志及巡回检查记录','007','绞车运行日志及巡回检查记录','2015-01-29 19:14:05','准时','18','正常','IMG_20150129_150948.png',NULL,NULL),(19152,26,6,'绞车运行日志及巡回检查记录',5,'裴森',7,'绞车运行日志及巡回检查记录','007','绞车运行日志及巡回检查记录','2015-01-29 20:15:04','准时','19','正常','IMG_20150129_150948.png',NULL,NULL),(19153,27,6,'绞车运行日志及巡回检查记录',5,'裴森',7,'绞车运行日志及巡回检查记录','007','绞车运行日志及巡回检查记录','2015-01-29 21:11:03','准时','20','正常','IMG_20150129_150948.png',NULL,NULL),(19154,28,6,'绞车运行日志及巡回检查记录',5,'裴森',7,'绞车运行日志及巡回检查记录','007','绞车运行日志及巡回检查记录','2015-01-29 22:14:09','准时','21','正常','IMG_20150129_150948.png',NULL,NULL),(19155,29,6,'绞车运行日志及巡回检查记录',31,'周进伟',7,'绞车运行日志及巡回检查记录','007','绞车运行日志及巡回检查记录','2015-01-29 23:31:12','准时','22','正常','IMG_20150129_233025.png',NULL,NULL),(19156,1,7,'提升机安全保护装置检查试验记录',20,'郁奇峰',2,'提升机安全保护装置','002','提升机安全保护装置','2015-01-30 06:32:17','准时','1','正常','IMG_20150130_063114.png',NULL,NULL),(19157,2,1,'多绳绞车钢丝绳查验记录',14,'刘鹏',1,'多绳绞车钢丝绳','001','多绳绞车钢丝绳','2015-01-30 04:57:50','准时','1','正常','IMG_20150130_045720.png',NULL,NULL),(19158,3,8,'车房电工定期维护检修记录',20,'郁奇峰',8,'车房电工定期维护检修记录','008','车房电工定期维护检修记录','2015-01-30 06:32:56','准时','1','正常','IMG_20150130_063114.png',NULL,NULL),(19159,7,3,'提升系统钳工包机日检（二）',29,'葛宝满',5,'提升系统钳工包机日检（二）','005','提升系统钳工包机日检（二）','2015-01-30 05:16:37','准时','1','正常','IMG_20150130_051559.png',NULL,NULL),(19160,8,2,'提升系统钳工包机日检（一）',28,'吕志忠',4,'提升系统钳工包机日检（一）','004','提升系统钳工包机日检（一）','2015-01-30 05:13:00','准时','1','正常','IMG_20150130_051235.png',NULL,NULL),(19161,30,6,'绞车运行日志及巡回检查记录',30,'张炳杰',7,'绞车运行日志及巡回检查记录','007','绞车运行日志及巡回检查记录','2015-01-30 00:35:07','准时','23','正常','IMG_20150130_004039.png',NULL,NULL),(19162,31,6,'绞车运行日志及巡回检查记录',31,'周进伟',7,'绞车运行日志及巡回检查记录','007','绞车运行日志及巡回检查记录','2015-01-30 01:38:07','准时','24','正常','IMG_20150129_233025.png',NULL,NULL),(19163,4,6,'绞车运行日志及巡回检查记录',31,'周进伟',7,'绞车运行日志及巡回检查记录','007','绞车运行日志及巡回检查记录','2015-01-30 02:31:06','准时','1','正常','IMG_20150129_233025.png',NULL,NULL),(19164,9,6,'绞车运行日志及巡回检查记录',31,'周进伟',7,'绞车运行日志及巡回检查记录','007','绞车运行日志及巡回检查记录','2015-01-30 03:32:06','准时','2','正常','IMG_20150129_233025.png',NULL,NULL),(19165,10,6,'绞车运行日志及巡回检查记录',31,'周进伟',7,'绞车运行日志及巡回检查记录','007','绞车运行日志及巡回检查记录','2015-01-30 04:33:06','准时','3','正常','IMG_20150129_233025.png',NULL,NULL),(19166,11,6,'绞车运行日志及巡回检查记录',31,'周进伟',7,'绞车运行日志及巡回检查记录','007','绞车运行日志及巡回检查记录','2015-01-30 05:35:08','准时','4','正常','IMG_20150129_233025.png',NULL,NULL),(19167,12,6,'绞车运行日志及巡回检查记录',31,'周进伟',7,'绞车运行日志及巡回检查记录','007','绞车运行日志及巡回检查记录','2015-01-30 06:37:12','准时','5','正常','IMG_20150129_233025.png',NULL,NULL),(19168,13,6,'绞车运行日志及巡回检查记录',1,'管理员',7,'绞车运行日志及巡回检查记录','007','绞车运行日志及巡回检查记录','2015-01-30 07:00:00','漏巡','6','漏巡','',NULL,NULL),(19169,14,6,'绞车运行日志及巡回检查记录',1,'管理员',7,'绞车运行日志及巡回检查记录','007','绞车运行日志及巡回检查记录','2015-01-30 08:00:00','漏巡','7','漏巡','',NULL,NULL),(19170,15,6,'绞车运行日志及巡回检查记录',1,'管理员',7,'绞车运行日志及巡回检查记录','007','绞车运行日志及巡回检查记录','2015-01-30 09:00:00','漏巡','8','漏巡','',NULL,NULL),(19171,16,6,'绞车运行日志及巡回检查记录',1,'管理员',7,'绞车运行日志及巡回检查记录','007','绞车运行日志及巡回检查记录','2015-01-30 10:00:00','漏巡','9','漏巡','',NULL,NULL),(19172,17,6,'绞车运行日志及巡回检查记录',1,'管理员',7,'绞车运行日志及巡回检查记录','007','绞车运行日志及巡回检查记录','2015-01-30 11:00:00','漏巡','10','漏巡','',NULL,NULL),(19173,18,6,'绞车运行日志及巡回检查记录',1,'管理员',7,'绞车运行日志及巡回检查记录','007','绞车运行日志及巡回检查记录','2015-01-30 12:00:00','漏巡','11','漏巡','',NULL,NULL),(19174,19,6,'绞车运行日志及巡回检查记录',30,'张炳杰',7,'绞车运行日志及巡回检查记录','007','绞车运行日志及巡回检查记录','2015-01-30 13:36:09','准时','12','正常','IMG_20150130_004039.png',NULL,NULL),(19175,20,6,'绞车运行日志及巡回检查记录',30,'张炳杰',7,'绞车运行日志及巡回检查记录','007','绞车运行日志及巡回检查记录','2015-01-30 14:38:04','准时','13','正常','IMG_20150130_004039.png',NULL,NULL),(19176,21,6,'绞车运行日志及巡回检查记录',1,'管理员',7,'绞车运行日志及巡回检查记录','007','绞车运行日志及巡回检查记录','2015-01-30 15:00:00','漏巡','14','漏巡','',NULL,NULL),(19177,25,6,'绞车运行日志及巡回检查记录',30,'张炳杰',7,'绞车运行日志及巡回检查记录','007','绞车运行日志及巡回检查记录','2015-01-30 19:23:09','准时','18','正常','IMG_20150130_144747.png',NULL,NULL),(19178,26,6,'绞车运行日志及巡回检查记录',30,'张炳杰',7,'绞车运行日志及巡回检查记录','007','绞车运行日志及巡回检查记录','2015-01-30 20:27:13','准时','19','正常','IMG_20150130_144747.png',NULL,NULL),(19179,27,6,'绞车运行日志及巡回检查记录',30,'张炳杰',7,'绞车运行日志及巡回检查记录','007','绞车运行日志及巡回检查记录','2015-01-30 21:38:03','准时','20','正常','IMG_20150130_144747.png',NULL,NULL),(19180,28,6,'绞车运行日志及巡回检查记录',30,'张炳杰',7,'绞车运行日志及巡回检查记录','007','绞车运行日志及巡回检查记录','2015-01-30 22:42:06','准时','21','正常','IMG_20150130_144747.png',NULL,NULL),(19181,29,6,'绞车运行日志及巡回检查记录',31,'周进伟',7,'绞车运行日志及巡回检查记录','007','绞车运行日志及巡回检查记录','2015-01-30 23:32:43','准时','22','正常','IMG_20150130_233224.png',NULL,NULL),(19182,22,6,'绞车运行日志及巡回检查记录',1,'管理员',7,'绞车运行日志及巡回检查记录','007','绞车运行日志及巡回检查记录','2015-01-30 16:00:00','漏巡','15','漏巡','',NULL,NULL),(19183,23,6,'绞车运行日志及巡回检查记录',1,'管理员',7,'绞车运行日志及巡回检查记录','007','绞车运行日志及巡回检查记录','2015-01-30 17:00:00','漏巡','16','漏巡','',NULL,NULL),(19184,24,6,'绞车运行日志及巡回检查记录',1,'管理员',7,'绞车运行日志及巡回检查记录','007','绞车运行日志及巡回检查记录','2015-01-30 18:00:00','漏巡','17','漏巡','',NULL,NULL),(19185,1,7,'提升机安全保护装置检查试验记录',21,'石磊',2,'提升机安全保护装置','002','提升机安全保护装置','2015-01-31 07:08:33','准时','1','正常','IMG_20150131_070822.png',NULL,NULL),(19186,2,1,'多绳绞车钢丝绳查验记录',11,'耿鑫',1,'多绳绞车钢丝绳','001','多绳绞车钢丝绳','2015-01-31 04:22:47','准时','1','正常','IMG_20150131_042225.png',NULL,NULL),(19187,3,8,'车房电工定期维护检修记录',21,'石磊',8,'车房电工定期维护检修记录','008','车房电工定期维护检修记录','2015-01-31 07:09:17','准时','1','正常','IMG_20150131_070822.png',NULL,NULL),(19188,7,3,'提升系统钳工包机日检（二）',1,'管理员',5,'提升系统钳工包机日检（二）','005','提升系统钳工包机日检（二）','2015-01-31 00:00:00','漏巡','1','漏巡','',NULL,NULL),(19189,8,2,'提升系统钳工包机日检（一）',28,'吕志忠',4,'提升系统钳工包机日检（一）','004','提升系统钳工包机日检（一）','2015-01-31 06:17:44','准时','1','正常','IMG_20150131_061724.png',NULL,NULL),(19190,30,6,'绞车运行日志及巡回检查记录',31,'周进伟',7,'绞车运行日志及巡回检查记录','007','绞车运行日志及巡回检查记录','2015-01-31 00:34:10','准时','23','正常','IMG_20150130_233224.png',NULL,NULL),(19191,31,6,'绞车运行日志及巡回检查记录',31,'周进伟',7,'绞车运行日志及巡回检查记录','007','绞车运行日志及巡回检查记录','2015-01-31 01:35:06','准时','24','正常','IMG_20150130_233224.png',NULL,NULL),(19192,4,6,'绞车运行日志及巡回检查记录',31,'周进伟',7,'绞车运行日志及巡回检查记录','007','绞车运行日志及巡回检查记录','2015-01-31 02:36:07','准时','1','正常','IMG_20150130_233224.png',NULL,NULL),(19193,9,6,'绞车运行日志及巡回检查记录',31,'周进伟',7,'绞车运行日志及巡回检查记录','007','绞车运行日志及巡回检查记录','2015-01-31 03:37:06','准时','2','正常','IMG_20150130_233224.png',NULL,NULL),(19194,10,6,'绞车运行日志及巡回检查记录',31,'周进伟',7,'绞车运行日志及巡回检查记录','007','绞车运行日志及巡回检查记录','2015-01-31 04:30:12','准时','3','正常','IMG_20150130_233224.png',NULL,NULL),(19195,11,6,'绞车运行日志及巡回检查记录',31,'周进伟',7,'绞车运行日志及巡回检查记录','007','绞车运行日志及巡回检查记录','2015-01-31 05:32:05','准时','4','正常','IMG_20150130_233224.png',NULL,NULL),(19196,12,6,'绞车运行日志及巡回检查记录',31,'周进伟',7,'绞车运行日志及巡回检查记录','007','绞车运行日志及巡回检查记录','2015-01-31 06:33:17','准时','5','正常','IMG_20150130_233224.png',NULL,NULL),(19197,13,6,'绞车运行日志及巡回检查记录',24,'李乾',7,'绞车运行日志及巡回检查记录','007','绞车运行日志及巡回检查记录','2015-01-31 07:52:12','准时','6','正常','IMG_20150131_075149.png',NULL,NULL),(19198,14,6,'绞车运行日志及巡回检查记录',24,'李乾',7,'绞车运行日志及巡回检查记录','007','绞车运行日志及巡回检查记录','2015-01-31 08:30:39','准时','7','正常','IMG_20150131_083026.png',NULL,NULL),(19199,15,6,'绞车运行日志及巡回检查记录',24,'李乾',7,'绞车运行日志及巡回检查记录','007','绞车运行日志及巡回检查记录','2015-01-31 09:26:07','准时','8','正常','IMG_20150131_121904.png',NULL,NULL),(19200,16,6,'绞车运行日志及巡回检查记录',24,'李乾',7,'绞车运行日志及巡回检查记录','007','绞车运行日志及巡回检查记录','2015-01-31 10:45:04','准时','9','正常','IMG_20150131_075149.png',NULL,NULL),(19201,17,6,'绞车运行日志及巡回检查记录',24,'李乾',7,'绞车运行日志及巡回检查记录','007','绞车运行日志及巡回检查记录','2015-01-31 11:43:42','准时','10','正常','IMG_20150131_075149.png',NULL,NULL),(19202,18,6,'绞车运行日志及巡回检查记录',24,'李乾',7,'绞车运行日志及巡回检查记录','007','绞车运行日志及巡回检查记录','2015-01-31 12:19:32','准时','11','正常','IMG_20150131_121904.png',NULL,NULL),(19203,19,6,'绞车运行日志及巡回检查记录',24,'李乾',7,'绞车运行日志及巡回检查记录','007','绞车运行日志及巡回检查记录','2015-01-31 13:21:06','准时','12','正常','IMG_20150131_121904.png',NULL,NULL),(19204,20,6,'绞车运行日志及巡回检查记录',24,'李乾',7,'绞车运行日志及巡回检查记录','007','绞车运行日志及巡回检查记录','2015-01-31 14:23:09','准时','13','正常','IMG_20150131_121904.png',NULL,NULL),(19205,21,6,'绞车运行日志及巡回检查记录',30,'张炳杰',7,'绞车运行日志及巡回检查记录','007','绞车运行日志及巡回检查记录','2015-01-31 15:30:29','准时','14','正常','IMG_20150131_153010.png',NULL,NULL),(19206,22,6,'绞车运行日志及巡回检查记录',30,'张炳杰',7,'绞车运行日志及巡回检查记录','007','绞车运行日志及巡回检查记录','2015-01-31 16:32:05','准时','15','正常','IMG_20150131_153010.png',NULL,NULL),(19207,23,6,'绞车运行日志及巡回检查记录',30,'张炳杰',7,'绞车运行日志及巡回检查记录','007','绞车运行日志及巡回检查记录','2015-01-31 17:33:03','准时','16','正常','IMG_20150131_153010.png',NULL,NULL),(19208,24,6,'绞车运行日志及巡回检查记录',30,'张炳杰',7,'绞车运行日志及巡回检查记录','007','绞车运行日志及巡回检查记录','2015-01-31 18:34:03','准时','17','正常','IMG_20150131_153010.png',NULL,NULL),(19209,25,6,'绞车运行日志及巡回检查记录',30,'张炳杰',7,'绞车运行日志及巡回检查记录','007','绞车运行日志及巡回检查记录','2015-01-31 19:34:04','准时','18','正常','IMG_20150131_153010.png',NULL,NULL),(19210,26,6,'绞车运行日志及巡回检查记录',30,'张炳杰',7,'绞车运行日志及巡回检查记录','007','绞车运行日志及巡回检查记录','2015-01-31 20:35:04','准时','19','正常','IMG_20150131_153010.png',NULL,NULL),(19211,27,6,'绞车运行日志及巡回检查记录',30,'张炳杰',7,'绞车运行日志及巡回检查记录','007','绞车运行日志及巡回检查记录','2015-01-31 21:35:06','准时','20','正常','IMG_20150131_153010.png',NULL,NULL),(19212,28,6,'绞车运行日志及巡回检查记录',30,'张炳杰',7,'绞车运行日志及巡回检查记录','007','绞车运行日志及巡回检查记录','2015-01-31 22:36:04','准时','21','正常','IMG_20150131_153010.png',NULL,NULL),(19213,29,6,'绞车运行日志及巡回检查记录',27,'侯巍',7,'绞车运行日志及巡回检查记录','007','绞车运行日志及巡回检查记录','2015-01-31 23:19:08','准时','22','正常','IMG_20150131_231841.png',NULL,NULL),(19214,1,7,'提升机安全保护装置检查试验记录',22,'高义涛',2,'提升机安全保护装置','002','提升机安全保护装置','2015-02-01 06:47:12','准时','1','正常','IMG_20150201_064336.png',NULL,NULL),(19215,2,1,'多绳绞车钢丝绳查验记录',28,'吕志忠',1,'多绳绞车钢丝绳','001','多绳绞车钢丝绳','2015-02-01 05:46:02','准时','1','正常','IMG_20150201_042145.png',NULL,NULL),(19216,3,8,'车房电工定期维护检修记录',22,'高义涛',8,'车房电工定期维护检修记录','008','车房电工定期维护检修记录','2015-02-01 06:45:56','准时','1','正常','IMG_20150201_064336.png',NULL,NULL),(19217,7,3,'提升系统钳工包机日检（二）',28,'吕志忠',5,'提升系统钳工包机日检（二）','005','提升系统钳工包机日检（二）','2015-02-01 04:25:56','准时','1','正常','IMG_20150201_042145.png',NULL,NULL),(19218,8,2,'提升系统钳工包机日检（一）',28,'吕志忠',4,'提升系统钳工包机日检（一）','004','提升系统钳工包机日检（一）','2015-02-01 06:07:19','准时','1','正常','IMG_20150201_042145.png',NULL,NULL),(19219,30,6,'绞车运行日志及巡回检查记录',27,'侯巍',7,'绞车运行日志及巡回检查记录','007','绞车运行日志及巡回检查记录','2015-02-01 00:20:55','准时','23','正常','IMG_20150131_231841.png',NULL,NULL),(19220,31,6,'绞车运行日志及巡回检查记录',27,'侯巍',7,'绞车运行日志及巡回检查记录','007','绞车运行日志及巡回检查记录','2015-02-01 01:22:07','准时','24','正常','IMG_20150131_231841.png',NULL,NULL),(19221,4,6,'绞车运行日志及巡回检查记录',27,'侯巍',7,'绞车运行日志及巡回检查记录','007','绞车运行日志及巡回检查记录','2015-02-01 02:20:10','准时','1','正常','IMG_20150131_231841.png',NULL,NULL),(19222,9,6,'绞车运行日志及巡回检查记录',27,'侯巍',7,'绞车运行日志及巡回检查记录','007','绞车运行日志及巡回检查记录','2015-02-01 03:21:10','准时','2','正常','IMG_20150131_231841.png',NULL,NULL),(19223,10,6,'绞车运行日志及巡回检查记录',27,'侯巍',7,'绞车运行日志及巡回检查记录','007','绞车运行日志及巡回检查记录','2015-02-01 04:22:08','准时','3','正常','IMG_20150131_231841.png',NULL,NULL),(19224,11,6,'绞车运行日志及巡回检查记录',27,'侯巍',7,'绞车运行日志及巡回检查记录','007','绞车运行日志及巡回检查记录','2015-02-01 05:23:07','准时','4','正常','IMG_20150131_231841.png',NULL,NULL),(19225,12,6,'绞车运行日志及巡回检查记录',27,'侯巍',7,'绞车运行日志及巡回检查记录','007','绞车运行日志及巡回检查记录','2015-02-01 06:24:07','准时','5','正常','IMG_20150131_231841.png',NULL,NULL),(19226,13,6,'绞车运行日志及巡回检查记录',27,'侯巍',7,'绞车运行日志及巡回检查记录','007','绞车运行日志及巡回检查记录','2015-02-01 07:13:44','准时','6','正常','IMG_20150201_071254.png',NULL,NULL),(19227,14,6,'绞车运行日志及巡回检查记录',6,'李健',7,'绞车运行日志及巡回检查记录','007','绞车运行日志及巡回检查记录','2015-02-01 08:39:05','准时','7','正常','IMG_20150201_113534.png',NULL,NULL),(19228,15,6,'绞车运行日志及巡回检查记录',6,'李健',7,'绞车运行日志及巡回检查记录','007','绞车运行日志及巡回检查记录','2015-02-01 09:38:09','准时','8','正常','IMG_20150201_113534.png',NULL,NULL),(19229,16,6,'绞车运行日志及巡回检查记录',6,'李健',7,'绞车运行日志及巡回检查记录','007','绞车运行日志及巡回检查记录','2015-02-01 10:37:08','准时','9','正常','IMG_20150201_113534.png',NULL,NULL),(19230,17,6,'绞车运行日志及巡回检查记录',6,'李健',7,'绞车运行日志及巡回检查记录','007','绞车运行日志及巡回检查记录','2015-02-01 11:35:49','准时','10','正常','IMG_20150201_113534.png',NULL,NULL),(19231,18,6,'绞车运行日志及巡回检查记录',6,'李健',7,'绞车运行日志及巡回检查记录','007','绞车运行日志及巡回检查记录','2015-02-01 12:27:05','准时','11','正常','IMG_20150201_113534.png',NULL,NULL),(19232,19,6,'绞车运行日志及巡回检查记录',6,'李健',7,'绞车运行日志及巡回检查记录','007','绞车运行日志及巡回检查记录','2015-02-01 13:26:06','准时','12','正常','IMG_20150201_113534.png',NULL,NULL),(19233,20,6,'绞车运行日志及巡回检查记录',6,'李健',7,'绞车运行日志及巡回检查记录','007','绞车运行日志及巡回检查记录','2015-02-01 14:24:45','准时','13','正常','IMG_20150201_113534.png',NULL,NULL),(19234,21,6,'绞车运行日志及巡回检查记录',5,'裴森',7,'绞车运行日志及巡回检查记录','007','绞车运行日志及巡回检查记录','2015-02-01 15:08:28','准时','14','正常','IMG_20150201_150816.png',NULL,NULL),(19235,22,6,'绞车运行日志及巡回检查记录',5,'裴森',7,'绞车运行日志及巡回检查记录','007','绞车运行日志及巡回检查记录','2015-02-01 16:02:06','准时','15','正常','IMG_20150201_150816.png',NULL,NULL),(19236,23,6,'绞车运行日志及巡回检查记录',5,'裴森',7,'绞车运行日志及巡回检查记录','007','绞车运行日志及巡回检查记录','2015-02-01 17:10:30','准时','16','正常','IMG_20150201_171017.png',NULL,NULL),(19237,24,6,'绞车运行日志及巡回检查记录',5,'裴森',7,'绞车运行日志及巡回检查记录','007','绞车运行日志及巡回检查记录','2015-02-01 18:07:04','准时','17','正常','IMG_20150201_171017.png',NULL,NULL),(19238,25,6,'绞车运行日志及巡回检查记录',5,'裴森',7,'绞车运行日志及巡回检查记录','007','绞车运行日志及巡回检查记录','2015-02-01 19:08:03','准时','18','正常','IMG_20150201_171017.png',NULL,NULL),(19239,26,6,'绞车运行日志及巡回检查记录',5,'裴森',7,'绞车运行日志及巡回检查记录','007','绞车运行日志及巡回检查记录','2015-02-01 20:11:03','准时','19','正常','IMG_20150201_171017.png',NULL,NULL),(19240,27,6,'绞车运行日志及巡回检查记录',5,'裴森',7,'绞车运行日志及巡回检查记录','007','绞车运行日志及巡回检查记录','2015-02-01 21:13:13','准时','20','正常','IMG_20150201_171017.png',NULL,NULL),(19241,28,6,'绞车运行日志及巡回检查记录',5,'裴森',7,'绞车运行日志及巡回检查记录','007','绞车运行日志及巡回检查记录','2015-02-01 22:15:04','准时','21','正常','IMG_20150201_171017.png',NULL,NULL),(19242,29,6,'绞车运行日志及巡回检查记录',31,'周进伟',7,'绞车运行日志及巡回检查记录','007','绞车运行日志及巡回检查记录','2015-02-01 23:03:56','准时','22','正常','IMG_20150201_230338.png',NULL,NULL),(19243,1,7,'提升机安全保护装置检查试验记录',20,'郁奇峰',2,'提升机安全保护装置','002','提升机安全保护装置','2015-02-02 06:56:54','准时','1','正常','IMG_20150202_065610.png',NULL,NULL),(19244,2,1,'多绳绞车钢丝绳查验记录',15,'牛利生',1,'多绳绞车钢丝绳','001','多绳绞车钢丝绳','2015-02-02 05:07:27','准时','1','正常','IMG_20150202_050518.png',NULL,NULL),(19245,3,8,'车房电工定期维护检修记录',20,'郁奇峰',8,'车房电工定期维护检修记录','008','车房电工定期维护检修记录','2015-02-02 06:57:51','准时','1','正常','IMG_20150202_065610.png',NULL,NULL),(19246,5,5,'提升系统起重工周检',15,'牛利生',3,'提升系统起重工周检','003','提升系统起重工周检','2015-02-08 04:26:13','准时','1','正常','IMG_20150208_042247.png',NULL,NULL),(19247,6,4,'提升系统钳工周检',28,'吕志忠',6,'提升系统钳工周检','006','提升系统钳工周检','2015-02-03 05:17:32','准时','1','正常','IMG_20150203_051422.png',NULL,NULL),(19248,7,3,'提升系统钳工包机日检（二）',29,'葛宝满',5,'提升系统钳工包机日检（二）','005','提升系统钳工包机日检（二）','2015-02-02 05:17:36','准时','1','正常','IMG_20150202_051703.png',NULL,NULL),(19249,8,2,'提升系统钳工包机日检（一）',28,'吕志忠',4,'提升系统钳工包机日检（一）','004','提升系统钳工包机日检（一）','2015-02-02 06:03:43','准时','1','正常','IMG_20150202_060325.png',NULL,NULL),(19250,30,6,'绞车运行日志及巡回检查记录',31,'周进伟',7,'绞车运行日志及巡回检查记录','007','绞车运行日志及巡回检查记录','2015-02-02 00:30:11','准时','23','正常','IMG_20150201_230338.png',NULL,NULL),(19251,31,6,'绞车运行日志及巡回检查记录',31,'周进伟',7,'绞车运行日志及巡回检查记录','007','绞车运行日志及巡回检查记录','2015-02-02 01:31:09','准时','24','正常','IMG_20150201_230338.png',NULL,NULL),(19252,4,6,'绞车运行日志及巡回检查记录',31,'周进伟',7,'绞车运行日志及巡回检查记录','007','绞车运行日志及巡回检查记录','2015-02-02 02:32:05','准时','1','正常','IMG_20150201_230338.png',NULL,NULL),(19253,9,6,'绞车运行日志及巡回检查记录',31,'周进伟',7,'绞车运行日志及巡回检查记录','007','绞车运行日志及巡回检查记录','2015-02-02 03:33:06','准时','2','正常','IMG_20150201_230338.png',NULL,NULL),(19254,10,6,'绞车运行日志及巡回检查记录',31,'周进伟',7,'绞车运行日志及巡回检查记录','007','绞车运行日志及巡回检查记录','2015-02-02 04:31:06','准时','3','正常','IMG_20150201_230338.png',NULL,NULL),(19255,11,6,'绞车运行日志及巡回检查记录',31,'周进伟',7,'绞车运行日志及巡回检查记录','007','绞车运行日志及巡回检查记录','2015-02-02 05:32:25','准时','4','正常','IMG_20150201_230338.png',NULL,NULL),(19256,12,6,'绞车运行日志及巡回检查记录',31,'周进伟',7,'绞车运行日志及巡回检查记录','007','绞车运行日志及巡回检查记录','2015-02-02 06:33:08','准时','5','正常','IMG_20150201_230338.png',NULL,NULL),(19257,13,6,'绞车运行日志及巡回检查记录',30,'张炳杰',7,'绞车运行日志及巡回检查记录','007','绞车运行日志及巡回检查记录','2015-02-02 07:23:25','准时','6','正常','IMG_20150202_072306.png',NULL,NULL),(19258,14,6,'绞车运行日志及巡回检查记录',30,'张炳杰',7,'绞车运行日志及巡回检查记录','007','绞车运行日志及巡回检查记录','2015-02-02 08:25:04','准时','7','正常','IMG_20150202_072306.png',NULL,NULL),(19259,15,6,'绞车运行日志及巡回检查记录',30,'张炳杰',7,'绞车运行日志及巡回检查记录','007','绞车运行日志及巡回检查记录','2015-02-02 09:26:05','准时','8','正常','IMG_20150202_072306.png',NULL,NULL),(19260,16,6,'绞车运行日志及巡回检查记录',30,'张炳杰',7,'绞车运行日志及巡回检查记录','007','绞车运行日志及巡回检查记录','2015-02-02 10:27:04','准时','9','正常','IMG_20150202_072306.png',NULL,NULL),(19261,17,6,'绞车运行日志及巡回检查记录',30,'张炳杰',7,'绞车运行日志及巡回检查记录','007','绞车运行日志及巡回检查记录','2015-02-02 11:27:05','准时','10','正常','IMG_20150202_072306.png',NULL,NULL),(19262,18,6,'绞车运行日志及巡回检查记录',30,'张炳杰',7,'绞车运行日志及巡回检查记录','007','绞车运行日志及巡回检查记录','2015-02-02 12:28:04','准时','11','正常','IMG_20150202_072306.png',NULL,NULL),(19263,19,6,'绞车运行日志及巡回检查记录',30,'张炳杰',7,'绞车运行日志及巡回检查记录','007','绞车运行日志及巡回检查记录','2015-02-02 13:29:04','准时','12','正常','IMG_20150202_072306.png',NULL,NULL),(19264,20,6,'绞车运行日志及巡回检查记录',30,'张炳杰',7,'绞车运行日志及巡回检查记录','007','绞车运行日志及巡回检查记录','2015-02-02 14:30:06','准时','13','正常','IMG_20150202_072306.png',NULL,NULL),(19265,21,6,'绞车运行日志及巡回检查记录',5,'裴森',7,'绞车运行日志及巡回检查记录','007','绞车运行日志及巡回检查记录','2015-02-02 15:18:43','准时','14','正常','IMG_20150202_151811.png',NULL,NULL),(19266,22,6,'绞车运行日志及巡回检查记录',5,'裴森',7,'绞车运行日志及巡回检查记录','007','绞车运行日志及巡回检查记录','2015-02-02 16:13:15','准时','15','正常','IMG_20150202_151811.png',NULL,NULL),(19267,23,6,'绞车运行日志及巡回检查记录',5,'裴森',7,'绞车运行日志及巡回检查记录','007','绞车运行日志及巡回检查记录','2015-02-02 17:14:05','准时','16','正常','IMG_20150202_151811.png',NULL,NULL),(19268,24,6,'绞车运行日志及巡回检查记录',5,'裴森',7,'绞车运行日志及巡回检查记录','007','绞车运行日志及巡回检查记录','2015-02-02 18:15:04','准时','17','正常','IMG_20150202_151811.png',NULL,NULL),(19269,25,6,'绞车运行日志及巡回检查记录',5,'裴森',7,'绞车运行日志及巡回检查记录','007','绞车运行日志及巡回检查记录','2015-02-02 19:16:06','准时','18','正常','IMG_20150202_151811.png',NULL,NULL),(19270,26,6,'绞车运行日志及巡回检查记录',5,'裴森',7,'绞车运行日志及巡回检查记录','007','绞车运行日志及巡回检查记录','2015-02-02 20:17:04','准时','19','正常','IMG_20150202_151811.png',NULL,NULL),(19271,27,6,'绞车运行日志及巡回检查记录',5,'裴森',7,'绞车运行日志及巡回检查记录','007','绞车运行日志及巡回检查记录','2015-02-02 21:18:04','准时','20','正常','IMG_20150202_151811.png',NULL,NULL),(19272,28,6,'绞车运行日志及巡回检查记录',5,'裴森',7,'绞车运行日志及巡回检查记录','007','绞车运行日志及巡回检查记录','2015-02-02 22:14:05','准时','21','正常','IMG_20150202_151811.png',NULL,NULL),(19273,29,6,'绞车运行日志及巡回检查记录',27,'侯巍',7,'绞车运行日志及巡回检查记录','007','绞车运行日志及巡回检查记录','2015-02-02 23:15:09','准时','22','正常','IMG_20150203_070537.png',NULL,NULL),(19274,1,7,'提升机安全保护装置检查试验记录',21,'石磊',2,'提升机安全保护装置','002','提升机安全保护装置','2015-02-03 06:27:00','准时','1','正常','IMG_20150203_062640.png',NULL,NULL),(19275,2,1,'多绳绞车钢丝绳查验记录',14,'刘鹏',1,'多绳绞车钢丝绳','001','多绳绞车钢丝绳','2015-02-03 07:18:24','准时','1','正常','IMG_20150203_071759.png',NULL,NULL),(19276,3,8,'车房电工定期维护检修记录',21,'石磊',8,'车房电工定期维护检修记录','008','车房电工定期维护检修记录','2015-02-03 06:27:43','准时','1','正常','IMG_20150203_062640.png',NULL,NULL),(19277,7,3,'提升系统钳工包机日检（二）',29,'葛宝满',5,'提升系统钳工包机日检（二）','005','提升系统钳工包机日检（二）','2015-02-03 06:26:35','准时','1','正常','IMG_20150203_062600.png',NULL,NULL),(19278,8,2,'提升系统钳工包机日检（一）',28,'吕志忠',4,'提升系统钳工包机日检（一）','004','提升系统钳工包机日检（一）','2015-02-03 05:14:45','准时','1','正常','IMG_20150203_051422.png',NULL,NULL),(19279,30,6,'绞车运行日志及巡回检查记录',27,'侯巍',7,'绞车运行日志及巡回检查记录','007','绞车运行日志及巡回检查记录','2015-02-03 00:17:08','准时','23','正常','IMG_20150203_070537.png',NULL,NULL),(19280,31,6,'绞车运行日志及巡回检查记录',27,'侯巍',7,'绞车运行日志及巡回检查记录','007','绞车运行日志及巡回检查记录','2015-02-03 01:18:06','准时','24','正常','IMG_20150203_070537.png',NULL,NULL),(19281,4,6,'绞车运行日志及巡回检查记录',27,'侯巍',7,'绞车运行日志及巡回检查记录','007','绞车运行日志及巡回检查记录','2015-02-03 02:19:07','准时','1','正常','IMG_20150203_070537.png',NULL,NULL),(19282,9,6,'绞车运行日志及巡回检查记录',27,'侯巍',7,'绞车运行日志及巡回检查记录','007','绞车运行日志及巡回检查记录','2015-02-03 03:15:08','准时','2','正常','IMG_20150203_070537.png',NULL,NULL),(19283,10,6,'绞车运行日志及巡回检查记录',27,'侯巍',7,'绞车运行日志及巡回检查记录','007','绞车运行日志及巡回检查记录','2015-02-03 04:16:06','准时','3','正常','IMG_20150203_070537.png',NULL,NULL),(19284,11,6,'绞车运行日志及巡回检查记录',27,'侯巍',7,'绞车运行日志及巡回检查记录','007','绞车运行日志及巡回检查记录','2015-02-03 05:17:06','准时','4','正常','IMG_20150203_070537.png',NULL,NULL),(19285,12,6,'绞车运行日志及巡回检查记录',27,'侯巍',7,'绞车运行日志及巡回检查记录','007','绞车运行日志及巡回检查记录','2015-02-03 06:18:07','准时','5','正常','IMG_20150203_070537.png',NULL,NULL),(19286,13,6,'绞车运行日志及巡回检查记录',24,'李乾',7,'绞车运行日志及巡回检查记录','007','绞车运行日志及巡回检查记录','2015-02-03 07:35:14','准时','6','正常','IMG_20150203_134827.png',NULL,NULL),(19287,14,6,'绞车运行日志及巡回检查记录',24,'李乾',7,'绞车运行日志及巡回检查记录','007','绞车运行日志及巡回检查记录','2015-02-03 08:38:25','准时','7','正常','IMG_20150203_083805.png',NULL,NULL),(19288,15,6,'绞车运行日志及巡回检查记录',24,'李乾',7,'绞车运行日志及巡回检查记录','007','绞车运行日志及巡回检查记录','2015-02-03 09:41:22','准时','8','正常','IMG_20150203_083805.png',NULL,NULL),(19289,16,6,'绞车运行日志及巡回检查记录',24,'李乾',7,'绞车运行日志及巡回检查记录','007','绞车运行日志及巡回检查记录','2015-02-03 10:43:08','准时','9','正常','IMG_20150203_083805.png',NULL,NULL),(19290,17,6,'绞车运行日志及巡回检查记录',24,'李乾',7,'绞车运行日志及巡回检查记录','007','绞车运行日志及巡回检查记录','2015-02-03 11:50:05','准时','10','正常','IMG_20150203_083805.png',NULL,NULL),(19291,18,6,'绞车运行日志及巡回检查记录',24,'李乾',7,'绞车运行日志及巡回检查记录','007','绞车运行日志及巡回检查记录','2015-02-03 12:37:08','准时','11','正常','IMG_20150203_083805.png',NULL,NULL),(19292,19,6,'绞车运行日志及巡回检查记录',24,'李乾',7,'绞车运行日志及巡回检查记录','007','绞车运行日志及巡回检查记录','2015-02-03 13:48:59','准时','12','正常','IMG_20150203_134827.png',NULL,NULL),(19293,20,6,'绞车运行日志及巡回检查记录',24,'李乾',7,'绞车运行日志及巡回检查记录','007','绞车运行日志及巡回检查记录','2015-02-03 14:16:25','准时','13','正常','IMG_20150203_083805.png',NULL,NULL),(19294,21,6,'绞车运行日志及巡回检查记录',5,'裴森',7,'绞车运行日志及巡回检查记录','007','绞车运行日志及巡回检查记录','2015-02-03 15:16:21','准时','14','正常','IMG_20150203_151553.png',NULL,NULL),(19295,22,6,'绞车运行日志及巡回检查记录',5,'裴森',7,'绞车运行日志及巡回检查记录','007','绞车运行日志及巡回检查记录','2015-02-03 16:16:13','准时','15','正常','IMG_20150203_151553.png',NULL,NULL),(19296,23,6,'绞车运行日志及巡回检查记录',5,'裴森',7,'绞车运行日志及巡回检查记录','007','绞车运行日志及巡回检查记录','2015-02-03 17:17:04','准时','16','正常','IMG_20150203_151553.png',NULL,NULL),(19297,24,6,'绞车运行日志及巡回检查记录',5,'裴森',7,'绞车运行日志及巡回检查记录','007','绞车运行日志及巡回检查记录','2015-02-03 18:19:04','准时','17','正常','IMG_20150203_151553.png',NULL,NULL),(19298,25,6,'绞车运行日志及巡回检查记录',5,'裴森',7,'绞车运行日志及巡回检查记录','007','绞车运行日志及巡回检查记录','2015-02-03 19:15:12','准时','18','正常','IMG_20150203_151553.png',NULL,NULL),(19299,26,6,'绞车运行日志及巡回检查记录',5,'裴森',7,'绞车运行日志及巡回检查记录','007','绞车运行日志及巡回检查记录','2015-02-03 20:16:04','准时','19','正常','IMG_20150203_151553.png',NULL,NULL),(19300,27,6,'绞车运行日志及巡回检查记录',5,'裴森',7,'绞车运行日志及巡回检查记录','007','绞车运行日志及巡回检查记录','2015-02-03 21:17:06','准时','20','正常','IMG_20150203_151553.png',NULL,NULL),(19301,28,6,'绞车运行日志及巡回检查记录',5,'裴森',7,'绞车运行日志及巡回检查记录','007','绞车运行日志及巡回检查记录','2015-02-03 22:06:04','准时','21','正常','IMG_20150203_151553.png',NULL,NULL),(19302,29,6,'绞车运行日志及巡回检查记录',27,'侯巍',7,'绞车运行日志及巡回检查记录','007','绞车运行日志及巡回检查记录','2015-02-03 23:10:23','准时','22','正常','IMG_20150203_231003.png',NULL,NULL),(19303,1,7,'提升机安全保护装置检查试验记录',22,'高义涛',2,'提升机安全保护装置','002','提升机安全保护装置','2015-02-04 06:47:48','准时','1','正常','IMG_20150204_064707.png',NULL,NULL),(19304,2,1,'多绳绞车钢丝绳查验记录',14,'刘鹏',1,'多绳绞车钢丝绳','001','多绳绞车钢丝绳','2015-02-04 04:29:31','准时','1','正常','IMG_20150204_042651.png',NULL,NULL),(19305,3,8,'车房电工定期维护检修记录',22,'高义涛',8,'车房电工定期维护检修记录','008','车房电工定期维护检修记录','2015-02-04 06:48:32','准时','1','正常','IMG_20150204_064707.png',NULL,NULL),(19306,7,3,'提升系统钳工包机日检（二）',29,'葛宝满',5,'提升系统钳工包机日检（二）','005','提升系统钳工包机日检（二）','2015-02-04 04:47:27','准时','1','正常','IMG_20150204_044657.png',NULL,NULL),(19307,8,2,'提升系统钳工包机日检（一）',28,'吕志忠',4,'提升系统钳工包机日检（一）','004','提升系统钳工包机日检（一）','2015-02-04 04:48:15','准时','1','正常','IMG_20150204_044741.png',NULL,NULL),(19308,30,6,'绞车运行日志及巡回检查记录',27,'侯巍',7,'绞车运行日志及巡回检查记录','007','绞车运行日志及巡回检查记录','2015-02-04 00:12:06','准时','23','正常','IMG_20150203_231003.png',NULL,NULL),(19309,31,6,'绞车运行日志及巡回检查记录',27,'侯巍',7,'绞车运行日志及巡回检查记录','007','绞车运行日志及巡回检查记录','2015-02-04 01:13:06','准时','24','正常','IMG_20150203_231003.png',NULL,NULL),(19310,4,6,'绞车运行日志及巡回检查记录',27,'侯巍',7,'绞车运行日志及巡回检查记录','007','绞车运行日志及巡回检查记录','2015-02-04 02:18:13','准时','1','正常','IMG_20150203_231003.png',NULL,NULL),(19311,9,6,'绞车运行日志及巡回检查记录',27,'侯巍',7,'绞车运行日志及巡回检查记录','007','绞车运行日志及巡回检查记录','2015-02-04 03:19:06','准时','2','正常','IMG_20150203_231003.png',NULL,NULL),(19312,10,6,'绞车运行日志及巡回检查记录',27,'侯巍',7,'绞车运行日志及巡回检查记录','007','绞车运行日志及巡回检查记录','2015-02-04 04:20:06','准时','3','正常','IMG_20150203_231003.png',NULL,NULL),(19313,11,6,'绞车运行日志及巡回检查记录',27,'侯巍',7,'绞车运行日志及巡回检查记录','007','绞车运行日志及巡回检查记录','2015-02-04 05:21:06','准时','4','正常','IMG_20150203_231003.png',NULL,NULL),(19314,12,6,'绞车运行日志及巡回检查记录',27,'侯巍',7,'绞车运行日志及巡回检查记录','007','绞车运行日志及巡回检查记录','2015-02-04 06:22:08','准时','5','正常','IMG_20150203_231003.png',NULL,NULL),(19315,13,6,'绞车运行日志及巡回检查记录',6,'李健',7,'绞车运行日志及巡回检查记录','007','绞车运行日志及巡回检查记录','2015-02-04 07:33:03','准时','6','正常','IMG_20150204_143208.png',NULL,NULL),(19316,14,6,'绞车运行日志及巡回检查记录',6,'李健',7,'绞车运行日志及巡回检查记录','007','绞车运行日志及巡回检查记录','2015-02-04 08:35:05','准时','7','正常','IMG_20150204_143208.png',NULL,NULL),(19317,15,6,'绞车运行日志及巡回检查记录',6,'李健',7,'绞车运行日志及巡回检查记录','007','绞车运行日志及巡回检查记录','2015-02-04 09:36:06','准时','8','正常','IMG_20150204_143208.png',NULL,NULL),(19318,16,6,'绞车运行日志及巡回检查记录',6,'李健',7,'绞车运行日志及巡回检查记录','007','绞车运行日志及巡回检查记录','2015-02-04 10:37:05','准时','9','正常','IMG_20150204_143208.png',NULL,NULL),(19319,17,6,'绞车运行日志及巡回检查记录',6,'李健',7,'绞车运行日志及巡回检查记录','007','绞车运行日志及巡回检查记录','2015-02-04 11:39:07','准时','10','正常','IMG_20150204_143208.png',NULL,NULL),(19320,18,6,'绞车运行日志及巡回检查记录',6,'李健',7,'绞车运行日志及巡回检查记录','007','绞车运行日志及巡回检查记录','2015-02-04 12:41:10','准时','11','正常','IMG_20150204_143208.png',NULL,NULL),(19321,19,6,'绞车运行日志及巡回检查记录',6,'李健',7,'绞车运行日志及巡回检查记录','007','绞车运行日志及巡回检查记录','2015-02-04 13:42:04','准时','12','正常','IMG_20150204_143208.png',NULL,NULL),(19322,20,6,'绞车运行日志及巡回检查记录',6,'李健',7,'绞车运行日志及巡回检查记录','007','绞车运行日志及巡回检查记录','2015-02-04 14:32:19','准时','13','正常','IMG_20150204_143208.png',NULL,NULL),(19323,21,6,'绞车运行日志及巡回检查记录',5,'裴森',7,'绞车运行日志及巡回检查记录','007','绞车运行日志及巡回检查记录','2015-02-04 15:05:50','准时','14','正常','IMG_20150204_150535.png',NULL,NULL),(19324,22,6,'绞车运行日志及巡回检查记录',5,'裴森',7,'绞车运行日志及巡回检查记录','007','绞车运行日志及巡回检查记录','2015-02-04 16:07:09','准时','15','正常','IMG_20150204_150535.png',NULL,NULL),(19325,23,6,'绞车运行日志及巡回检查记录',5,'裴森',7,'绞车运行日志及巡回检查记录','007','绞车运行日志及巡回检查记录','2015-02-04 17:08:04','准时','16','正常','IMG_20150204_150535.png',NULL,NULL),(19326,24,6,'绞车运行日志及巡回检查记录',5,'裴森',7,'绞车运行日志及巡回检查记录','007','绞车运行日志及巡回检查记录','2015-02-04 18:09:27','准时','17','正常','IMG_20150204_180906.png',NULL,NULL),(19327,25,6,'绞车运行日志及巡回检查记录',5,'裴森',7,'绞车运行日志及巡回检查记录','007','绞车运行日志及巡回检查记录','2015-02-04 19:10:12','准时','18','正常','IMG_20150204_191003.png',NULL,NULL),(19328,26,6,'绞车运行日志及巡回检查记录',5,'裴森',7,'绞车运行日志及巡回检查记录','007','绞车运行日志及巡回检查记录','2015-02-04 20:11:10','准时','19','正常','IMG_20150204_201103.png',NULL,NULL),(19329,27,6,'绞车运行日志及巡回检查记录',5,'裴森',7,'绞车运行日志及巡回检查记录','007','绞车运行日志及巡回检查记录','2015-02-04 21:11:16','准时','20','正常','IMG_20150204_211104.png',NULL,NULL),(19330,28,6,'绞车运行日志及巡回检查记录',26,'苑成智',7,'绞车运行日志及巡回检查记录','007','绞车运行日志及巡回检查记录','2015-02-04 22:14:42','准时','21','正常','IMG_20150204_221419.png',NULL,NULL),(19331,29,6,'绞车运行日志及巡回检查记录',1,'管理员',7,'绞车运行日志及巡回检查记录','007','绞车运行日志及巡回检查记录','2015-02-04 23:00:00','漏巡','22','漏巡','',NULL,NULL),(19332,1,7,'提升机安全保护装置检查试验记录',20,'郁奇峰',2,'提升机安全保护装置','002','提升机安全保护装置','2015-02-05 06:48:52','准时','1','正常','IMG_20150205_064804.png',NULL,NULL),(19333,2,1,'多绳绞车钢丝绳查验记录',14,'刘鹏',1,'多绳绞车钢丝绳','001','多绳绞车钢丝绳','2015-02-05 06:36:27','准时','1','正常','IMG_20150205_063544.png',NULL,NULL),(19334,3,8,'车房电工定期维护检修记录',20,'郁奇峰',8,'车房电工定期维护检修记录','008','车房电工定期维护检修记录','2015-02-05 06:49:15','准时','1','正常','IMG_20150205_064804.png',NULL,NULL),(19335,7,3,'提升系统钳工包机日检（二）',17,'刘金伟',5,'提升系统钳工包机日检（二）','005','提升系统钳工包机日检（二）','2015-02-05 06:40:30','准时','1','正常','IMG_20150205_063920.png',NULL,NULL),(19336,8,2,'提升系统钳工包机日检（一）',1,'管理员',4,'提升系统钳工包机日检（一）','004','提升系统钳工包机日检（一）','2015-02-05 00:00:00','漏巡','1','漏巡','',NULL,NULL),(19337,30,6,'绞车运行日志及巡回检查记录',26,'苑成智',7,'绞车运行日志及巡回检查记录','007','绞车运行日志及巡回检查记录','2015-02-05 00:21:23','准时','23','正常','IMG_20150204_221419.png',NULL,NULL),(19338,31,6,'绞车运行日志及巡回检查记录',26,'苑成智',7,'绞车运行日志及巡回检查记录','007','绞车运行日志及巡回检查记录','2015-02-05 01:24:08','准时','24','正常','IMG_20150204_221419.png',NULL,NULL),(19339,4,6,'绞车运行日志及巡回检查记录',26,'苑成智',7,'绞车运行日志及巡回检查记录','007','绞车运行日志及巡回检查记录','2015-02-05 02:26:10','准时','1','正常','IMG_20150204_221419.png',NULL,NULL),(19340,9,6,'绞车运行日志及巡回检查记录',26,'苑成智',7,'绞车运行日志及巡回检查记录','007','绞车运行日志及巡回检查记录','2015-02-05 03:30:14','准时','2','正常','IMG_20150204_221419.png',NULL,NULL),(19341,10,6,'绞车运行日志及巡回检查记录',26,'苑成智',7,'绞车运行日志及巡回检查记录','007','绞车运行日志及巡回检查记录','2015-02-05 04:38:19','准时','3','正常','IMG_20150205_043805.png',NULL,NULL),(19342,11,6,'绞车运行日志及巡回检查记录',26,'苑成智',7,'绞车运行日志及巡回检查记录','007','绞车运行日志及巡回检查记录','2015-02-05 05:35:06','准时','4','正常','IMG_20150204_221419.png',NULL,NULL),(19343,12,6,'绞车运行日志及巡回检查记录',26,'苑成智',7,'绞车运行日志及巡回检查记录','007','绞车运行日志及巡回检查记录','2015-02-05 06:37:08','准时','5','正常','IMG_20150204_221419.png',NULL,NULL),(19344,13,6,'绞车运行日志及巡回检查记录',24,'李乾',7,'绞车运行日志及巡回检查记录','007','绞车运行日志及巡回检查记录','2015-02-05 07:57:32','准时','6','正常','IMG_20150205_075713.png',NULL,NULL),(19345,14,6,'绞车运行日志及巡回检查记录',24,'李乾',7,'绞车运行日志及巡回检查记录','007','绞车运行日志及巡回检查记录','2015-02-05 08:24:10','准时','7','正常','IMG_20150205_075713.png',NULL,NULL),(19346,15,6,'绞车运行日志及巡回检查记录',24,'李乾',7,'绞车运行日志及巡回检查记录','007','绞车运行日志及巡回检查记录','2015-02-05 09:26:07','准时','8','正常','IMG_20150205_075713.png',NULL,NULL),(19347,16,6,'绞车运行日志及巡回检查记录',24,'李乾',7,'绞车运行日志及巡回检查记录','007','绞车运行日志及巡回检查记录','2015-02-05 10:29:44','准时','9','正常','IMG_20150205_102935.png',NULL,NULL),(19348,17,6,'绞车运行日志及巡回检查记录',24,'李乾',7,'绞车运行日志及巡回检查记录','007','绞车运行日志及巡回检查记录','2015-02-05 11:28:11','准时','10','正常','IMG_20150205_122746.png',NULL,NULL),(19349,18,6,'绞车运行日志及巡回检查记录',24,'李乾',7,'绞车运行日志及巡回检查记录','007','绞车运行日志及巡回检查记录','2015-02-05 12:27:56','准时','11','正常','IMG_20150205_122746.png',NULL,NULL),(19350,19,6,'绞车运行日志及巡回检查记录',24,'李乾',7,'绞车运行日志及巡回检查记录','007','绞车运行日志及巡回检查记录','2015-02-05 13:25:09','准时','12','正常','IMG_20150205_075713.png',NULL,NULL),(19351,20,6,'绞车运行日志及巡回检查记录',24,'李乾',7,'绞车运行日志及巡回检查记录','007','绞车运行日志及巡回检查记录','2015-02-05 14:24:27','准时','13','正常','IMG_20150205_075713.png',NULL,NULL),(19352,21,6,'绞车运行日志及巡回检查记录',5,'裴森',7,'绞车运行日志及巡回检查记录','007','绞车运行日志及巡回检查记录','2015-02-05 15:41:10','准时','14','正常','IMG_20150205_154051.png',NULL,NULL),(19353,22,6,'绞车运行日志及巡回检查记录',5,'裴森',7,'绞车运行日志及巡回检查记录','007','绞车运行日志及巡回检查记录','2015-02-05 16:37:07','准时','15','正常','IMG_20150205_154051.png',NULL,NULL),(19354,23,6,'绞车运行日志及巡回检查记录',5,'裴森',7,'绞车运行日志及巡回检查记录','007','绞车运行日志及巡回检查记录','2015-02-05 17:10:04','准时','16','正常','IMG_20150205_154051.png',NULL,NULL),(19355,24,6,'绞车运行日志及巡回检查记录',5,'裴森',7,'绞车运行日志及巡回检查记录','007','绞车运行日志及巡回检查记录','2015-02-05 18:11:05','准时','17','正常','IMG_20150205_154051.png',NULL,NULL),(19356,25,6,'绞车运行日志及巡回检查记录',5,'裴森',7,'绞车运行日志及巡回检查记录','007','绞车运行日志及巡回检查记录','2015-02-05 19:13:04','准时','18','正常','IMG_20150205_154051.png',NULL,NULL),(19357,26,6,'绞车运行日志及巡回检查记录',5,'裴森',7,'绞车运行日志及巡回检查记录','007','绞车运行日志及巡回检查记录','2015-02-05 20:15:06','准时','19','正常','IMG_20150205_154051.png',NULL,NULL),(19358,27,6,'绞车运行日志及巡回检查记录',5,'裴森',7,'绞车运行日志及巡回检查记录','007','绞车运行日志及巡回检查记录','2015-02-05 21:16:18','准时','20','正常','IMG_20150205_211604.png',NULL,NULL),(19359,28,6,'绞车运行日志及巡回检查记录',5,'裴森',7,'绞车运行日志及巡回检查记录','007','绞车运行日志及巡回检查记录','2015-02-05 22:17:17','准时','21','正常','IMG_20150205_221704.png',NULL,NULL),(19360,29,6,'绞车运行日志及巡回检查记录',26,'苑成智',7,'绞车运行日志及巡回检查记录','007','绞车运行日志及巡回检查记录','2015-02-05 23:01:33','准时','22','正常','IMG_20150205_230106.png',NULL,NULL),(19361,1,7,'提升机安全保护装置检查试验记录',22,'高义涛',2,'提升机安全保护装置','002','提升机安全保护装置','2015-02-06 15:52:22','准时','1','正常','IMG_20150206_155140.png',NULL,NULL),(19362,2,1,'多绳绞车钢丝绳查验记录',14,'刘鹏',1,'多绳绞车钢丝绳','001','多绳绞车钢丝绳','2015-02-06 04:38:34','准时','1','正常','IMG_20150206_043644.png',NULL,NULL),(19363,3,8,'车房电工定期维护检修记录',22,'高义涛',8,'车房电工定期维护检修记录','008','车房电工定期维护检修记录','2015-02-06 15:53:04','准时','1','正常','IMG_20150206_155140.png',NULL,NULL),(19364,7,3,'提升系统钳工包机日检（二）',29,'葛宝满',5,'提升系统钳工包机日检（二）','005','提升系统钳工包机日检（二）','2015-02-06 04:59:11','准时','1','正常','IMG_20150206_045825.png',NULL,NULL),(19365,8,2,'提升系统钳工包机日检（一）',1,'管理员',4,'提升系统钳工包机日检（一）','004','提升系统钳工包机日检（一）','2015-02-06 00:00:00','漏巡','1','漏巡','',NULL,NULL),(19366,30,6,'绞车运行日志及巡回检查记录',26,'苑成智',7,'绞车运行日志及巡回检查记录','007','绞车运行日志及巡回检查记录','2015-02-06 00:02:10','准时','23','正常','IMG_20150205_230106.png',NULL,NULL),(19367,31,6,'绞车运行日志及巡回检查记录',26,'苑成智',7,'绞车运行日志及巡回检查记录','007','绞车运行日志及巡回检查记录','2015-02-06 01:04:22','准时','24','正常','IMG_20150205_230106.png',NULL,NULL),(19368,4,6,'绞车运行日志及巡回检查记录',26,'苑成智',7,'绞车运行日志及巡回检查记录','007','绞车运行日志及巡回检查记录','2015-02-06 02:07:23','准时','1','正常','IMG_20150205_230106.png',NULL,NULL),(19369,9,6,'绞车运行日志及巡回检查记录',26,'苑成智',7,'绞车运行日志及巡回检查记录','007','绞车运行日志及巡回检查记录','2015-02-06 03:08:11','准时','2','正常','IMG_20150205_230106.png',NULL,NULL),(19370,10,6,'绞车运行日志及巡回检查记录',26,'苑成智',7,'绞车运行日志及巡回检查记录','007','绞车运行日志及巡回检查记录','2015-02-06 04:09:09','准时','3','正常','IMG_20150205_230106.png',NULL,NULL),(19371,11,6,'绞车运行日志及巡回检查记录',26,'苑成智',7,'绞车运行日志及巡回检查记录','007','绞车运行日志及巡回检查记录','2015-02-06 05:10:05','准时','4','正常','IMG_20150205_230106.png',NULL,NULL),(19372,12,6,'绞车运行日志及巡回检查记录',26,'苑成智',7,'绞车运行日志及巡回检查记录','007','绞车运行日志及巡回检查记录','2015-02-06 06:11:09','准时','5','正常','IMG_20150205_230106.png',NULL,NULL),(19373,13,6,'绞车运行日志及巡回检查记录',24,'李乾',7,'绞车运行日志及巡回检查记录','007','绞车运行日志及巡回检查记录','2015-02-06 07:40:45','准时','6','正常','IMG_20150206_074005.png',NULL,NULL),(19374,14,6,'绞车运行日志及巡回检查记录',24,'李乾',7,'绞车运行日志及巡回检查记录','007','绞车运行日志及巡回检查记录','2015-02-06 08:31:10','准时','7','正常','IMG_20150206_083100.png',NULL,NULL),(19375,15,6,'绞车运行日志及巡回检查记录',24,'李乾',7,'绞车运行日志及巡回检查记录','007','绞车运行日志及巡回检查记录','2015-02-06 09:32:07','准时','8','正常','IMG_20150206_083100.png',NULL,NULL),(19376,16,6,'绞车运行日志及巡回检查记录',24,'李乾',7,'绞车运行日志及巡回检查记录','007','绞车运行日志及巡回检查记录','2015-02-06 10:34:11','准时','9','正常','IMG_20150206_083100.png',NULL,NULL),(19377,17,6,'绞车运行日志及巡回检查记录',24,'李乾',7,'绞车运行日志及巡回检查记录','007','绞车运行日志及巡回检查记录','2015-02-06 11:36:04','准时','10','正常','IMG_20150206_083100.png',NULL,NULL),(19378,18,6,'绞车运行日志及巡回检查记录',24,'李乾',7,'绞车运行日志及巡回检查记录','007','绞车运行日志及巡回检查记录','2015-02-06 12:07:32','准时','11','正常','IMG_20150206_074005.png',NULL,NULL),(19379,19,6,'绞车运行日志及巡回检查记录',24,'李乾',7,'绞车运行日志及巡回检查记录','007','绞车运行日志及巡回检查记录','2015-02-06 13:57:33','准时','12','正常','IMG_20150206_074005.png',NULL,NULL),(19380,20,6,'绞车运行日志及巡回检查记录',24,'李乾',7,'绞车运行日志及巡回检查记录','007','绞车运行日志及巡回检查记录','2015-02-06 14:11:07','准时','13','正常','IMG_20150206_083100.png',NULL,NULL),(19381,21,6,'绞车运行日志及巡回检查记录',5,'裴森',7,'绞车运行日志及巡回检查记录','007','绞车运行日志及巡回检查记录','2015-02-06 15:04:42','准时','14','正常','IMG_20150206_150349.png',NULL,NULL),(19382,22,6,'绞车运行日志及巡回检查记录',5,'裴森',7,'绞车运行日志及巡回检查记录','007','绞车运行日志及巡回检查记录','2015-02-06 16:06:05','准时','15','正常','IMG_20150206_150349.png',NULL,NULL),(19383,23,6,'绞车运行日志及巡回检查记录',5,'裴森',7,'绞车运行日志及巡回检查记录','007','绞车运行日志及巡回检查记录','2015-02-06 17:07:22','准时','16','正常','IMG_20150206_150349.png',NULL,NULL),(19384,24,6,'绞车运行日志及巡回检查记录',5,'裴森',7,'绞车运行日志及巡回检查记录','007','绞车运行日志及巡回检查记录','2015-02-06 18:09:32','准时','17','正常','IMG_20150206_150349.png',NULL,NULL),(19385,25,6,'绞车运行日志及巡回检查记录',5,'裴森',7,'绞车运行日志及巡回检查记录','007','绞车运行日志及巡回检查记录','2015-02-06 19:16:06','准时','18','正常','IMG_20150206_150349.png',NULL,NULL),(19386,26,6,'绞车运行日志及巡回检查记录',5,'裴森',7,'绞车运行日志及巡回检查记录','007','绞车运行日志及巡回检查记录','2015-02-06 20:11:06','准时','19','正常','IMG_20150206_150349.png',NULL,NULL),(19387,27,6,'绞车运行日志及巡回检查记录',5,'裴森',7,'绞车运行日志及巡回检查记录','007','绞车运行日志及巡回检查记录','2015-02-06 21:15:00','准时','20','正常','IMG_20150206_150349.png',NULL,NULL),(19388,28,6,'绞车运行日志及巡回检查记录',5,'裴森',7,'绞车运行日志及巡回检查记录','007','绞车运行日志及巡回检查记录','2015-02-06 22:17:08','准时','21','正常','IMG_20150206_150349.png',NULL,NULL),(19389,29,6,'绞车运行日志及巡回检查记录',31,'周进伟',7,'绞车运行日志及巡回检查记录','007','绞车运行日志及巡回检查记录','2015-02-06 23:29:40','准时','22','正常','IMG_20150206_232908.png',NULL,NULL),(19390,1,7,'提升机安全保护装置检查试验记录',1,'管理员',2,'提升机安全保护装置','002','提升机安全保护装置','2015-02-07 00:00:00','漏巡','1','漏巡','',NULL,NULL),(19391,2,1,'多绳绞车钢丝绳查验记录',15,'牛利生',1,'多绳绞车钢丝绳','001','多绳绞车钢丝绳','2015-02-07 04:28:53','准时','1','正常','IMG_20150207_042753.png',NULL,NULL),(19392,3,8,'车房电工定期维护检修记录',1,'管理员',8,'车房电工定期维护检修记录','008','车房电工定期维护检修记录','2015-02-07 00:00:00','漏巡','1','漏巡','',NULL,NULL),(19393,7,3,'提升系统钳工包机日检（二）',1,'管理员',5,'提升系统钳工包机日检（二）','005','提升系统钳工包机日检（二）','2015-02-07 00:00:00','漏巡','1','漏巡','',NULL,NULL),(19394,8,2,'提升系统钳工包机日检（一）',28,'吕志忠',4,'提升系统钳工包机日检（一）','004','提升系统钳工包机日检（一）','2015-02-07 05:43:55','准时','1','正常','IMG_20150207_054315.png',NULL,NULL),(19395,30,6,'绞车运行日志及巡回检查记录',31,'周进伟',7,'绞车运行日志及巡回检查记录','007','绞车运行日志及巡回检查记录','2015-02-07 00:31:12','准时','23','正常','IMG_20150206_232908.png',NULL,NULL),(19396,31,6,'绞车运行日志及巡回检查记录',31,'周进伟',7,'绞车运行日志及巡回检查记录','007','绞车运行日志及巡回检查记录','2015-02-07 01:32:29','准时','24','正常','IMG_20150206_232908.png',NULL,NULL),(19397,4,6,'绞车运行日志及巡回检查记录',31,'周进伟',7,'绞车运行日志及巡回检查记录','007','绞车运行日志及巡回检查记录','2015-02-07 02:34:06','准时','1','正常','IMG_20150206_232908.png',NULL,NULL),(19398,9,6,'绞车运行日志及巡回检查记录',31,'周进伟',7,'绞车运行日志及巡回检查记录','007','绞车运行日志及巡回检查记录','2015-02-07 03:35:08','准时','2','正常','IMG_20150206_232908.png',NULL,NULL),(19399,10,6,'绞车运行日志及巡回检查记录',31,'周进伟',7,'绞车运行日志及巡回检查记录','007','绞车运行日志及巡回检查记录','2015-02-07 04:30:07','准时','3','正常','IMG_20150206_232908.png',NULL,NULL),(19400,11,6,'绞车运行日志及巡回检查记录',31,'周进伟',7,'绞车运行日志及巡回检查记录','007','绞车运行日志及巡回检查记录','2015-02-07 05:31:06','准时','4','正常','IMG_20150206_232908.png',NULL,NULL),(19401,12,6,'绞车运行日志及巡回检查记录',31,'周进伟',7,'绞车运行日志及巡回检查记录','007','绞车运行日志及巡回检查记录','2015-02-07 06:33:10','准时','5','正常','IMG_20150206_232908.png',NULL,NULL),(19402,13,6,'绞车运行日志及巡回检查记录',24,'李乾',7,'绞车运行日志及巡回检查记录','007','绞车运行日志及巡回检查记录','2015-02-07 07:32:07','准时','6','正常','IMG_20150207_083053.png',NULL,NULL),(19403,14,6,'绞车运行日志及巡回检查记录',24,'李乾',7,'绞车运行日志及巡回检查记录','007','绞车运行日志及巡回检查记录','2015-02-07 08:31:17','准时','7','正常','IMG_20150207_083053.png',NULL,NULL),(19404,15,6,'绞车运行日志及巡回检查记录',24,'李乾',7,'绞车运行日志及巡回检查记录','007','绞车运行日志及巡回检查记录','2015-02-07 09:24:18','准时','8','正常','IMG_20150207_092406.png',NULL,NULL),(19405,16,6,'绞车运行日志及巡回检查记录',24,'李乾',7,'绞车运行日志及巡回检查记录','007','绞车运行日志及巡回检查记录','2015-02-07 10:21:07','准时','9','正常','IMG_20150207_111927.png',NULL,NULL),(19406,17,6,'绞车运行日志及巡回检查记录',24,'李乾',7,'绞车运行日志及巡回检查记录','007','绞车运行日志及巡回检查记录','2015-02-07 11:19:42','准时','10','正常','IMG_20150207_111927.png',NULL,NULL),(19407,18,6,'绞车运行日志及巡回检查记录',24,'李乾',7,'绞车运行日志及巡回检查记录','007','绞车运行日志及巡回检查记录','2015-02-07 12:16:09','准时','11','正常','IMG_20150207_131309.png',NULL,NULL),(19408,19,6,'绞车运行日志及巡回检查记录',24,'李乾',7,'绞车运行日志及巡回检查记录','007','绞车运行日志及巡回检查记录','2015-02-07 13:14:20','准时','12','正常','IMG_20150207_131309.png',NULL,NULL),(19409,20,6,'绞车运行日志及巡回检查记录',24,'李乾',7,'绞车运行日志及巡回检查记录','007','绞车运行日志及巡回检查记录','2015-02-07 14:43:01','准时','13','正常','IMG_20150207_144246.png',NULL,NULL),(19410,21,6,'绞车运行日志及巡回检查记录',30,'张炳杰',7,'绞车运行日志及巡回检查记录','007','绞车运行日志及巡回检查记录','2015-02-07 15:10:47','准时','14','正常','IMG_20150207_151033.png',NULL,NULL),(19411,22,6,'绞车运行日志及巡回检查记录',30,'张炳杰',7,'绞车运行日志及巡回检查记录','007','绞车运行日志及巡回检查记录','2015-02-07 16:40:11','准时','15','正常','IMG_20150207_151033.png',NULL,NULL),(19412,23,6,'绞车运行日志及巡回检查记录',30,'张炳杰',7,'绞车运行日志及巡回检查记录','007','绞车运行日志及巡回检查记录','2015-02-07 17:25:08','准时','16','正常','IMG_20150207_151033.png',NULL,NULL),(19413,24,6,'绞车运行日志及巡回检查记录',30,'张炳杰',7,'绞车运行日志及巡回检查记录','007','绞车运行日志及巡回检查记录','2015-02-07 18:25:04','准时','17','正常','IMG_20150207_151033.png',NULL,NULL),(19414,25,6,'绞车运行日志及巡回检查记录',30,'张炳杰',7,'绞车运行日志及巡回检查记录','007','绞车运行日志及巡回检查记录','2015-02-07 19:26:03','准时','18','正常','IMG_20150207_151033.png',NULL,NULL),(19415,26,6,'绞车运行日志及巡回检查记录',30,'张炳杰',7,'绞车运行日志及巡回检查记录','007','绞车运行日志及巡回检查记录','2015-02-07 20:27:04','准时','19','正常','IMG_20150207_151033.png',NULL,NULL),(19416,27,6,'绞车运行日志及巡回检查记录',30,'张炳杰',7,'绞车运行日志及巡回检查记录','007','绞车运行日志及巡回检查记录','2015-02-07 21:28:03','准时','20','正常','IMG_20150207_151033.png',NULL,NULL),(19417,28,6,'绞车运行日志及巡回检查记录',30,'张炳杰',7,'绞车运行日志及巡回检查记录','007','绞车运行日志及巡回检查记录','2015-02-07 22:29:04','准时','21','正常','IMG_20150207_151033.png',NULL,NULL),(19418,29,6,'绞车运行日志及巡回检查记录',31,'周进伟',7,'绞车运行日志及巡回检查记录','007','绞车运行日志及巡回检查记录','2015-02-07 23:30:17','准时','22','正常','IMG_20150207_233006.png',NULL,NULL),(19419,1,7,'提升机安全保护装置检查试验记录',20,'郁奇峰',2,'提升机安全保护装置','002','提升机安全保护装置','2015-02-08 06:38:51','准时','1','正常','IMG_20150208_063819.png',NULL,NULL),(19420,2,1,'多绳绞车钢丝绳查验记录',15,'牛利生',1,'多绳绞车钢丝绳','001','多绳绞车钢丝绳','2015-02-08 04:23:42','准时','1','正常','IMG_20150208_042247.png',NULL,NULL),(19421,3,8,'车房电工定期维护检修记录',20,'郁奇峰',8,'车房电工定期维护检修记录','008','车房电工定期维护检修记录','2015-02-08 06:39:34','准时','1','正常','IMG_20150208_063819.png',NULL,NULL),(19422,7,3,'提升系统钳工包机日检（二）',15,'牛利生',5,'提升系统钳工包机日检（二）','005','提升系统钳工包机日检（二）','2015-02-08 05:25:32','准时','1','正常','IMG_20150208_052519.png',NULL,NULL),(19423,8,2,'提升系统钳工包机日检（一）',28,'吕志忠',4,'提升系统钳工包机日检（一）','004','提升系统钳工包机日检（一）','2015-02-08 05:48:27','准时','1','正常','IMG_20150208_052519.png',NULL,NULL),(19424,30,6,'绞车运行日志及巡回检查记录',31,'周进伟',7,'绞车运行日志及巡回检查记录','007','绞车运行日志及巡回检查记录','2015-02-08 00:32:06','准时','23','正常','IMG_20150207_233006.png',NULL,NULL),(19425,31,6,'绞车运行日志及巡回检查记录',31,'周进伟',7,'绞车运行日志及巡回检查记录','007','绞车运行日志及巡回检查记录','2015-02-08 01:34:06','准时','24','正常','IMG_20150207_233006.png',NULL,NULL),(19426,4,6,'绞车运行日志及巡回检查记录',31,'周进伟',7,'绞车运行日志及巡回检查记录','007','绞车运行日志及巡回检查记录','2015-02-08 02:35:06','准时','1','正常','IMG_20150207_233006.png',NULL,NULL),(19427,9,6,'绞车运行日志及巡回检查记录',31,'周进伟',7,'绞车运行日志及巡回检查记录','007','绞车运行日志及巡回检查记录','2015-02-08 03:37:19','准时','2','正常','IMG_20150207_233006.png',NULL,NULL),(19428,10,6,'绞车运行日志及巡回检查记录',31,'周进伟',7,'绞车运行日志及巡回检查记录','007','绞车运行日志及巡回检查记录','2015-02-08 04:31:32','准时','3','正常','IMG_20150207_233006.png',NULL,NULL),(19429,11,6,'绞车运行日志及巡回检查记录',31,'周进伟',7,'绞车运行日志及巡回检查记录','007','绞车运行日志及巡回检查记录','2015-02-08 05:34:07','准时','4','正常','IMG_20150207_233006.png',NULL,NULL),(19430,12,6,'绞车运行日志及巡回检查记录',31,'周进伟',7,'绞车运行日志及巡回检查记录','007','绞车运行日志及巡回检查记录','2015-02-08 06:33:53','准时','5','正常','IMG_20150207_233006.png',NULL,NULL),(19431,13,6,'绞车运行日志及巡回检查记录',6,'李健',7,'绞车运行日志及巡回检查记录','007','绞车运行日志及巡回检查记录','2015-02-08 07:21:03','准时','6','正常','IMG_20150208_142006.png',NULL,NULL),(19432,14,6,'绞车运行日志及巡回检查记录',6,'李健',7,'绞车运行日志及巡回检查记录','007','绞车运行日志及巡回检查记录','2015-02-08 08:22:09','准时','7','正常','IMG_20150208_142006.png',NULL,NULL),(19433,15,6,'绞车运行日志及巡回检查记录',6,'李健',7,'绞车运行日志及巡回检查记录','007','绞车运行日志及巡回检查记录','2015-02-08 09:17:38','准时','8','正常','IMG_20150208_091719.png',NULL,NULL),(19434,16,6,'绞车运行日志及巡回检查记录',6,'李健',7,'绞车运行日志及巡回检查记录','007','绞车运行日志及巡回检查记录','2015-02-08 10:23:05','准时','9','正常','IMG_20150208_142006.png',NULL,NULL),(19435,17,6,'绞车运行日志及巡回检查记录',6,'李健',7,'绞车运行日志及巡回检查记录','007','绞车运行日志及巡回检查记录','2015-02-08 11:24:03','准时','10','正常','IMG_20150208_142006.png',NULL,NULL),(19436,18,6,'绞车运行日志及巡回检查记录',6,'李健',7,'绞车运行日志及巡回检查记录','007','绞车运行日志及巡回检查记录','2015-02-08 12:25:04','准时','11','正常','IMG_20150208_142006.png',NULL,NULL),(19437,19,6,'绞车运行日志及巡回检查记录',6,'李健',7,'绞车运行日志及巡回检查记录','007','绞车运行日志及巡回检查记录','2015-02-08 13:26:05','准时','12','正常','IMG_20150208_142006.png',NULL,NULL),(19438,20,6,'绞车运行日志及巡回检查记录',6,'李健',7,'绞车运行日志及巡回检查记录','007','绞车运行日志及巡回检查记录','2015-02-08 14:20:17','准时','13','正常','IMG_20150208_142006.png',NULL,NULL),(19439,21,6,'绞车运行日志及巡回检查记录',5,'裴森',7,'绞车运行日志及巡回检查记录','007','绞车运行日志及巡回检查记录','2015-02-08 15:16:38','准时','14','正常','IMG_20150208_151219.png',NULL,NULL),(19440,22,6,'绞车运行日志及巡回检查记录',5,'裴森',7,'绞车运行日志及巡回检查记录','007','绞车运行日志及巡回检查记录','2015-02-08 16:13:15','准时','15','正常','IMG_20150208_151219.png',NULL,NULL),(19441,23,6,'绞车运行日志及巡回检查记录',5,'裴森',7,'绞车运行日志及巡回检查记录','007','绞车运行日志及巡回检查记录','2015-02-08 17:09:09','准时','16','正常','IMG_20150208_151219.png',NULL,NULL),(19442,24,6,'绞车运行日志及巡回检查记录',5,'裴森',7,'绞车运行日志及巡回检查记录','007','绞车运行日志及巡回检查记录','2015-02-08 18:11:07','准时','17','正常','IMG_20150208_151219.png',NULL,NULL),(19443,25,6,'绞车运行日志及巡回检查记录',5,'裴森',7,'绞车运行日志及巡回检查记录','007','绞车运行日志及巡回检查记录','2015-02-08 19:07:06','准时','18','正常','IMG_20150208_151219.png',NULL,NULL),(19444,26,6,'绞车运行日志及巡回检查记录',5,'裴森',7,'绞车运行日志及巡回检查记录','007','绞车运行日志及巡回检查记录','2015-02-08 20:03:09','准时','19','正常','IMG_20150208_151219.png',NULL,NULL),(19445,27,6,'绞车运行日志及巡回检查记录',5,'裴森',7,'绞车运行日志及巡回检查记录','007','绞车运行日志及巡回检查记录','2015-02-08 21:04:05','准时','20','正常','IMG_20150208_151219.png',NULL,NULL),(19446,28,6,'绞车运行日志及巡回检查记录',5,'裴森',7,'绞车运行日志及巡回检查记录','007','绞车运行日志及巡回检查记录','2015-02-08 22:06:10','准时','21','正常','IMG_20150208_151219.png',NULL,NULL),(19447,29,6,'绞车运行日志及巡回检查记录',31,'周进伟',7,'绞车运行日志及巡回检查记录','007','绞车运行日志及巡回检查记录','2015-02-08 23:30:41','准时','22','正常','IMG_20150208_233011.png',NULL,NULL),(19448,1,7,'提升机安全保护装置检查试验记录',22,'高义涛',2,'提升机安全保护装置','002','提升机安全保护装置','2015-02-09 16:59:35','准时','1','正常','IMG_20150209_165915.png',NULL,NULL),(19449,2,1,'多绳绞车钢丝绳查验记录',14,'刘鹏',1,'多绳绞车钢丝绳','001','多绳绞车钢丝绳','2015-02-09 05:52:35','准时','1','正常','IMG_20150209_054917.png',NULL,NULL),(19450,3,8,'车房电工定期维护检修记录',22,'高义涛',8,'车房电工定期维护检修记录','008','车房电工定期维护检修记录','2015-02-09 17:00:23','准时','1','正常','IMG_20150209_165915.png',NULL,NULL),(19451,5,5,'提升系统起重工周检',11,'耿鑫',3,'提升系统起重工周检','003','提升系统起重工周检','2015-02-15 05:56:37','准时','1','正常','IMG_20150215_055446.png',NULL,NULL),(19452,6,4,'提升系统钳工周检',28,'吕志忠',6,'提升系统钳工周检','006','提升系统钳工周检','2015-02-09 11:16:11','准时','1','正常','IMG_20150209_111310.png',NULL,NULL),(19453,7,3,'提升系统钳工包机日检（二）',29,'葛宝满',5,'提升系统钳工包机日检（二）','005','提升系统钳工包机日检（二）','2015-02-09 05:58:45','准时','1','正常','IMG_20150209_055816.png',NULL,NULL),(19454,8,2,'提升系统钳工包机日检（一）',28,'吕志忠',4,'提升系统钳工包机日检（一）','004','提升系统钳工包机日检（一）','2015-02-09 11:18:18','准时','1','正常','IMG_20150209_111310.png',NULL,NULL),(19455,30,6,'绞车运行日志及巡回检查记录',26,'苑成智',7,'绞车运行日志及巡回检查记录','007','绞车运行日志及巡回检查记录','2015-02-09 00:11:24','准时','23','正常','IMG_20150209_230808.png',NULL,NULL),(19456,31,6,'绞车运行日志及巡回检查记录',26,'苑成智',7,'绞车运行日志及巡回检查记录','007','绞车运行日志及巡回检查记录','2015-02-09 01:13:17','准时','24','正常','IMG_20150209_230808.png',NULL,NULL),(19457,4,6,'绞车运行日志及巡回检查记录',26,'苑成智',7,'绞车运行日志及巡回检查记录','007','绞车运行日志及巡回检查记录','2015-02-09 02:15:17','准时','1','正常','IMG_20150209_230808.png',NULL,NULL),(19458,9,6,'绞车运行日志及巡回检查记录',26,'苑成智',7,'绞车运行日志及巡回检查记录','007','绞车运行日志及巡回检查记录','2015-02-09 03:19:09','准时','2','正常','IMG_20150209_230808.png',NULL,NULL),(19459,10,6,'绞车运行日志及巡回检查记录',26,'苑成智',7,'绞车运行日志及巡回检查记录','007','绞车运行日志及巡回检查记录','2015-02-09 04:22:28','准时','3','正常','IMG_20150209_230808.png',NULL,NULL),(19460,11,6,'绞车运行日志及巡回检查记录',26,'苑成智',7,'绞车运行日志及巡回检查记录','007','绞车运行日志及巡回检查记录','2015-02-09 05:24:10','准时','4','正常','IMG_20150209_230808.png',NULL,NULL),(19461,12,6,'绞车运行日志及巡回检查记录',26,'苑成智',7,'绞车运行日志及巡回检查记录','007','绞车运行日志及巡回检查记录','2015-02-09 06:26:07','准时','5','正常','IMG_20150209_230808.png',NULL,NULL),(19462,13,6,'绞车运行日志及巡回检查记录',30,'张炳杰',7,'绞车运行日志及巡回检查记录','007','绞车运行日志及巡回检查记录','2015-02-09 07:12:31','准时','6','正常','IMG_20150209_071208.png',NULL,NULL),(19463,14,6,'绞车运行日志及巡回检查记录',30,'张炳杰',7,'绞车运行日志及巡回检查记录','007','绞车运行日志及巡回检查记录','2015-02-09 08:22:14','准时','7','正常','IMG_20150209_071208.png',NULL,NULL),(19464,15,6,'绞车运行日志及巡回检查记录',30,'张炳杰',7,'绞车运行日志及巡回检查记录','007','绞车运行日志及巡回检查记录','2015-02-09 09:19:24','准时','8','正常','IMG_20150209_091905.png',NULL,NULL),(19465,16,6,'绞车运行日志及巡回检查记录',30,'张炳杰',7,'绞车运行日志及巡回检查记录','007','绞车运行日志及巡回检查记录','2015-02-09 10:21:04','准时','9','正常','IMG_20150209_091905.png',NULL,NULL),(19466,17,6,'绞车运行日志及巡回检查记录',30,'张炳杰',7,'绞车运行日志及巡回检查记录','007','绞车运行日志及巡回检查记录','2015-02-09 11:36:34','准时','10','正常','IMG_20150209_091905.png',NULL,NULL),(19467,18,6,'绞车运行日志及巡回检查记录',30,'张炳杰',7,'绞车运行日志及巡回检查记录','007','绞车运行日志及巡回检查记录','2015-02-09 12:29:11','准时','11','正常','IMG_20150209_091905.png',NULL,NULL),(19468,19,6,'绞车运行日志及巡回检查记录',30,'张炳杰',7,'绞车运行日志及巡回检查记录','007','绞车运行日志及巡回检查记录','2015-02-09 13:29:36','准时','12','正常','IMG_20150209_091905.png',NULL,NULL),(19469,20,6,'绞车运行日志及巡回检查记录',30,'张炳杰',7,'绞车运行日志及巡回检查记录','007','绞车运行日志及巡回检查记录','2015-02-09 14:43:53','准时','13','正常','IMG_20150209_091905.png',NULL,NULL),(19470,21,6,'绞车运行日志及巡回检查记录',5,'裴森',7,'绞车运行日志及巡回检查记录','007','绞车运行日志及巡回检查记录','2015-02-09 15:12:50','准时','14','正常','IMG_20150209_151148.png',NULL,NULL),(19471,22,6,'绞车运行日志及巡回检查记录',5,'裴森',7,'绞车运行日志及巡回检查记录','007','绞车运行日志及巡回检查记录','2015-02-09 16:15:06','准时','15','正常','IMG_20150209_151148.png',NULL,NULL),(19472,23,6,'绞车运行日志及巡回检查记录',5,'裴森',7,'绞车运行日志及巡回检查记录','007','绞车运行日志及巡回检查记录','2015-02-09 17:16:05','准时','16','正常','IMG_20150209_151148.png',NULL,NULL),(19473,24,6,'绞车运行日志及巡回检查记录',5,'裴森',7,'绞车运行日志及巡回检查记录','007','绞车运行日志及巡回检查记录','2015-02-09 18:17:05','准时','17','正常','IMG_20150209_151148.png',NULL,NULL),(19474,25,6,'绞车运行日志及巡回检查记录',5,'裴森',7,'绞车运行日志及巡回检查记录','007','绞车运行日志及巡回检查记录','2015-02-09 19:11:22','准时','18','正常','IMG_20150209_151148.png',NULL,NULL),(19475,26,6,'绞车运行日志及巡回检查记录',5,'裴森',7,'绞车运行日志及巡回检查记录','007','绞车运行日志及巡回检查记录','2015-02-09 20:06:09','准时','19','正常','IMG_20150209_151148.png',NULL,NULL),(19476,27,6,'绞车运行日志及巡回检查记录',5,'裴森',7,'绞车运行日志及巡回检查记录','007','绞车运行日志及巡回检查记录','2015-02-09 21:09:03','准时','20','正常','IMG_20150209_151148.png',NULL,NULL),(19477,28,6,'绞车运行日志及巡回检查记录',5,'裴森',7,'绞车运行日志及巡回检查记录','007','绞车运行日志及巡回检查记录','2015-02-09 22:11:06','准时','21','正常','IMG_20150209_151148.png',NULL,NULL),(19478,29,6,'绞车运行日志及巡回检查记录',27,'侯巍',7,'绞车运行日志及巡回检查记录','007','绞车运行日志及巡回检查记录','2015-02-09 23:22:26','准时','22','正常','IMG_20150210_071143.png',NULL,NULL),(19479,1,7,'提升机安全保护装置检查试验记录',1,'管理员',2,'提升机安全保护装置','002','提升机安全保护装置','2015-02-10 00:00:00','漏巡','1','漏巡','',NULL,NULL),(19480,2,1,'多绳绞车钢丝绳查验记录',14,'刘鹏',1,'多绳绞车钢丝绳','001','多绳绞车钢丝绳','2015-02-10 05:55:12','准时','1','正常','IMG_20150210_055429.png',NULL,NULL),(19481,3,8,'车房电工定期维护检修记录',1,'管理员',8,'车房电工定期维护检修记录','008','车房电工定期维护检修记录','2015-02-10 00:00:00','漏巡','1','漏巡','',NULL,NULL),(19482,7,3,'提升系统钳工包机日检（二）',29,'葛宝满',5,'提升系统钳工包机日检（二）','005','提升系统钳工包机日检（二）','2015-02-10 05:02:41','准时','1','正常','IMG_20150210_050205.png',NULL,NULL),(19483,8,2,'提升系统钳工包机日检（一）',1,'管理员',4,'提升系统钳工包机日检（一）','004','提升系统钳工包机日检（一）','2015-02-10 00:00:00','漏巡','1','漏巡','',NULL,NULL),(19484,30,6,'绞车运行日志及巡回检查记录',27,'侯巍',7,'绞车运行日志及巡回检查记录','007','绞车运行日志及巡回检查记录','2015-02-10 00:24:09','准时','23','正常','IMG_20150210_071143.png',NULL,NULL),(19485,31,6,'绞车运行日志及巡回检查记录',27,'侯巍',7,'绞车运行日志及巡回检查记录','007','绞车运行日志及巡回检查记录','2015-02-10 01:23:08','准时','24','正常','IMG_20150210_071143.png',NULL,NULL),(19486,4,6,'绞车运行日志及巡回检查记录',27,'侯巍',7,'绞车运行日志及巡回检查记录','007','绞车运行日志及巡回检查记录','2015-02-10 02:24:08','准时','1','正常','IMG_20150210_071143.png',NULL,NULL),(19487,9,6,'绞车运行日志及巡回检查记录',27,'侯巍',7,'绞车运行日志及巡回检查记录','007','绞车运行日志及巡回检查记录','2015-02-10 03:21:16','准时','2','正常','IMG_20150210_032101.png',NULL,NULL),(19488,10,6,'绞车运行日志及巡回检查记录',27,'侯巍',7,'绞车运行日志及巡回检查记录','007','绞车运行日志及巡回检查记录','2015-02-10 04:22:07','准时','3','正常','IMG_20150210_032101.png',NULL,NULL),(19489,11,6,'绞车运行日志及巡回检查记录',27,'侯巍',7,'绞车运行日志及巡回检查记录','007','绞车运行日志及巡回检查记录','2015-02-10 05:23:06','准时','4','正常','IMG_20150210_032101.png',NULL,NULL),(19490,12,6,'绞车运行日志及巡回检查记录',27,'侯巍',7,'绞车运行日志及巡回检查记录','007','绞车运行日志及巡回检查记录','2015-02-10 06:24:06','准时','5','正常','IMG_20150210_032101.png',NULL,NULL),(19491,13,6,'绞车运行日志及巡回检查记录',24,'李乾',7,'绞车运行日志及巡回检查记录','007','绞车运行日志及巡回检查记录','2015-02-10 07:18:14','准时','6','正常','IMG_20150210_131601.png',NULL,NULL),(19492,14,6,'绞车运行日志及巡回检查记录',24,'李乾',7,'绞车运行日志及巡回检查记录','007','绞车运行日志及巡回检查记录','2015-02-10 08:19:10','准时','7','正常','IMG_20150210_131601.png',NULL,NULL),(19493,15,6,'绞车运行日志及巡回检查记录',24,'李乾',7,'绞车运行日志及巡回检查记录','007','绞车运行日志及巡回检查记录','2015-02-10 09:20:11','准时','8','正常','IMG_20150210_131601.png',NULL,NULL),(19494,16,6,'绞车运行日志及巡回检查记录',24,'李乾',7,'绞车运行日志及巡回检查记录','007','绞车运行日志及巡回检查记录','2015-02-10 10:22:10','准时','9','正常','IMG_20150210_131601.png',NULL,NULL),(19495,17,6,'绞车运行日志及巡回检查记录',24,'李乾',7,'绞车运行日志及巡回检查记录','007','绞车运行日志及巡回检查记录','2015-02-10 11:24:19','准时','10','正常','IMG_20150210_131601.png',NULL,NULL),(19496,18,6,'绞车运行日志及巡回检查记录',24,'李乾',7,'绞车运行日志及巡回检查记录','007','绞车运行日志及巡回检查记录','2015-02-10 12:25:07','准时','11','正常','IMG_20150210_131601.png',NULL,NULL),(19497,19,6,'绞车运行日志及巡回检查记录',24,'李乾',7,'绞车运行日志及巡回检查记录','007','绞车运行日志及巡回检查记录','2015-02-10 13:16:49','准时','12','正常','IMG_20150210_131601.png',NULL,NULL),(19498,20,6,'绞车运行日志及巡回检查记录',24,'李乾',7,'绞车运行日志及巡回检查记录','007','绞车运行日志及巡回检查记录','2015-02-10 14:31:21','准时','13','正常','IMG_20150210_131601.png',NULL,NULL),(19499,21,6,'绞车运行日志及巡回检查记录',5,'裴森',7,'绞车运行日志及巡回检查记录','007','绞车运行日志及巡回检查记录','2015-02-10 15:13:01','准时','14','正常','IMG_20150210_151217.png',NULL,NULL),(19500,22,6,'绞车运行日志及巡回检查记录',5,'裴森',7,'绞车运行日志及巡回检查记录','007','绞车运行日志及巡回检查记录','2015-02-10 16:09:05','准时','15','正常','IMG_20150210_151217.png',NULL,NULL),(19501,23,6,'绞车运行日志及巡回检查记录',5,'裴森',7,'绞车运行日志及巡回检查记录','007','绞车运行日志及巡回检查记录','2015-02-10 17:05:08','准时','16','正常','IMG_20150210_151217.png',NULL,NULL),(19502,24,6,'绞车运行日志及巡回检查记录',5,'裴森',7,'绞车运行日志及巡回检查记录','007','绞车运行日志及巡回检查记录','2015-02-10 18:02:34','准时','17','正常','IMG_20150210_151217.png',NULL,NULL),(19503,25,6,'绞车运行日志及巡回检查记录',5,'裴森',7,'绞车运行日志及巡回检查记录','007','绞车运行日志及巡回检查记录','2015-02-10 19:04:05','准时','18','正常','IMG_20150210_151217.png',NULL,NULL),(19504,26,6,'绞车运行日志及巡回检查记录',5,'裴森',7,'绞车运行日志及巡回检查记录','007','绞车运行日志及巡回检查记录','2015-02-10 20:01:43','准时','19','正常','IMG_20150210_151217.png',NULL,NULL),(19505,27,6,'绞车运行日志及巡回检查记录',5,'裴森',7,'绞车运行日志及巡回检查记录','007','绞车运行日志及巡回检查记录','2015-02-10 21:04:56','准时','20','正常','IMG_20150210_151217.png',NULL,NULL),(19506,28,6,'绞车运行日志及巡回检查记录',5,'裴森',7,'绞车运行日志及巡回检查记录','007','绞车运行日志及巡回检查记录','2015-02-10 22:08:14','准时','21','正常','IMG_20150210_151217.png',NULL,NULL),(19507,29,6,'绞车运行日志及巡回检查记录',26,'苑成智',7,'绞车运行日志及巡回检查记录','007','绞车运行日志及巡回检查记录','2015-02-10 23:20:17','准时','22','正常','IMG_20150210_232001.png',NULL,NULL),(19508,1,7,'提升机安全保护装置检查试验记录',20,'郁奇峰',2,'提升机安全保护装置','002','提升机安全保护装置','2015-02-11 06:38:30','准时','1','正常','IMG_20150211_135221.png',NULL,NULL),(19509,2,1,'多绳绞车钢丝绳查验记录',11,'耿鑫',1,'多绳绞车钢丝绳','001','多绳绞车钢丝绳','2015-02-11 07:12:16','准时','1','正常','IMG_20150211_071159.png',NULL,NULL),(19510,3,8,'车房电工定期维护检修记录',20,'郁奇峰',8,'车房电工定期维护检修记录','008','车房电工定期维护检修记录','2015-02-11 06:35:38','准时','1','正常','IMG_20150211_135221.png',NULL,NULL),(19511,7,3,'提升系统钳工包机日检（二）',1,'管理员',5,'提升系统钳工包机日检（二）','005','提升系统钳工包机日检（二）','2015-02-11 00:00:00','漏巡','1','漏巡','',NULL,NULL),(19512,8,2,'提升系统钳工包机日检（一）',28,'吕志忠',4,'提升系统钳工包机日检（一）','004','提升系统钳工包机日检（一）','2015-02-11 05:42:57','准时','1','正常','IMG_20150211_054227.png',NULL,NULL),(19513,30,6,'绞车运行日志及巡回检查记录',26,'苑成智',7,'绞车运行日志及巡回检查记录','007','绞车运行日志及巡回检查记录','2015-02-11 00:21:20','准时','23','正常','IMG_20150210_232001.png',NULL,NULL),(19514,31,6,'绞车运行日志及巡回检查记录',26,'苑成智',7,'绞车运行日志及巡回检查记录','007','绞车运行日志及巡回检查记录','2015-02-11 01:22:07','准时','24','正常','IMG_20150210_232001.png',NULL,NULL),(19515,4,6,'绞车运行日志及巡回检查记录',26,'苑成智',7,'绞车运行日志及巡回检查记录','007','绞车运行日志及巡回检查记录','2015-02-11 02:23:07','准时','1','正常','IMG_20150210_232001.png',NULL,NULL),(19516,9,6,'绞车运行日志及巡回检查记录',26,'苑成智',7,'绞车运行日志及巡回检查记录','007','绞车运行日志及巡回检查记录','2015-02-11 03:24:08','准时','2','正常','IMG_20150210_232001.png',NULL,NULL),(19517,10,6,'绞车运行日志及巡回检查记录',26,'苑成智',7,'绞车运行日志及巡回检查记录','007','绞车运行日志及巡回检查记录','2015-02-11 04:25:12','准时','3','正常','IMG_20150210_232001.png',NULL,NULL),(19518,11,6,'绞车运行日志及巡回检查记录',26,'苑成智',7,'绞车运行日志及巡回检查记录','007','绞车运行日志及巡回检查记录','2015-02-11 05:26:07','准时','4','正常','IMG_20150210_232001.png',NULL,NULL),(19519,12,6,'绞车运行日志及巡回检查记录',1,'管理员',7,'绞车运行日志及巡回检查记录','007','绞车运行日志及巡回检查记录','2015-02-11 06:00:00','漏巡','5','漏巡','',NULL,NULL),(19520,13,6,'绞车运行日志及巡回检查记录',6,'李健',7,'绞车运行日志及巡回检查记录','007','绞车运行日志及巡回检查记录','2015-02-11 07:37:11','准时','6','正常','IMG_20150211_131102.png',NULL,NULL),(19521,14,6,'绞车运行日志及巡回检查记录',6,'李健',7,'绞车运行日志及巡回检查记录','007','绞车运行日志及巡回检查记录','2015-02-11 08:38:03','准时','7','正常','IMG_20150211_131102.png',NULL,NULL),(19522,15,6,'绞车运行日志及巡回检查记录',6,'李健',7,'绞车运行日志及巡回检查记录','007','绞车运行日志及巡回检查记录','2015-02-11 09:39:03','准时','8','正常','IMG_20150211_131102.png',NULL,NULL),(19523,16,6,'绞车运行日志及巡回检查记录',6,'李健',7,'绞车运行日志及巡回检查记录','007','绞车运行日志及巡回检查记录','2015-02-11 10:40:04','准时','9','正常','IMG_20150211_131102.png',NULL,NULL),(19524,17,6,'绞车运行日志及巡回检查记录',6,'李健',7,'绞车运行日志及巡回检查记录','007','绞车运行日志及巡回检查记录','2015-02-11 11:41:05','准时','10','正常','IMG_20150211_131102.png',NULL,NULL),(19525,18,6,'绞车运行日志及巡回检查记录',6,'李健',7,'绞车运行日志及巡回检查记录','007','绞车运行日志及巡回检查记录','2015-02-11 12:42:03','准时','11','正常','IMG_20150211_131102.png',NULL,NULL),(19526,19,6,'绞车运行日志及巡回检查记录',6,'李健',7,'绞车运行日志及巡回检查记录','007','绞车运行日志及巡回检查记录','2015-02-11 13:12:58','准时','12','正常','IMG_20150211_131102.png',NULL,NULL),(19527,20,6,'绞车运行日志及巡回检查记录',6,'李健',7,'绞车运行日志及巡回检查记录','007','绞车运行日志及巡回检查记录','2015-02-11 14:38:25','准时','13','正常','IMG_20150211_131102.png',NULL,NULL),(19528,21,6,'绞车运行日志及巡回检查记录',5,'裴森',7,'绞车运行日志及巡回检查记录','007','绞车运行日志及巡回检查记录','2015-02-11 15:25:45','准时','14','正常','IMG_20150211_152508.png',NULL,NULL),(19529,22,6,'绞车运行日志及巡回检查记录',5,'裴森',7,'绞车运行日志及巡回检查记录','007','绞车运行日志及巡回检查记录','2015-02-11 16:09:15','准时','15','正常','IMG_20150211_152508.png',NULL,NULL),(19530,23,6,'绞车运行日志及巡回检查记录',5,'裴森',7,'绞车运行日志及巡回检查记录','007','绞车运行日志及巡回检查记录','2015-02-11 17:11:04','准时','16','正常','IMG_20150211_152508.png',NULL,NULL),(19531,24,6,'绞车运行日志及巡回检查记录',5,'裴森',7,'绞车运行日志及巡回检查记录','007','绞车运行日志及巡回检查记录','2015-02-11 18:07:04','准时','17','正常','IMG_20150211_152508.png',NULL,NULL),(19532,25,6,'绞车运行日志及巡回检查记录',5,'裴森',7,'绞车运行日志及巡回检查记录','007','绞车运行日志及巡回检查记录','2015-02-11 19:09:04','准时','18','正常','IMG_20150211_152508.png',NULL,NULL),(19533,26,6,'绞车运行日志及巡回检查记录',5,'裴森',7,'绞车运行日志及巡回检查记录','007','绞车运行日志及巡回检查记录','2015-02-11 20:10:10','准时','19','正常','IMG_20150211_152508.png',NULL,NULL),(19534,27,6,'绞车运行日志及巡回检查记录',5,'裴森',7,'绞车运行日志及巡回检查记录','007','绞车运行日志及巡回检查记录','2015-02-11 21:12:10','准时','20','正常','IMG_20150211_152508.png',NULL,NULL),(19535,28,6,'绞车运行日志及巡回检查记录',5,'裴森',7,'绞车运行日志及巡回检查记录','007','绞车运行日志及巡回检查记录','2015-02-11 22:13:13','准时','21','正常','IMG_20150211_152508.png',NULL,NULL),(19536,29,6,'绞车运行日志及巡回检查记录',31,'周进伟',7,'绞车运行日志及巡回检查记录','007','绞车运行日志及巡回检查记录','2015-02-11 23:26:34','准时','22','正常','IMG_20150211_232607.png',NULL,NULL),(19537,1,7,'提升机安全保护装置检查试验记录',22,'高义涛',2,'提升机安全保护装置','002','提升机安全保护装置','2015-02-12 17:20:26','准时','1','正常','IMG_20150212_171937.png',NULL,NULL),(19538,2,1,'多绳绞车钢丝绳查验记录',14,'刘鹏',1,'多绳绞车钢丝绳','001','多绳绞车钢丝绳','2015-02-12 05:46:50','准时','1','正常','IMG_20150212_054629.png',NULL,NULL),(19539,3,8,'车房电工定期维护检修记录',22,'高义涛',8,'车房电工定期维护检修记录','008','车房电工定期维护检修记录','2015-02-12 17:21:09','准时','1','正常','IMG_20150212_171937.png',NULL,NULL),(19540,7,3,'提升系统钳工包机日检（二）',29,'葛宝满',5,'提升系统钳工包机日检（二）','005','提升系统钳工包机日检（二）','2015-02-12 05:52:21','准时','1','正常','IMG_20150212_055154.png',NULL,NULL),(19541,8,2,'提升系统钳工包机日检（一）',18,'唐庆恩',4,'提升系统钳工包机日检（一）','004','提升系统钳工包机日检（一）','2015-02-12 06:02:28','准时','1','正常','IMG_20150212_060208.png',NULL,NULL),(19542,30,6,'绞车运行日志及巡回检查记录',31,'周进伟',7,'绞车运行日志及巡回检查记录','007','绞车运行日志及巡回检查记录','2015-02-12 00:29:07','准时','23','正常','IMG_20150211_232607.png',NULL,NULL),(19543,31,6,'绞车运行日志及巡回检查记录',31,'周进伟',7,'绞车运行日志及巡回检查记录','007','绞车运行日志及巡回检查记录','2015-02-12 01:30:06','准时','24','正常','IMG_20150211_232607.png',NULL,NULL),(19544,4,6,'绞车运行日志及巡回检查记录',31,'周进伟',7,'绞车运行日志及巡回检查记录','007','绞车运行日志及巡回检查记录','2015-02-12 02:31:05','准时','1','正常','IMG_20150211_232607.png',NULL,NULL),(19545,9,6,'绞车运行日志及巡回检查记录',31,'周进伟',7,'绞车运行日志及巡回检查记录','007','绞车运行日志及巡回检查记录','2015-02-12 03:32:05','准时','2','正常','IMG_20150211_232607.png',NULL,NULL),(19546,10,6,'绞车运行日志及巡回检查记录',31,'周进伟',7,'绞车运行日志及巡回检查记录','007','绞车运行日志及巡回检查记录','2015-02-12 04:33:06','准时','3','正常','IMG_20150211_232607.png',NULL,NULL),(19547,11,6,'绞车运行日志及巡回检查记录',31,'周进伟',7,'绞车运行日志及巡回检查记录','007','绞车运行日志及巡回检查记录','2015-02-12 05:34:05','准时','4','正常','IMG_20150211_232607.png',NULL,NULL),(19548,12,6,'绞车运行日志及巡回检查记录',31,'周进伟',7,'绞车运行日志及巡回检查记录','007','绞车运行日志及巡回检查记录','2015-02-12 06:35:05','准时','5','正常','IMG_20150211_232607.png',NULL,NULL),(19549,13,6,'绞车运行日志及巡回检查记录',6,'李健',7,'绞车运行日志及巡回检查记录','007','绞车运行日志及巡回检查记录','2015-02-12 07:30:08','准时','6','正常','IMG_20150212_102837.png',NULL,NULL),(19550,14,6,'绞车运行日志及巡回检查记录',6,'李健',7,'绞车运行日志及巡回检查记录','007','绞车运行日志及巡回检查记录','2015-02-12 08:31:04','准时','7','正常','IMG_20150212_102837.png',NULL,NULL),(19551,15,6,'绞车运行日志及巡回检查记录',6,'李健',7,'绞车运行日志及巡回检查记录','007','绞车运行日志及巡回检查记录','2015-02-12 09:32:06','准时','8','正常','IMG_20150212_102837.png',NULL,NULL),(19552,16,6,'绞车运行日志及巡回检查记录',6,'李健',7,'绞车运行日志及巡回检查记录','007','绞车运行日志及巡回检查记录','2015-02-12 10:28:53','准时','9','正常','IMG_20150212_102837.png',NULL,NULL),(19553,17,6,'绞车运行日志及巡回检查记录',6,'李健',7,'绞车运行日志及巡回检查记录','007','绞车运行日志及巡回检查记录','2015-02-12 11:24:04','准时','10','正常','IMG_20150212_102837.png',NULL,NULL),(19554,18,6,'绞车运行日志及巡回检查记录',6,'李健',7,'绞车运行日志及巡回检查记录','007','绞车运行日志及巡回检查记录','2015-02-12 12:23:59','准时','11','正常','IMG_20150212_102837.png',NULL,NULL),(19555,19,6,'绞车运行日志及巡回检查记录',6,'李健',7,'绞车运行日志及巡回检查记录','007','绞车运行日志及巡回检查记录','2015-02-12 13:24:05','准时','12','正常','IMG_20150212_102837.png',NULL,NULL),(19556,20,6,'绞车运行日志及巡回检查记录',6,'李健',7,'绞车运行日志及巡回检查记录','007','绞车运行日志及巡回检查记录','2015-02-12 14:25:04','准时','13','正常','IMG_20150212_102837.png',NULL,NULL),(19557,21,6,'绞车运行日志及巡回检查记录',30,'张炳杰',7,'绞车运行日志及巡回检查记录','007','绞车运行日志及巡回检查记录','2015-02-12 15:27:45','准时','14','正常','IMG_20150212_152647.png',NULL,NULL),(19558,22,6,'绞车运行日志及巡回检查记录',30,'张炳杰',7,'绞车运行日志及巡回检查记录','007','绞车运行日志及巡回检查记录','2015-02-12 16:29:16','准时','15','正常','IMG_20150212_152647.png',NULL,NULL),(19559,23,6,'绞车运行日志及巡回检查记录',30,'张炳杰',7,'绞车运行日志及巡回检查记录','007','绞车运行日志及巡回检查记录','2015-02-12 17:24:04','准时','16','正常','IMG_20150212_152647.png',NULL,NULL),(19560,1,7,'提升机安全保护装置检查试验记录',1,'管理员',2,'提升机安全保护装置','002','提升机安全保护装置','2015-02-13 00:00:00','漏巡','1','漏巡','',NULL,NULL),(19561,2,1,'多绳绞车钢丝绳查验记录',14,'刘鹏',1,'多绳绞车钢丝绳','001','多绳绞车钢丝绳','2015-02-13 07:22:09','准时','1','正常','IMG_20150213_072146.png',NULL,NULL),(19562,3,8,'车房电工定期维护检修记录',1,'管理员',8,'车房电工定期维护检修记录','008','车房电工定期维护检修记录','2015-02-13 00:00:00','漏巡','1','漏巡','',NULL,NULL),(19563,7,3,'提升系统钳工包机日检（二）',29,'葛宝满',5,'提升系统钳工包机日检（二）','005','提升系统钳工包机日检（二）','2015-02-13 05:22:37','准时','1','正常','IMG_20150213_052000.png',NULL,NULL),(19564,8,2,'提升系统钳工包机日检（一）',18,'唐庆恩',4,'提升系统钳工包机日检（一）','004','提升系统钳工包机日检（一）','2015-02-13 06:07:57','准时','1','正常','IMG_20150213_060739.png',NULL,NULL),(19565,14,6,'绞车运行日志及巡回检查记录',1,'管理员',7,'绞车运行日志及巡回检查记录','007','绞车运行日志及巡回检查记录','2015-02-13 08:00:00','漏巡','7','漏巡','',NULL,NULL),(19566,15,6,'绞车运行日志及巡回检查记录',1,'管理员',7,'绞车运行日志及巡回检查记录','007','绞车运行日志及巡回检查记录','2015-02-13 09:00:00','漏巡','8','漏巡','',NULL,NULL),(19567,16,6,'绞车运行日志及巡回检查记录',1,'管理员',7,'绞车运行日志及巡回检查记录','007','绞车运行日志及巡回检查记录','2015-02-13 10:00:00','漏巡','9','漏巡','',NULL,NULL),(19568,17,6,'绞车运行日志及巡回检查记录',1,'管理员',7,'绞车运行日志及巡回检查记录','007','绞车运行日志及巡回检查记录','2015-02-13 11:00:00','漏巡','10','漏巡','',NULL,NULL),(19569,18,6,'绞车运行日志及巡回检查记录',1,'管理员',7,'绞车运行日志及巡回检查记录','007','绞车运行日志及巡回检查记录','2015-02-13 12:00:00','漏巡','11','漏巡','',NULL,NULL),(19570,19,6,'绞车运行日志及巡回检查记录',1,'管理员',7,'绞车运行日志及巡回检查记录','007','绞车运行日志及巡回检查记录','2015-02-13 13:00:00','漏巡','12','漏巡','',NULL,NULL),(19571,20,6,'绞车运行日志及巡回检查记录',1,'管理员',7,'绞车运行日志及巡回检查记录','007','绞车运行日志及巡回检查记录','2015-02-13 14:00:00','漏巡','13','漏巡','',NULL,NULL),(19572,21,6,'绞车运行日志及巡回检查记录',1,'管理员',7,'绞车运行日志及巡回检查记录','007','绞车运行日志及巡回检查记录','2015-02-13 15:00:00','漏巡','14','漏巡','',NULL,NULL),(19573,22,6,'绞车运行日志及巡回检查记录',1,'管理员',7,'绞车运行日志及巡回检查记录','007','绞车运行日志及巡回检查记录','2015-02-13 16:00:00','漏巡','15','漏巡','',NULL,NULL),(19574,23,6,'绞车运行日志及巡回检查记录',1,'管理员',7,'绞车运行日志及巡回检查记录','007','绞车运行日志及巡回检查记录','2015-02-13 17:00:00','漏巡','16','漏巡','',NULL,NULL),(19575,24,6,'绞车运行日志及巡回检查记录',1,'管理员',7,'绞车运行日志及巡回检查记录','007','绞车运行日志及巡回检查记录','2015-02-13 18:00:00','漏巡','17','漏巡','',NULL,NULL),(19576,25,6,'绞车运行日志及巡回检查记录',1,'管理员',7,'绞车运行日志及巡回检查记录','007','绞车运行日志及巡回检查记录','2015-02-13 19:00:00','漏巡','18','漏巡','',NULL,NULL),(19577,26,6,'绞车运行日志及巡回检查记录',1,'管理员',7,'绞车运行日志及巡回检查记录','007','绞车运行日志及巡回检查记录','2015-02-13 20:00:00','漏巡','19','漏巡','',NULL,NULL),(19578,27,6,'绞车运行日志及巡回检查记录',1,'管理员',7,'绞车运行日志及巡回检查记录','007','绞车运行日志及巡回检查记录','2015-02-13 21:00:00','漏巡','20','漏巡','',NULL,NULL),(19579,28,6,'绞车运行日志及巡回检查记录',1,'管理员',7,'绞车运行日志及巡回检查记录','007','绞车运行日志及巡回检查记录','2015-02-13 22:00:00','漏巡','21','漏巡','',NULL,NULL),(19580,29,6,'绞车运行日志及巡回检查记录',1,'管理员',7,'绞车运行日志及巡回检查记录','007','绞车运行日志及巡回检查记录','2015-02-13 23:00:00','漏巡','22','漏巡','',NULL,NULL),(19581,1,7,'提升机安全保护装置检查试验记录',20,'郁奇峰',2,'提升机安全保护装置','002','提升机安全保护装置','2015-02-14 07:11:42','准时','1','正常','IMG_20150214_071120.png',NULL,NULL),(19582,2,1,'多绳绞车钢丝绳查验记录',11,'耿鑫',1,'多绳绞车钢丝绳','001','多绳绞车钢丝绳','2015-02-14 05:46:57','准时','1','正常','IMG_20150214_054511.png',NULL,NULL),(19583,3,8,'车房电工定期维护检修记录',20,'郁奇峰',8,'车房电工定期维护检修记录','008','车房电工定期维护检修记录','2015-02-14 07:12:05','准时','1','正常','IMG_20150214_071120.png',NULL,NULL),(19584,7,3,'提升系统钳工包机日检（二）',1,'管理员',5,'提升系统钳工包机日检（二）','005','提升系统钳工包机日检（二）','2015-02-14 00:00:00','漏巡','1','漏巡','',NULL,NULL),(19585,8,2,'提升系统钳工包机日检（一）',18,'唐庆恩',4,'提升系统钳工包机日检（一）','004','提升系统钳工包机日检（一）','2015-02-14 06:00:17','准时','1','正常','IMG_20150214_055950.png',NULL,NULL),(19586,30,6,'绞车运行日志及巡回检查记录',1,'管理员',7,'绞车运行日志及巡回检查记录','007','绞车运行日志及巡回检查记录','2015-02-14 00:00:00','漏巡','23','漏巡','',NULL,NULL),(19587,31,6,'绞车运行日志及巡回检查记录',1,'管理员',7,'绞车运行日志及巡回检查记录','007','绞车运行日志及巡回检查记录','2015-02-14 01:00:00','漏巡','24','漏巡','',NULL,NULL),(19588,4,6,'绞车运行日志及巡回检查记录',1,'管理员',7,'绞车运行日志及巡回检查记录','007','绞车运行日志及巡回检查记录','2015-02-14 02:00:00','漏巡','1','漏巡','',NULL,NULL),(19589,9,6,'绞车运行日志及巡回检查记录',1,'管理员',7,'绞车运行日志及巡回检查记录','007','绞车运行日志及巡回检查记录','2015-02-14 03:00:00','漏巡','2','漏巡','',NULL,NULL),(19590,10,6,'绞车运行日志及巡回检查记录',1,'管理员',7,'绞车运行日志及巡回检查记录','007','绞车运行日志及巡回检查记录','2015-02-14 04:00:00','漏巡','3','漏巡','',NULL,NULL),(19591,11,6,'绞车运行日志及巡回检查记录',1,'管理员',7,'绞车运行日志及巡回检查记录','007','绞车运行日志及巡回检查记录','2015-02-14 05:00:00','漏巡','4','漏巡','',NULL,NULL),(19592,12,6,'绞车运行日志及巡回检查记录',1,'管理员',7,'绞车运行日志及巡回检查记录','007','绞车运行日志及巡回检查记录','2015-02-14 06:00:00','漏巡','5','漏巡','',NULL,NULL),(19593,13,6,'绞车运行日志及巡回检查记录',1,'管理员',7,'绞车运行日志及巡回检查记录','007','绞车运行日志及巡回检查记录','2015-02-14 07:00:00','漏巡','6','漏巡','',NULL,NULL),(19594,14,6,'绞车运行日志及巡回检查记录',1,'管理员',7,'绞车运行日志及巡回检查记录','007','绞车运行日志及巡回检查记录','2015-02-14 08:00:00','漏巡','7','漏巡','',NULL,NULL),(19595,15,6,'绞车运行日志及巡回检查记录',1,'管理员',7,'绞车运行日志及巡回检查记录','007','绞车运行日志及巡回检查记录','2015-02-14 09:00:00','漏巡','8','漏巡','',NULL,NULL),(19596,16,6,'绞车运行日志及巡回检查记录',1,'管理员',7,'绞车运行日志及巡回检查记录','007','绞车运行日志及巡回检查记录','2015-02-14 10:00:00','漏巡','9','漏巡','',NULL,NULL),(19597,17,6,'绞车运行日志及巡回检查记录',1,'管理员',7,'绞车运行日志及巡回检查记录','007','绞车运行日志及巡回检查记录','2015-02-14 11:00:00','漏巡','10','漏巡','',NULL,NULL),(19598,18,6,'绞车运行日志及巡回检查记录',1,'管理员',7,'绞车运行日志及巡回检查记录','007','绞车运行日志及巡回检查记录','2015-02-14 12:00:00','漏巡','11','漏巡','',NULL,NULL),(19599,19,6,'绞车运行日志及巡回检查记录',1,'管理员',7,'绞车运行日志及巡回检查记录','007','绞车运行日志及巡回检查记录','2015-02-14 13:00:00','漏巡','12','漏巡','',NULL,NULL),(19600,20,6,'绞车运行日志及巡回检查记录',1,'管理员',7,'绞车运行日志及巡回检查记录','007','绞车运行日志及巡回检查记录','2015-02-14 14:00:00','漏巡','13','漏巡','',NULL,NULL),(19601,21,6,'绞车运行日志及巡回检查记录',1,'管理员',7,'绞车运行日志及巡回检查记录','007','绞车运行日志及巡回检查记录','2015-02-14 15:00:00','漏巡','14','漏巡','',NULL,NULL),(19602,22,6,'绞车运行日志及巡回检查记录',1,'管理员',7,'绞车运行日志及巡回检查记录','007','绞车运行日志及巡回检查记录','2015-02-14 16:00:00','漏巡','15','漏巡','',NULL,NULL),(19603,23,6,'绞车运行日志及巡回检查记录',1,'管理员',7,'绞车运行日志及巡回检查记录','007','绞车运行日志及巡回检查记录','2015-02-14 17:00:00','漏巡','16','漏巡','',NULL,NULL),(19604,24,6,'绞车运行日志及巡回检查记录',1,'管理员',7,'绞车运行日志及巡回检查记录','007','绞车运行日志及巡回检查记录','2015-02-14 18:00:00','漏巡','17','漏巡','',NULL,NULL),(19605,25,6,'绞车运行日志及巡回检查记录',1,'管理员',7,'绞车运行日志及巡回检查记录','007','绞车运行日志及巡回检查记录','2015-02-14 19:00:00','漏巡','18','漏巡','',NULL,NULL),(19606,26,6,'绞车运行日志及巡回检查记录',1,'管理员',7,'绞车运行日志及巡回检查记录','007','绞车运行日志及巡回检查记录','2015-02-14 20:00:00','漏巡','19','漏巡','',NULL,NULL),(19607,27,6,'绞车运行日志及巡回检查记录',1,'管理员',7,'绞车运行日志及巡回检查记录','007','绞车运行日志及巡回检查记录','2015-02-14 21:00:00','漏巡','20','漏巡','',NULL,NULL),(19608,28,6,'绞车运行日志及巡回检查记录',1,'管理员',7,'绞车运行日志及巡回检查记录','007','绞车运行日志及巡回检查记录','2015-02-14 22:00:00','漏巡','21','漏巡','',NULL,NULL),(19609,29,6,'绞车运行日志及巡回检查记录',1,'管理员',7,'绞车运行日志及巡回检查记录','007','绞车运行日志及巡回检查记录','2015-02-14 23:00:00','漏巡','22','漏巡','',NULL,NULL),(19610,1,7,'提升机安全保护装置检查试验记录',1,'管理员',2,'提升机安全保护装置','002','提升机安全保护装置','2015-02-15 00:00:00','漏巡','1','漏巡','',NULL,NULL),(19611,2,1,'多绳绞车钢丝绳查验记录',11,'耿鑫',1,'多绳绞车钢丝绳','001','多绳绞车钢丝绳','2015-02-15 05:55:05','准时','1','正常','IMG_20150215_055446.png',NULL,NULL),(19612,3,8,'车房电工定期维护检修记录',1,'管理员',8,'车房电工定期维护检修记录','008','车房电工定期维护检修记录','2015-02-15 00:00:00','漏巡','1','漏巡','',NULL,NULL),(19613,7,3,'提升系统钳工包机日检（二）',1,'管理员',5,'提升系统钳工包机日检（二）','005','提升系统钳工包机日检（二）','2015-02-15 00:00:00','漏巡','1','漏巡','',NULL,NULL),(19614,8,2,'提升系统钳工包机日检（一）',28,'吕志忠',4,'提升系统钳工包机日检（一）','004','提升系统钳工包机日检（一）','2015-02-15 05:24:49','准时','1','正常','IMG_20150215_052434.png',NULL,NULL),(19615,30,6,'绞车运行日志及巡回检查记录',1,'管理员',7,'绞车运行日志及巡回检查记录','007','绞车运行日志及巡回检查记录','2015-02-15 00:00:00','漏巡','23','漏巡','',NULL,NULL),(19616,31,6,'绞车运行日志及巡回检查记录',1,'管理员',7,'绞车运行日志及巡回检查记录','007','绞车运行日志及巡回检查记录','2015-02-15 01:00:00','漏巡','24','漏巡','',NULL,NULL),(19617,4,6,'绞车运行日志及巡回检查记录',1,'管理员',7,'绞车运行日志及巡回检查记录','007','绞车运行日志及巡回检查记录','2015-02-15 02:00:00','漏巡','1','漏巡','',NULL,NULL),(19618,9,6,'绞车运行日志及巡回检查记录',1,'管理员',7,'绞车运行日志及巡回检查记录','007','绞车运行日志及巡回检查记录','2015-02-15 03:00:00','漏巡','2','漏巡','',NULL,NULL),(19619,10,6,'绞车运行日志及巡回检查记录',1,'管理员',7,'绞车运行日志及巡回检查记录','007','绞车运行日志及巡回检查记录','2015-02-15 04:00:00','漏巡','3','漏巡','',NULL,NULL),(19620,11,6,'绞车运行日志及巡回检查记录',1,'管理员',7,'绞车运行日志及巡回检查记录','007','绞车运行日志及巡回检查记录','2015-02-15 05:00:00','漏巡','4','漏巡','',NULL,NULL),(19621,12,6,'绞车运行日志及巡回检查记录',1,'管理员',7,'绞车运行日志及巡回检查记录','007','绞车运行日志及巡回检查记录','2015-02-15 06:00:00','漏巡','5','漏巡','',NULL,NULL),(19622,13,6,'绞车运行日志及巡回检查记录',1,'管理员',7,'绞车运行日志及巡回检查记录','007','绞车运行日志及巡回检查记录','2015-02-15 07:00:00','漏巡','6','漏巡','',NULL,NULL),(19623,14,6,'绞车运行日志及巡回检查记录',1,'管理员',7,'绞车运行日志及巡回检查记录','007','绞车运行日志及巡回检查记录','2015-02-15 08:00:00','漏巡','7','漏巡','',NULL,NULL),(19624,15,6,'绞车运行日志及巡回检查记录',1,'管理员',7,'绞车运行日志及巡回检查记录','007','绞车运行日志及巡回检查记录','2015-02-15 09:00:00','漏巡','8','漏巡','',NULL,NULL),(19625,16,6,'绞车运行日志及巡回检查记录',1,'管理员',7,'绞车运行日志及巡回检查记录','007','绞车运行日志及巡回检查记录','2015-02-15 10:00:00','漏巡','9','漏巡','',NULL,NULL),(19626,17,6,'绞车运行日志及巡回检查记录',1,'管理员',7,'绞车运行日志及巡回检查记录','007','绞车运行日志及巡回检查记录','2015-02-15 11:00:00','漏巡','10','漏巡','',NULL,NULL),(19627,18,6,'绞车运行日志及巡回检查记录',1,'管理员',7,'绞车运行日志及巡回检查记录','007','绞车运行日志及巡回检查记录','2015-02-15 12:00:00','漏巡','11','漏巡','',NULL,NULL),(19628,19,6,'绞车运行日志及巡回检查记录',1,'管理员',7,'绞车运行日志及巡回检查记录','007','绞车运行日志及巡回检查记录','2015-02-15 13:00:00','漏巡','12','漏巡','',NULL,NULL),(19629,20,6,'绞车运行日志及巡回检查记录',1,'管理员',7,'绞车运行日志及巡回检查记录','007','绞车运行日志及巡回检查记录','2015-02-15 14:00:00','漏巡','13','漏巡','',NULL,NULL),(19630,21,6,'绞车运行日志及巡回检查记录',1,'管理员',7,'绞车运行日志及巡回检查记录','007','绞车运行日志及巡回检查记录','2015-02-15 15:00:00','漏巡','14','漏巡','',NULL,NULL),(19631,22,6,'绞车运行日志及巡回检查记录',1,'管理员',7,'绞车运行日志及巡回检查记录','007','绞车运行日志及巡回检查记录','2015-02-15 16:00:00','漏巡','15','漏巡','',NULL,NULL),(19632,23,6,'绞车运行日志及巡回检查记录',1,'管理员',7,'绞车运行日志及巡回检查记录','007','绞车运行日志及巡回检查记录','2015-02-15 17:00:00','漏巡','16','漏巡','',NULL,NULL),(19633,24,6,'绞车运行日志及巡回检查记录',1,'管理员',7,'绞车运行日志及巡回检查记录','007','绞车运行日志及巡回检查记录','2015-02-15 18:00:00','漏巡','17','漏巡','',NULL,NULL),(19634,25,6,'绞车运行日志及巡回检查记录',1,'管理员',7,'绞车运行日志及巡回检查记录','007','绞车运行日志及巡回检查记录','2015-02-15 19:00:00','漏巡','18','漏巡','',NULL,NULL),(19635,26,6,'绞车运行日志及巡回检查记录',1,'管理员',7,'绞车运行日志及巡回检查记录','007','绞车运行日志及巡回检查记录','2015-02-15 20:00:00','漏巡','19','漏巡','',NULL,NULL),(19636,27,6,'绞车运行日志及巡回检查记录',1,'管理员',7,'绞车运行日志及巡回检查记录','007','绞车运行日志及巡回检查记录','2015-02-15 21:00:00','漏巡','20','漏巡','',NULL,NULL),(19637,28,6,'绞车运行日志及巡回检查记录',1,'管理员',7,'绞车运行日志及巡回检查记录','007','绞车运行日志及巡回检查记录','2015-02-15 22:00:00','漏巡','21','漏巡','',NULL,NULL),(19638,29,6,'绞车运行日志及巡回检查记录',1,'管理员',7,'绞车运行日志及巡回检查记录','007','绞车运行日志及巡回检查记录','2015-02-15 23:00:00','漏巡','22','漏巡','',NULL,NULL),(19639,1,7,'提升机安全保护装置检查试验记录',1,'管理员',2,'提升机安全保护装置','002','提升机安全保护装置','2015-02-16 00:00:00','漏巡','1','漏巡','',NULL,NULL),(19640,2,1,'多绳绞车钢丝绳查验记录',14,'刘鹏',1,'多绳绞车钢丝绳','001','多绳绞车钢丝绳','2015-02-16 05:00:36','准时','1','正常','IMG_20150216_045845.png',NULL,NULL),(19641,3,8,'车房电工定期维护检修记录',1,'管理员',8,'车房电工定期维护检修记录','008','车房电工定期维护检修记录','2015-02-16 00:00:00','漏巡','1','漏巡','',NULL,NULL),(19642,5,5,'提升系统起重工周检',14,'刘鹏',3,'提升系统起重工周检','003','提升系统起重工周检','2015-02-16 05:01:20','准时','1','正常','IMG_20150216_045845.png',NULL,NULL),(19643,6,4,'提升系统钳工周检',1,'管理员',6,'提升系统钳工周检','006','提升系统钳工周检','2015-02-16 00:00:00','漏巡','1','漏巡','',NULL,NULL),(19644,7,3,'提升系统钳工包机日检（二）',29,'葛宝满',5,'提升系统钳工包机日检（二）','005','提升系统钳工包机日检（二）','2015-02-16 05:23:29','准时','1','正常','IMG_20150216_052301.png',NULL,NULL),(19645,8,2,'提升系统钳工包机日检（一）',28,'吕志忠',4,'提升系统钳工包机日检（一）','004','提升系统钳工包机日检（一）','2015-02-16 05:36:42','准时','1','正常','IMG_20150216_053612.png',NULL,NULL),(19646,30,6,'绞车运行日志及巡回检查记录',1,'管理员',7,'绞车运行日志及巡回检查记录','007','绞车运行日志及巡回检查记录','2015-02-16 00:00:00','漏巡','23','漏巡','',NULL,NULL),(19647,31,6,'绞车运行日志及巡回检查记录',1,'管理员',7,'绞车运行日志及巡回检查记录','007','绞车运行日志及巡回检查记录','2015-02-16 01:00:00','漏巡','24','漏巡','',NULL,NULL),(19648,4,6,'绞车运行日志及巡回检查记录',1,'管理员',7,'绞车运行日志及巡回检查记录','007','绞车运行日志及巡回检查记录','2015-02-16 02:00:00','漏巡','1','漏巡','',NULL,NULL),(19649,9,6,'绞车运行日志及巡回检查记录',1,'管理员',7,'绞车运行日志及巡回检查记录','007','绞车运行日志及巡回检查记录','2015-02-16 03:00:00','漏巡','2','漏巡','',NULL,NULL),(19650,10,6,'绞车运行日志及巡回检查记录',1,'管理员',7,'绞车运行日志及巡回检查记录','007','绞车运行日志及巡回检查记录','2015-02-16 04:00:00','漏巡','3','漏巡','',NULL,NULL),(19651,11,6,'绞车运行日志及巡回检查记录',1,'管理员',7,'绞车运行日志及巡回检查记录','007','绞车运行日志及巡回检查记录','2015-02-16 05:00:00','漏巡','4','漏巡','',NULL,NULL),(19652,12,6,'绞车运行日志及巡回检查记录',1,'管理员',7,'绞车运行日志及巡回检查记录','007','绞车运行日志及巡回检查记录','2015-02-16 06:00:00','漏巡','5','漏巡','',NULL,NULL),(19653,13,6,'绞车运行日志及巡回检查记录',1,'管理员',7,'绞车运行日志及巡回检查记录','007','绞车运行日志及巡回检查记录','2015-02-16 07:00:00','漏巡','6','漏巡','',NULL,NULL),(19654,14,6,'绞车运行日志及巡回检查记录',1,'管理员',7,'绞车运行日志及巡回检查记录','007','绞车运行日志及巡回检查记录','2015-02-16 08:00:00','漏巡','7','漏巡','',NULL,NULL),(19655,15,6,'绞车运行日志及巡回检查记录',1,'管理员',7,'绞车运行日志及巡回检查记录','007','绞车运行日志及巡回检查记录','2015-02-16 09:00:00','漏巡','8','漏巡','',NULL,NULL),(19656,16,6,'绞车运行日志及巡回检查记录',1,'管理员',7,'绞车运行日志及巡回检查记录','007','绞车运行日志及巡回检查记录','2015-02-16 10:00:00','漏巡','9','漏巡','',NULL,NULL),(19657,17,6,'绞车运行日志及巡回检查记录',1,'管理员',7,'绞车运行日志及巡回检查记录','007','绞车运行日志及巡回检查记录','2015-02-16 11:00:00','漏巡','10','漏巡','',NULL,NULL),(19658,1,7,'提升机安全保护装置检查试验记录',20,'郁奇峰',2,'提升机安全保护装置','002','提升机安全保护装置','2015-02-17 07:16:01','准时','1','正常','IMG_20150217_071527.png',NULL,NULL),(19659,2,1,'多绳绞车钢丝绳查验记录',1,'管理员',1,'多绳绞车钢丝绳','001','多绳绞车钢丝绳','2015-02-17 00:00:00','漏巡','1','漏巡','',NULL,NULL),(19660,3,8,'车房电工定期维护检修记录',20,'郁奇峰',8,'车房电工定期维护检修记录','008','车房电工定期维护检修记录','2015-02-17 07:16:24','准时','1','正常','IMG_20150217_071527.png',NULL,NULL),(19661,7,3,'提升系统钳工包机日检（二）',1,'管理员',5,'提升系统钳工包机日检（二）','005','提升系统钳工包机日检（二）','2015-02-17 00:00:00','漏巡','1','漏巡','',NULL,NULL),(19662,8,2,'提升系统钳工包机日检（一）',1,'管理员',4,'提升系统钳工包机日检（一）','004','提升系统钳工包机日检（一）','2015-02-17 00:00:00','漏巡','1','漏巡','',NULL,NULL),(19663,12,6,'绞车运行日志及巡回检查记录',1,'管理员',7,'绞车运行日志及巡回检查记录','007','绞车运行日志及巡回检查记录','2015-02-17 06:00:00','漏巡','5','漏巡','',NULL,NULL),(19664,13,6,'绞车运行日志及巡回检查记录',1,'管理员',7,'绞车运行日志及巡回检查记录','007','绞车运行日志及巡回检查记录','2015-02-17 07:00:00','漏巡','6','漏巡','',NULL,NULL),(19665,24,6,'绞车运行日志及巡回检查记录',30,'张炳杰',7,'绞车运行日志及巡回检查记录','007','绞车运行日志及巡回检查记录','2015-02-12 18:25:06','准时','17','正常','IMG_20150212_152647.png',NULL,NULL),(19666,25,6,'绞车运行日志及巡回检查记录',30,'张炳杰',7,'绞车运行日志及巡回检查记录','007','绞车运行日志及巡回检查记录','2015-02-12 19:26:13','准时','18','正常','IMG_20150212_152647.png',NULL,NULL),(19667,26,6,'绞车运行日志及巡回检查记录',30,'张炳杰',7,'绞车运行日志及巡回检查记录','007','绞车运行日志及巡回检查记录','2015-02-12 20:27:05','准时','19','正常','IMG_20150212_152647.png',NULL,NULL),(19668,27,6,'绞车运行日志及巡回检查记录',30,'张炳杰',7,'绞车运行日志及巡回检查记录','007','绞车运行日志及巡回检查记录','2015-02-12 21:28:03','准时','20','正常','IMG_20150212_152647.png',NULL,NULL),(19669,28,6,'绞车运行日志及巡回检查记录',30,'张炳杰',7,'绞车运行日志及巡回检查记录','007','绞车运行日志及巡回检查记录','2015-02-12 22:28:04','准时','21','正常','IMG_20150212_152647.png',NULL,NULL),(19670,29,6,'绞车运行日志及巡回检查记录',31,'周进伟',7,'绞车运行日志及巡回检查记录','007','绞车运行日志及巡回检查记录','2015-02-12 23:34:24','准时','22','正常','IMG_20150212_233408.png',NULL,NULL),(19671,30,6,'绞车运行日志及巡回检查记录',31,'周进伟',7,'绞车运行日志及巡回检查记录','007','绞车运行日志及巡回检查记录','2015-02-13 00:37:06','准时','23','正常','IMG_20150212_233408.png',NULL,NULL),(19672,31,6,'绞车运行日志及巡回检查记录',31,'周进伟',7,'绞车运行日志及巡回检查记录','007','绞车运行日志及巡回检查记录','2015-02-13 01:30:13','准时','24','正常','IMG_20150212_233408.png',NULL,NULL),(19673,4,6,'绞车运行日志及巡回检查记录',31,'周进伟',7,'绞车运行日志及巡回检查记录','007','绞车运行日志及巡回检查记录','2015-02-13 02:31:07','准时','1','正常','IMG_20150212_233408.png',NULL,NULL),(19674,9,6,'绞车运行日志及巡回检查记录',31,'周进伟',7,'绞车运行日志及巡回检查记录','007','绞车运行日志及巡回检查记录','2015-02-13 03:32:07','准时','2','正常','IMG_20150212_233408.png',NULL,NULL),(19675,10,6,'绞车运行日志及巡回检查记录',31,'周进伟',7,'绞车运行日志及巡回检查记录','007','绞车运行日志及巡回检查记录','2015-02-13 04:33:06','准时','3','正常','IMG_20150212_233408.png',NULL,NULL),(19676,11,6,'绞车运行日志及巡回检查记录',31,'周进伟',7,'绞车运行日志及巡回检查记录','007','绞车运行日志及巡回检查记录','2015-02-13 05:34:05','准时','4','正常','IMG_20150212_233408.png',NULL,NULL),(19677,12,6,'绞车运行日志及巡回检查记录',31,'周进伟',7,'绞车运行日志及巡回检查记录','007','绞车运行日志及巡回检查记录','2015-02-13 06:35:05','准时','5','正常','IMG_20150212_233408.png',NULL,NULL),(19678,14,6,'绞车运行日志及巡回检查记录',1,'管理员',7,'绞车运行日志及巡回检查记录','007','绞车运行日志及巡回检查记录','2015-02-17 08:00:00','漏巡','7','漏巡','',NULL,NULL),(19679,15,6,'绞车运行日志及巡回检查记录',1,'管理员',7,'绞车运行日志及巡回检查记录','007','绞车运行日志及巡回检查记录','2015-02-17 09:00:00','漏巡','8','漏巡','',NULL,NULL),(19680,16,6,'绞车运行日志及巡回检查记录',1,'管理员',7,'绞车运行日志及巡回检查记录','007','绞车运行日志及巡回检查记录','2015-02-17 10:00:00','漏巡','9','漏巡','',NULL,NULL),(19681,17,6,'绞车运行日志及巡回检查记录',1,'管理员',7,'绞车运行日志及巡回检查记录','007','绞车运行日志及巡回检查记录','2015-02-17 11:00:00','漏巡','10','漏巡','',NULL,NULL),(19682,18,6,'绞车运行日志及巡回检查记录',1,'管理员',7,'绞车运行日志及巡回检查记录','007','绞车运行日志及巡回检查记录','2015-02-17 12:00:00','漏巡','11','漏巡','',NULL,NULL),(19683,19,6,'绞车运行日志及巡回检查记录',1,'管理员',7,'绞车运行日志及巡回检查记录','007','绞车运行日志及巡回检查记录','2015-02-17 13:00:00','漏巡','12','漏巡','',NULL,NULL),(19684,20,6,'绞车运行日志及巡回检查记录',1,'管理员',7,'绞车运行日志及巡回检查记录','007','绞车运行日志及巡回检查记录','2015-02-17 14:00:00','漏巡','13','漏巡','',NULL,NULL),(19685,21,6,'绞车运行日志及巡回检查记录',1,'管理员',7,'绞车运行日志及巡回检查记录','007','绞车运行日志及巡回检查记录','2015-02-17 15:00:00','漏巡','14','漏巡','',NULL,NULL),(19686,22,6,'绞车运行日志及巡回检查记录',1,'管理员',7,'绞车运行日志及巡回检查记录','007','绞车运行日志及巡回检查记录','2015-02-17 16:00:00','漏巡','15','漏巡','',NULL,NULL),(19687,23,6,'绞车运行日志及巡回检查记录',1,'管理员',7,'绞车运行日志及巡回检查记录','007','绞车运行日志及巡回检查记录','2015-02-17 17:00:00','漏巡','16','漏巡','',NULL,NULL),(19688,24,6,'绞车运行日志及巡回检查记录',1,'管理员',7,'绞车运行日志及巡回检查记录','007','绞车运行日志及巡回检查记录','2015-02-17 18:00:00','漏巡','17','漏巡','',NULL,NULL),(19689,25,6,'绞车运行日志及巡回检查记录',1,'管理员',7,'绞车运行日志及巡回检查记录','007','绞车运行日志及巡回检查记录','2015-02-17 19:00:00','漏巡','18','漏巡','',NULL,NULL),(19690,26,6,'绞车运行日志及巡回检查记录',1,'管理员',7,'绞车运行日志及巡回检查记录','007','绞车运行日志及巡回检查记录','2015-02-17 20:00:00','漏巡','19','漏巡','',NULL,NULL),(19691,27,6,'绞车运行日志及巡回检查记录',1,'管理员',7,'绞车运行日志及巡回检查记录','007','绞车运行日志及巡回检查记录','2015-02-17 21:00:00','漏巡','20','漏巡','',NULL,NULL),(19692,28,6,'绞车运行日志及巡回检查记录',1,'管理员',7,'绞车运行日志及巡回检查记录','007','绞车运行日志及巡回检查记录','2015-02-17 22:00:00','漏巡','21','漏巡','',NULL,NULL),(19693,29,6,'绞车运行日志及巡回检查记录',1,'管理员',7,'绞车运行日志及巡回检查记录','007','绞车运行日志及巡回检查记录','2015-02-17 23:00:00','漏巡','22','漏巡','',NULL,NULL),(19694,1,7,'提升机安全保护装置检查试验记录',1,'管理员',2,'提升机安全保护装置','002','提升机安全保护装置','2015-02-18 00:00:00','漏巡','1','漏巡','',NULL,NULL),(19695,2,1,'多绳绞车钢丝绳查验记录',1,'管理员',1,'多绳绞车钢丝绳','001','多绳绞车钢丝绳','2015-02-18 00:00:00','漏巡','1','漏巡','',NULL,NULL),(19696,3,8,'车房电工定期维护检修记录',1,'管理员',8,'车房电工定期维护检修记录','008','车房电工定期维护检修记录','2015-02-18 00:00:00','漏巡','1','漏巡','',NULL,NULL),(19697,7,3,'提升系统钳工包机日检（二）',1,'管理员',5,'提升系统钳工包机日检（二）','005','提升系统钳工包机日检（二）','2015-02-18 00:00:00','漏巡','1','漏巡','',NULL,NULL),(19698,8,2,'提升系统钳工包机日检（一）',1,'管理员',4,'提升系统钳工包机日检（一）','004','提升系统钳工包机日检（一）','2015-02-18 00:00:00','漏巡','1','漏巡','',NULL,NULL),(19699,30,6,'绞车运行日志及巡回检查记录',1,'管理员',7,'绞车运行日志及巡回检查记录','007','绞车运行日志及巡回检查记录','2015-02-18 00:00:00','漏巡','23','漏巡','',NULL,NULL),(19700,1,7,'提升机安全保护装置检查试验记录',1,'管理员',2,'提升机安全保护装置','002','提升机安全保护装置','2015-03-17 00:00:00','漏巡','1','漏巡','',NULL,NULL),(19701,2,1,'多绳绞车钢丝绳查验记录',1,'管理员',1,'多绳绞车钢丝绳','001','多绳绞车钢丝绳','2015-03-17 00:00:00','漏巡','1','漏巡','',NULL,NULL),(19702,3,8,'车房电工定期维护检修记录',1,'管理员',8,'车房电工定期维护检修记录','008','车房电工定期维护检修记录','2015-03-17 00:00:00','漏巡','1','漏巡','',NULL,NULL),(19703,5,5,'提升系统起重工周检',1,'管理员',3,'提升系统起重工周检','003','提升系统起重工周检','2015-03-16 00:00:00','漏巡','1','漏巡','',NULL,NULL),(19704,6,4,'提升系统钳工周检',1,'管理员',6,'提升系统钳工周检','006','提升系统钳工周检','2015-03-16 00:00:00','漏巡','1','漏巡','',NULL,NULL),(19705,7,3,'提升系统钳工包机日检（二）',1,'管理员',5,'提升系统钳工包机日检（二）','005','提升系统钳工包机日检（二）','2015-03-17 00:00:00','漏巡','1','漏巡','',NULL,NULL),(19706,8,2,'提升系统钳工包机日检（一）',1,'管理员',4,'提升系统钳工包机日检（一）','004','提升系统钳工包机日检（一）','2015-03-17 00:00:00','漏巡','1','漏巡','',NULL,NULL),(19707,15,6,'绞车运行日志及巡回检查记录',1,'管理员',7,'绞车运行日志及巡回检查记录','007','绞车运行日志及巡回检查记录','2015-03-17 09:00:00','漏巡','8','漏巡','',NULL,NULL),(19708,1,7,'提升机安全保护装置检查试验记录',1,'管理员',2,'提升机安全保护装置','002','提升机安全保护装置','2015-04-04 00:00:00','漏巡','1','漏巡','',NULL,NULL),(19709,2,1,'多绳绞车钢丝绳查验记录',1,'管理员',1,'多绳绞车钢丝绳','001','多绳绞车钢丝绳','2015-04-04 00:00:00','漏巡','1','漏巡','',NULL,NULL),(19710,3,8,'车房电工定期维护检修记录',1,'管理员',8,'车房电工定期维护检修记录','008','车房电工定期维护检修记录','2015-04-04 00:00:00','漏巡','1','漏巡','',NULL,NULL),(19711,5,5,'提升系统起重工周检',1,'管理员',3,'提升系统起重工周检','003','提升系统起重工周检','2015-03-30 00:00:00','漏巡','1','漏巡','',NULL,NULL),(19712,6,4,'提升系统钳工周检',1,'管理员',6,'提升系统钳工周检','006','提升系统钳工周检','2015-03-30 00:00:00','漏巡','1','漏巡','',NULL,NULL),(19713,7,3,'提升系统钳工包机日检（二）',1,'管理员',5,'提升系统钳工包机日检（二）','005','提升系统钳工包机日检（二）','2015-04-04 00:00:00','漏巡','1','漏巡','',NULL,NULL),(19714,8,2,'提升系统钳工包机日检（一）',1,'管理员',4,'提升系统钳工包机日检（一）','004','提升系统钳工包机日检（一）','2015-04-04 00:00:00','漏巡','1','漏巡','',NULL,NULL),(19715,25,6,'绞车运行日志及巡回检查记录',1,'管理员',7,'绞车运行日志及巡回检查记录','007','绞车运行日志及巡回检查记录','2015-04-04 19:00:00','漏巡','18','漏巡','',NULL,NULL),(19716,26,6,'绞车运行日志及巡回检查记录',1,'管理员',7,'绞车运行日志及巡回检查记录','007','绞车运行日志及巡回检查记录','2015-04-04 20:00:00','漏巡','19','漏巡','',NULL,NULL),(19717,27,6,'绞车运行日志及巡回检查记录',1,'管理员',7,'绞车运行日志及巡回检查记录','007','绞车运行日志及巡回检查记录','2015-04-04 21:00:00','漏巡','20','漏巡','',NULL,NULL),(19718,28,6,'绞车运行日志及巡回检查记录',1,'管理员',7,'绞车运行日志及巡回检查记录','007','绞车运行日志及巡回检查记录','2015-04-04 22:00:00','漏巡','21','漏巡','',NULL,NULL),(19719,29,6,'绞车运行日志及巡回检查记录',1,'管理员',7,'绞车运行日志及巡回检查记录','007','绞车运行日志及巡回检查记录','2015-04-04 23:00:00','漏巡','22','漏巡','',NULL,NULL),(19720,1,7,'提升机安全保护装置检查试验记录',1,'管理员',2,'提升机安全保护装置','002','提升机安全保护装置','2015-04-06 00:00:00','漏巡','1','漏巡','',NULL,NULL),(19721,2,1,'多绳绞车钢丝绳查验记录',1,'管理员',1,'多绳绞车钢丝绳','001','多绳绞车钢丝绳','2015-04-06 00:00:00','漏巡','1','漏巡','',NULL,NULL),(19722,3,8,'车房电工定期维护检修记录',1,'管理员',8,'车房电工定期维护检修记录','008','车房电工定期维护检修记录','2015-04-06 00:00:00','漏巡','1','漏巡','',NULL,NULL),(19723,5,5,'提升系统起重工周检',1,'管理员',3,'提升系统起重工周检','003','提升系统起重工周检','2015-04-06 00:00:00','漏巡','1','漏巡','',NULL,NULL),(19724,6,4,'提升系统钳工周检',1,'管理员',6,'提升系统钳工周检','006','提升系统钳工周检','2015-04-06 00:00:00','漏巡','1','漏巡','',NULL,NULL),(19725,7,3,'提升系统钳工包机日检（二）',1,'管理员',5,'提升系统钳工包机日检（二）','005','提升系统钳工包机日检（二）','2015-04-06 00:00:00','漏巡','1','漏巡','',NULL,NULL),(19726,8,2,'提升系统钳工包机日检（一）',1,'管理员',4,'提升系统钳工包机日检（一）','004','提升系统钳工包机日检（一）','2015-04-06 00:00:00','漏巡','1','漏巡','',NULL,NULL),(19727,31,6,'绞车运行日志及巡回检查记录',1,'管理员',7,'绞车运行日志及巡回检查记录','007','绞车运行日志及巡回检查记录','2015-04-06 01:00:00','漏巡','24','漏巡','',NULL,NULL),(19728,9,6,'绞车运行日志及巡回检查记录',1,'管理员',7,'绞车运行日志及巡回检查记录','007','绞车运行日志及巡回检查记录','2015-04-06 03:00:00','漏巡','2','漏巡','',NULL,NULL),(19729,10,6,'绞车运行日志及巡回检查记录',1,'管理员',7,'绞车运行日志及巡回检查记录','007','绞车运行日志及巡回检查记录','2015-04-06 04:00:00','漏巡','3','漏巡','',NULL,NULL),(19730,11,6,'绞车运行日志及巡回检查记录',1,'管理员',7,'绞车运行日志及巡回检查记录','007','绞车运行日志及巡回检查记录','2015-04-06 05:00:00','漏巡','4','漏巡','',NULL,NULL),(19731,29,6,'绞车运行日志及巡回检查记录',1,'管理员',7,'绞车运行日志及巡回检查记录','007','绞车运行日志及巡回检查记录','2015-04-06 23:00:00','漏巡','22','漏巡','',NULL,NULL),(19732,1,7,'提升机安全保护装置检查试验记录',1,'管理员',2,'提升机安全保护装置','002','提升机安全保护装置','2015-04-07 00:00:00','漏巡','1','漏巡','',NULL,NULL),(19733,2,1,'多绳绞车钢丝绳查验记录',1,'管理员',1,'多绳绞车钢丝绳','001','多绳绞车钢丝绳','2015-04-07 00:00:00','漏巡','1','漏巡','',NULL,NULL),(19734,3,8,'车房电工定期维护检修记录',1,'管理员',8,'车房电工定期维护检修记录','008','车房电工定期维护检修记录','2015-04-07 00:00:00','漏巡','1','漏巡','',NULL,NULL),(19735,7,3,'提升系统钳工包机日检（二）',1,'管理员',5,'提升系统钳工包机日检（二）','005','提升系统钳工包机日检（二）','2015-04-07 00:00:00','漏巡','1','漏巡','',NULL,NULL),(19736,8,2,'提升系统钳工包机日检（一）',1,'管理员',4,'提升系统钳工包机日检（一）','004','提升系统钳工包机日检（一）','2015-04-07 00:00:00','漏巡','1','漏巡','',NULL,NULL),(19737,30,6,'绞车运行日志及巡回检查记录',1,'管理员',7,'绞车运行日志及巡回检查记录','007','绞车运行日志及巡回检查记录','2015-04-07 00:00:00','漏巡','23','漏巡','',NULL,NULL),(19738,31,6,'绞车运行日志及巡回检查记录',1,'管理员',7,'绞车运行日志及巡回检查记录','007','绞车运行日志及巡回检查记录','2015-04-07 01:00:00','漏巡','24','漏巡','',NULL,NULL),(19739,4,6,'绞车运行日志及巡回检查记录',1,'管理员',7,'绞车运行日志及巡回检查记录','007','绞车运行日志及巡回检查记录','2015-04-07 02:00:00','漏巡','1','漏巡','',NULL,NULL),(19740,9,6,'绞车运行日志及巡回检查记录',1,'管理员',7,'绞车运行日志及巡回检查记录','007','绞车运行日志及巡回检查记录','2015-04-07 03:00:00','漏巡','2','漏巡','',NULL,NULL),(19741,10,6,'绞车运行日志及巡回检查记录',1,'管理员',7,'绞车运行日志及巡回检查记录','007','绞车运行日志及巡回检查记录','2015-04-07 04:00:00','漏巡','3','漏巡','',NULL,NULL),(19742,16,6,'绞车运行日志及巡回检查记录',1,'管理员',7,'绞车运行日志及巡回检查记录','007','绞车运行日志及巡回检查记录','2015-04-07 10:00:00','漏巡','9','漏巡','',NULL,NULL),(19743,22,6,'绞车运行日志及巡回检查记录',1,'管理员',7,'绞车运行日志及巡回检查记录','007','绞车运行日志及巡回检查记录','2015-04-07 16:00:00','漏巡','15','漏巡','',NULL,NULL),(19744,23,6,'绞车运行日志及巡回检查记录',1,'管理员',7,'绞车运行日志及巡回检查记录','007','绞车运行日志及巡回检查记录','2015-04-07 17:00:00','漏巡','16','漏巡','',NULL,NULL),(19745,24,6,'绞车运行日志及巡回检查记录',1,'管理员',7,'绞车运行日志及巡回检查记录','007','绞车运行日志及巡回检查记录','2015-04-07 18:00:00','漏巡','17','漏巡','',NULL,NULL),(19746,25,6,'绞车运行日志及巡回检查记录',1,'管理员',7,'绞车运行日志及巡回检查记录','007','绞车运行日志及巡回检查记录','2015-04-07 19:00:00','漏巡','18','漏巡','',NULL,NULL),(19747,26,6,'绞车运行日志及巡回检查记录',1,'管理员',7,'绞车运行日志及巡回检查记录','007','绞车运行日志及巡回检查记录','2015-04-07 20:00:00','漏巡','19','漏巡','',NULL,NULL),(19748,27,6,'绞车运行日志及巡回检查记录',1,'管理员',7,'绞车运行日志及巡回检查记录','007','绞车运行日志及巡回检查记录','2015-04-07 21:00:00','漏巡','20','漏巡','',NULL,NULL),(19749,28,6,'绞车运行日志及巡回检查记录',1,'管理员',7,'绞车运行日志及巡回检查记录','007','绞车运行日志及巡回检查记录','2015-04-07 22:00:00','漏巡','21','漏巡','',NULL,NULL),(19750,29,6,'绞车运行日志及巡回检查记录',1,'管理员',7,'绞车运行日志及巡回检查记录','007','绞车运行日志及巡回检查记录','2015-04-07 23:00:00','漏巡','22','漏巡','',NULL,NULL),(19751,1,7,'提升机安全保护装置检查试验记录',1,'管理员',2,'提升机安全保护装置','002','提升机安全保护装置','2015-04-08 00:00:00','漏巡','1','漏巡','',NULL,NULL),(19752,2,1,'多绳绞车钢丝绳查验记录',1,'管理员',1,'多绳绞车钢丝绳','001','多绳绞车钢丝绳','2015-04-08 00:00:00','漏巡','1','漏巡','',NULL,NULL),(19753,3,8,'车房电工定期维护检修记录',1,'管理员',8,'车房电工定期维护检修记录','008','车房电工定期维护检修记录','2015-04-08 00:00:00','漏巡','1','漏巡','',NULL,NULL),(19754,7,3,'提升系统钳工包机日检（二）',1,'管理员',5,'提升系统钳工包机日检（二）','005','提升系统钳工包机日检（二）','2015-04-08 00:00:00','漏巡','1','漏巡','',NULL,NULL),(19755,8,2,'提升系统钳工包机日检（一）',1,'管理员',4,'提升系统钳工包机日检（一）','004','提升系统钳工包机日检（一）','2015-04-08 00:00:00','漏巡','1','漏巡','',NULL,NULL),(19756,30,6,'绞车运行日志及巡回检查记录',1,'管理员',7,'绞车运行日志及巡回检查记录','007','绞车运行日志及巡回检查记录','2015-04-08 00:00:00','漏巡','23','漏巡','',NULL,NULL),(19757,31,6,'绞车运行日志及巡回检查记录',1,'管理员',7,'绞车运行日志及巡回检查记录','007','绞车运行日志及巡回检查记录','2015-04-08 01:00:00','漏巡','24','漏巡','',NULL,NULL),(19758,4,6,'绞车运行日志及巡回检查记录',1,'管理员',7,'绞车运行日志及巡回检查记录','007','绞车运行日志及巡回检查记录','2015-04-08 02:00:00','漏巡','1','漏巡','',NULL,NULL),(19759,1,7,'提升机安全保护装置检查试验记录',1,'管理员',2,'提升机安全保护装置','002','提升机安全保护装置','2015-04-09 00:00:00','漏巡','1','漏巡','',NULL,NULL),(19760,2,1,'多绳绞车钢丝绳查验记录',1,'管理员',1,'多绳绞车钢丝绳','001','多绳绞车钢丝绳','2015-04-09 00:00:00','漏巡','1','漏巡','',NULL,NULL),(19761,3,8,'车房电工定期维护检修记录',1,'管理员',8,'车房电工定期维护检修记录','008','车房电工定期维护检修记录','2015-04-09 00:00:00','漏巡','1','漏巡','',NULL,NULL),(19762,7,3,'提升系统钳工包机日检（二）',1,'管理员',5,'提升系统钳工包机日检（二）','005','提升系统钳工包机日检（二）','2015-04-09 00:00:00','漏巡','1','漏巡','',NULL,NULL),(19763,8,2,'提升系统钳工包机日检（一）',1,'管理员',4,'提升系统钳工包机日检（一）','004','提升系统钳工包机日检（一）','2015-04-09 00:00:00','漏巡','1','漏巡','',NULL,NULL),(19764,27,6,'绞车运行日志及巡回检查记录',1,'管理员',7,'绞车运行日志及巡回检查记录','007','绞车运行日志及巡回检查记录','2015-04-09 21:00:00','漏巡','20','漏巡','',NULL,NULL),(19765,28,6,'绞车运行日志及巡回检查记录',1,'管理员',7,'绞车运行日志及巡回检查记录','007','绞车运行日志及巡回检查记录','2015-04-09 22:00:00','漏巡','21','漏巡','',NULL,NULL),(19766,29,6,'绞车运行日志及巡回检查记录',1,'管理员',7,'绞车运行日志及巡回检查记录','007','绞车运行日志及巡回检查记录','2015-04-09 23:00:00','漏巡','22','漏巡','',NULL,NULL),(19767,1,7,'提升机安全保护装置检查试验记录',1,'管理员',2,'提升机安全保护装置','002','提升机安全保护装置','2015-04-10 00:00:00','漏巡','1','漏巡','',NULL,NULL),(19768,2,1,'多绳绞车钢丝绳查验记录',1,'管理员',1,'多绳绞车钢丝绳','001','多绳绞车钢丝绳','2015-04-10 00:00:00','漏巡','1','漏巡','',NULL,NULL),(19769,3,8,'车房电工定期维护检修记录',1,'管理员',8,'车房电工定期维护检修记录','008','车房电工定期维护检修记录','2015-04-10 00:00:00','漏巡','1','漏巡','',NULL,NULL),(19770,7,3,'提升系统钳工包机日检（二）',1,'管理员',5,'提升系统钳工包机日检（二）','005','提升系统钳工包机日检（二）','2015-04-10 00:00:00','漏巡','1','漏巡','',NULL,NULL),(19771,8,2,'提升系统钳工包机日检（一）',1,'管理员',4,'提升系统钳工包机日检（一）','004','提升系统钳工包机日检（一）','2015-04-10 00:00:00','漏巡','1','漏巡','',NULL,NULL),(19772,30,6,'绞车运行日志及巡回检查记录',1,'管理员',7,'绞车运行日志及巡回检查记录','007','绞车运行日志及巡回检查记录','2015-04-10 00:00:00','漏巡','23','漏巡','',NULL,NULL),(19773,31,6,'绞车运行日志及巡回检查记录',1,'管理员',7,'绞车运行日志及巡回检查记录','007','绞车运行日志及巡回检查记录','2015-04-10 01:00:00','漏巡','24','漏巡','',NULL,NULL),(19774,4,6,'绞车运行日志及巡回检查记录',1,'管理员',7,'绞车运行日志及巡回检查记录','007','绞车运行日志及巡回检查记录','2015-04-10 02:00:00','漏巡','1','漏巡','',NULL,NULL),(19775,9,6,'绞车运行日志及巡回检查记录',1,'管理员',7,'绞车运行日志及巡回检查记录','007','绞车运行日志及巡回检查记录','2015-04-10 03:00:00','漏巡','2','漏巡','',NULL,NULL),(19776,10,6,'绞车运行日志及巡回检查记录',1,'管理员',7,'绞车运行日志及巡回检查记录','007','绞车运行日志及巡回检查记录','2015-04-10 04:00:00','漏巡','3','漏巡','',NULL,NULL),(19777,11,6,'绞车运行日志及巡回检查记录',1,'管理员',7,'绞车运行日志及巡回检查记录','007','绞车运行日志及巡回检查记录','2015-04-10 05:00:00','漏巡','4','漏巡','',NULL,NULL),(19778,1,7,'提升机安全保护装置检查试验记录',1,'管理员',2,'提升机安全保护装置','002','提升机安全保护装置','2015-04-13 00:00:00','漏巡','1','漏巡','',NULL,NULL),(19779,2,1,'多绳绞车钢丝绳查验记录',1,'管理员',1,'多绳绞车钢丝绳','001','多绳绞车钢丝绳','2015-04-13 23:04:20','准时','1','正常','IMG_20150413_230351.png',NULL,NULL),(19780,3,8,'车房电工定期维护检修记录',1,'管理员',8,'车房电工定期维护检修记录','008','车房电工定期维护检修记录','2015-04-13 00:00:00','漏巡','1','漏巡','',NULL,NULL),(19781,5,5,'提升系统起重工周检',1,'管理员',3,'提升系统起重工周检','003','提升系统起重工周检','2015-04-13 00:00:00','漏巡','1','漏巡','',NULL,NULL),(19782,6,4,'提升系统钳工周检',1,'管理员',6,'提升系统钳工周检','006','提升系统钳工周检','2015-04-13 00:00:00','漏巡','1','漏巡','',NULL,NULL),(19783,7,3,'提升系统钳工包机日检（二）',1,'管理员',5,'提升系统钳工包机日检（二）','005','提升系统钳工包机日检（二）','2015-04-13 00:00:00','漏巡','1','漏巡','',NULL,NULL),(19784,8,2,'提升系统钳工包机日检（一）',1,'管理员',4,'提升系统钳工包机日检（一）','004','提升系统钳工包机日检（一）','2015-04-13 00:00:00','漏巡','1','漏巡','',NULL,NULL),(19785,24,6,'绞车运行日志及巡回检查记录',1,'管理员',7,'绞车运行日志及巡回检查记录','007','绞车运行日志及巡回检查记录','2015-04-13 18:00:00','漏巡','17','漏巡','',NULL,NULL),(19786,25,6,'绞车运行日志及巡回检查记录',1,'管理员',7,'绞车运行日志及巡回检查记录','007','绞车运行日志及巡回检查记录','2015-04-13 19:00:00','漏巡','18','漏巡','',NULL,NULL),(19787,26,6,'绞车运行日志及巡回检查记录',1,'管理员',7,'绞车运行日志及巡回检查记录','007','绞车运行日志及巡回检查记录','2015-04-13 20:00:00','漏巡','19','漏巡','',NULL,NULL),(19788,27,6,'绞车运行日志及巡回检查记录',1,'管理员',7,'绞车运行日志及巡回检查记录','007','绞车运行日志及巡回检查记录','2015-04-13 21:00:00','漏巡','20','漏巡','',NULL,NULL),(19789,28,6,'绞车运行日志及巡回检查记录',1,'管理员',7,'绞车运行日志及巡回检查记录','007','绞车运行日志及巡回检查记录','2015-04-13 22:00:00','漏巡','21','漏巡','',NULL,NULL),(19790,29,6,'绞车运行日志及巡回检查记录',1,'管理员',7,'绞车运行日志及巡回检查记录','007','绞车运行日志及巡回检查记录','2015-04-13 23:00:00','漏巡','22','漏巡','',NULL,NULL),(19791,1,7,'提升机安全保护装置检查试验记录',1,'管理员',2,'提升机安全保护装置','002','提升机安全保护装置','2015-04-14 00:00:00','漏巡','1','漏巡','',NULL,NULL),(19792,2,1,'多绳绞车钢丝绳查验记录',1,'管理员',1,'多绳绞车钢丝绳','001','多绳绞车钢丝绳','2015-04-14 00:00:00','漏巡','1','漏巡','',NULL,NULL),(19793,3,8,'车房电工定期维护检修记录',1,'管理员',8,'车房电工定期维护检修记录','008','车房电工定期维护检修记录','2015-04-14 00:00:00','漏巡','1','漏巡','',NULL,NULL),(19794,7,3,'提升系统钳工包机日检（二）',1,'管理员',5,'提升系统钳工包机日检（二）','005','提升系统钳工包机日检（二）','2015-04-14 00:00:00','漏巡','1','漏巡','',NULL,NULL),(19795,8,2,'提升系统钳工包机日检（一）',1,'管理员',4,'提升系统钳工包机日检（一）','004','提升系统钳工包机日检（一）','2015-04-14 00:00:00','漏巡','1','漏巡','',NULL,NULL),(19796,30,6,'绞车运行日志及巡回检查记录',1,'管理员',7,'绞车运行日志及巡回检查记录','007','绞车运行日志及巡回检查记录','2015-04-14 00:00:00','漏巡','23','漏巡','',NULL,NULL),(19797,31,6,'绞车运行日志及巡回检查记录',1,'管理员',7,'绞车运行日志及巡回检查记录','007','绞车运行日志及巡回检查记录','2015-04-14 01:00:00','漏巡','24','漏巡','',NULL,NULL),(19798,4,6,'绞车运行日志及巡回检查记录',1,'管理员',7,'绞车运行日志及巡回检查记录','007','绞车运行日志及巡回检查记录','2015-04-14 02:00:00','漏巡','1','漏巡','',NULL,NULL),(19799,1,7,'提升机安全保护装置检查试验记录',1,'管理员',2,'提升机安全保护装置','002','提升机安全保护装置','2015-05-20 00:00:00','漏巡','1','漏巡','',NULL,NULL),(19800,2,1,'多绳绞车钢丝绳查验记录',1,'管理员',1,'多绳绞车钢丝绳','001','多绳绞车钢丝绳','2015-05-20 00:00:00','漏巡','1','漏巡','',NULL,NULL),(19801,3,8,'车房电工定期维护检修记录',1,'管理员',8,'车房电工定期维护检修记录','008','车房电工定期维护检修记录','2015-05-20 00:00:00','漏巡','1','漏巡','',NULL,NULL),(19802,5,5,'提升系统起重工周检',1,'管理员',3,'提升系统起重工周检','003','提升系统起重工周检','2015-05-18 00:00:00','漏巡','1','漏巡','',NULL,NULL),(19803,6,4,'提升系统钳工周检',1,'管理员',6,'提升系统钳工周检','006','提升系统钳工周检','2015-05-18 00:00:00','漏巡','1','漏巡','',NULL,NULL),(19804,7,3,'提升系统钳工包机日检（二）',1,'管理员',5,'提升系统钳工包机日检（二）','005','提升系统钳工包机日检（二）','2015-05-20 00:00:00','漏巡','1','漏巡','',NULL,NULL),(19805,8,2,'提升系统钳工包机日检（一）',1,'管理员',4,'提升系统钳工包机日检（一）','004','提升系统钳工包机日检（一）','2015-05-20 00:00:00','漏巡','1','漏巡','',NULL,NULL),(19806,24,6,'绞车运行日志及巡回检查记录',1,'管理员',7,'绞车运行日志及巡回检查记录','007','绞车运行日志及巡回检查记录','2015-05-20 18:00:00','漏巡','17','漏巡','',NULL,NULL),(19807,1,7,'提升机安全保护装置检查试验记录',1,'管理员',2,'提升机安全保护装置','002','提升机安全保护装置','2016-03-13 00:00:00','漏巡','1','漏巡','',NULL,NULL),(19808,2,1,'多绳绞车钢丝绳查验记录',1,'管理员',1,'多绳绞车钢丝绳','001','多绳绞车钢丝绳','2016-03-13 20:20:17','准时','1','正常','',NULL,NULL),(19809,3,8,'车房电工定期维护检修记录',1,'管理员',8,'车房电工定期维护检修记录','008','车房电工定期维护检修记录','2016-03-13 00:00:00','漏巡','1','漏巡','',NULL,NULL),(19810,5,5,'提升系统起重工周检',1,'管理员',3,'提升系统起重工周检','003','提升系统起重工周检','2016-03-07 00:00:00','漏巡','1','漏巡','',NULL,NULL),(19811,6,4,'提升系统钳工周检',1,'管理员',6,'提升系统钳工周检','006','提升系统钳工周检','2016-03-07 00:00:00','漏巡','1','漏巡','',NULL,NULL),(19812,7,3,'提升系统钳工包机日检（二）',1,'管理员',5,'提升系统钳工包机日检（二）','005','提升系统钳工包机日检（二）','2016-03-13 00:00:00','漏巡','1','漏巡','',NULL,NULL),(19813,8,2,'提升系统钳工包机日检（一）',1,'管理员',4,'提升系统钳工包机日检（一）','004','提升系统钳工包机日检（一）','2016-03-13 00:00:00','漏巡','1','漏巡','',NULL,NULL),(19814,25,6,'绞车运行日志及巡回检查记录',1,'管理员',7,'绞车运行日志及巡回检查记录','007','绞车运行日志及巡回检查记录','2016-03-13 19:00:00','漏巡','18','漏巡','',NULL,NULL),(19815,26,6,'绞车运行日志及巡回检查记录',1,'管理员',7,'绞车运行日志及巡回检查记录','007','绞车运行日志及巡回检查记录','2016-03-13 20:00:00','漏巡','19','漏巡','',NULL,NULL),(19816,27,6,'绞车运行日志及巡回检查记录',1,'管理员',7,'绞车运行日志及巡回检查记录','007','绞车运行日志及巡回检查记录','2016-03-13 21:00:00','漏巡','20','漏巡','',NULL,NULL),(19817,28,6,'绞车运行日志及巡回检查记录',1,'管理员',7,'绞车运行日志及巡回检查记录','007','绞车运行日志及巡回检查记录','2016-03-13 22:00:00','漏巡','21','漏巡','',NULL,NULL),(19818,29,6,'绞车运行日志及巡回检查记录',1,'管理员',7,'绞车运行日志及巡回检查记录','007','绞车运行日志及巡回检查记录','2016-03-13 23:00:00','漏巡','22','漏巡','',NULL,NULL),(19819,1,7,'提升机安全保护装置检查试验记录',1,'管理员',2,'提升机安全保护装置','002','提升机安全保护装置','2016-03-15 00:00:00','漏巡','1','漏巡','',NULL,NULL),(19820,2,1,'多绳绞车钢丝绳查验记录',1,'管理员',1,'多绳绞车钢丝绳','001','多绳绞车钢丝绳','2016-03-15 00:00:00','漏巡','1','漏巡','',NULL,NULL),(19821,3,8,'车房电工定期维护检修记录',1,'管理员',8,'车房电工定期维护检修记录','008','车房电工定期维护检修记录','2016-03-15 00:00:00','漏巡','1','漏巡','',NULL,NULL),(19822,5,5,'提升系统起重工周检',1,'管理员',3,'提升系统起重工周检','003','提升系统起重工周检','2016-03-14 00:00:00','漏巡','1','漏巡','',NULL,NULL),(19823,6,4,'提升系统钳工周检',1,'管理员',6,'提升系统钳工周检','006','提升系统钳工周检','2016-03-14 00:00:00','漏巡','1','漏巡','',NULL,NULL),(19824,7,3,'提升系统钳工包机日检（二）',1,'管理员',5,'提升系统钳工包机日检（二）','005','提升系统钳工包机日检（二）','2016-03-15 00:00:00','漏巡','1','漏巡','',NULL,NULL),(19825,8,2,'提升系统钳工包机日检（一）',1,'管理员',4,'提升系统钳工包机日检（一）','004','提升系统钳工包机日检（一）','2016-03-15 00:00:00','漏巡','1','漏巡','',NULL,NULL),(19826,27,6,'绞车运行日志及巡回检查记录',1,'管理员',7,'绞车运行日志及巡回检查记录','007','绞车运行日志及巡回检查记录','2016-03-15 21:00:00','漏巡','20','漏巡','',NULL,NULL),(19827,28,6,'绞车运行日志及巡回检查记录',1,'管理员',7,'绞车运行日志及巡回检查记录','007','绞车运行日志及巡回检查记录','2016-03-15 22:00:00','漏巡','21','漏巡','',NULL,NULL),(19828,29,6,'绞车运行日志及巡回检查记录',1,'管理员',7,'绞车运行日志及巡回检查记录','007','绞车运行日志及巡回检查记录','2016-03-15 23:00:00','漏巡','22','漏巡','',NULL,NULL),(19829,1,7,'提升机安全保护装置检查试验记录',1,'管理员',2,'提升机安全保护装置','002','提升机安全保护装置','2016-03-16 00:00:00','漏巡','1','漏巡','',NULL,NULL),(19830,2,1,'多绳绞车钢丝绳查验记录',1,'管理员',1,'多绳绞车钢丝绳','001','多绳绞车钢丝绳','2016-03-16 00:00:00','漏巡','1','漏巡','',NULL,NULL),(19831,3,8,'车房电工定期维护检修记录',1,'管理员',8,'车房电工定期维护检修记录','008','车房电工定期维护检修记录','2016-03-16 00:00:00','漏巡','1','漏巡','',NULL,NULL),(19832,7,3,'提升系统钳工包机日检（二）',1,'管理员',5,'提升系统钳工包机日检（二）','005','提升系统钳工包机日检（二）','2016-03-16 00:00:00','漏巡','1','漏巡','',NULL,NULL),(19833,8,2,'提升系统钳工包机日检（一）',1,'管理员',4,'提升系统钳工包机日检（一）','004','提升系统钳工包机日检（一）','2016-03-16 00:00:00','漏巡','1','漏巡','',NULL,NULL),(19834,30,6,'绞车运行日志及巡回检查记录',1,'管理员',7,'绞车运行日志及巡回检查记录','007','绞车运行日志及巡回检查记录','2016-03-16 00:00:00','漏巡','23','漏巡','',NULL,NULL),(19835,31,6,'绞车运行日志及巡回检查记录',1,'管理员',7,'绞车运行日志及巡回检查记录','007','绞车运行日志及巡回检查记录','2016-03-16 01:00:00','漏巡','24','漏巡','',NULL,NULL),(19836,4,6,'绞车运行日志及巡回检查记录',1,'管理员',7,'绞车运行日志及巡回检查记录','007','绞车运行日志及巡回检查记录','2016-03-16 02:00:00','漏巡','1','漏巡','',NULL,NULL),(19837,9,6,'绞车运行日志及巡回检查记录',1,'管理员',7,'绞车运行日志及巡回检查记录','007','绞车运行日志及巡回检查记录','2016-03-16 03:00:00','漏巡','2','漏巡','',NULL,NULL),(19838,10,6,'绞车运行日志及巡回检查记录',1,'管理员',7,'绞车运行日志及巡回检查记录','007','绞车运行日志及巡回检查记录','2016-03-16 04:00:00','漏巡','3','漏巡','',NULL,NULL),(19839,11,6,'绞车运行日志及巡回检查记录',1,'管理员',7,'绞车运行日志及巡回检查记录','007','绞车运行日志及巡回检查记录','2016-03-16 05:00:00','漏巡','4','漏巡','',NULL,NULL),(19840,15,6,'绞车运行日志及巡回检查记录',1,'管理员',7,'绞车运行日志及巡回检查记录','007','绞车运行日志及巡回检查记录','2016-03-16 09:00:00','漏巡','8','漏巡','',NULL,NULL),(19841,16,6,'绞车运行日志及巡回检查记录',1,'管理员',7,'绞车运行日志及巡回检查记录','007','绞车运行日志及巡回检查记录','2016-03-16 10:00:00','漏巡','9','漏巡','',NULL,NULL),(19842,23,6,'绞车运行日志及巡回检查记录',1,'管理员',7,'绞车运行日志及巡回检查记录','007','绞车运行日志及巡回检查记录','2016-03-16 17:00:00','漏巡','16','漏巡','',NULL,NULL),(19843,27,6,'绞车运行日志及巡回检查记录',1,'管理员',7,'绞车运行日志及巡回检查记录','007','绞车运行日志及巡回检查记录','2016-03-16 21:00:00','漏巡','20','漏巡','',NULL,NULL),(19844,28,6,'绞车运行日志及巡回检查记录',1,'管理员',7,'绞车运行日志及巡回检查记录','007','绞车运行日志及巡回检查记录','2016-03-16 22:00:00','漏巡','21','漏巡','',NULL,NULL),(19845,29,6,'绞车运行日志及巡回检查记录',1,'管理员',7,'绞车运行日志及巡回检查记录','007','绞车运行日志及巡回检查记录','2016-03-16 23:00:00','漏巡','22','漏巡','',NULL,NULL),(19846,1,7,'提升机安全保护装置检查试验记录',1,'管理员',2,'提升机安全保护装置','002','提升机安全保护装置','2016-03-17 00:00:00','漏巡','1','漏巡','',NULL,NULL),(19847,2,1,'多绳绞车钢丝绳查验记录',1,'管理员',1,'多绳绞车钢丝绳','001','多绳绞车钢丝绳','2016-03-17 00:00:00','漏巡','1','漏巡','',NULL,NULL),(19848,3,8,'车房电工定期维护检修记录',1,'管理员',8,'车房电工定期维护检修记录','008','车房电工定期维护检修记录','2016-03-17 00:00:00','漏巡','1','漏巡','',NULL,NULL),(19849,7,3,'提升系统钳工包机日检（二）',1,'管理员',5,'提升系统钳工包机日检（二）','005','提升系统钳工包机日检（二）','2016-03-17 00:00:00','漏巡','1','漏巡','',NULL,NULL),(19850,8,2,'提升系统钳工包机日检（一）',1,'管理员',4,'提升系统钳工包机日检（一）','004','提升系统钳工包机日检（一）','2016-03-17 00:00:00','漏巡','1','漏巡','',NULL,NULL),(19851,30,6,'绞车运行日志及巡回检查记录',1,'管理员',7,'绞车运行日志及巡回检查记录','007','绞车运行日志及巡回检查记录','2016-03-17 00:00:00','漏巡','23','漏巡','',NULL,NULL),(19852,31,6,'绞车运行日志及巡回检查记录',1,'管理员',7,'绞车运行日志及巡回检查记录','007','绞车运行日志及巡回检查记录','2016-03-17 01:00:00','漏巡','24','漏巡','',NULL,NULL),(19853,4,6,'绞车运行日志及巡回检查记录',1,'管理员',7,'绞车运行日志及巡回检查记录','007','绞车运行日志及巡回检查记录','2016-03-17 02:00:00','漏巡','1','漏巡','',NULL,NULL),(19854,9,6,'绞车运行日志及巡回检查记录',1,'管理员',7,'绞车运行日志及巡回检查记录','007','绞车运行日志及巡回检查记录','2016-03-17 03:00:00','漏巡','2','漏巡','',NULL,NULL),(19855,10,6,'绞车运行日志及巡回检查记录',1,'管理员',7,'绞车运行日志及巡回检查记录','007','绞车运行日志及巡回检查记录','2016-03-17 04:00:00','漏巡','3','漏巡','',NULL,NULL),(19856,25,6,'绞车运行日志及巡回检查记录',1,'管理员',7,'绞车运行日志及巡回检查记录','007','绞车运行日志及巡回检查记录','2016-03-17 19:00:00','漏巡','18','漏巡','',NULL,NULL),(19857,27,6,'绞车运行日志及巡回检查记录',1,'管理员',7,'绞车运行日志及巡回检查记录','007','绞车运行日志及巡回检查记录','2016-03-17 21:00:00','漏巡','20','漏巡','',NULL,NULL),(19858,27,6,'绞车运行日志及巡回检查记录',1,'管理员',7,'绞车运行日志及巡回检查记录','007','绞车运行日志及巡回检查记录','2016-03-17 21:00:00','漏巡','20','漏巡','',NULL,NULL),(19859,27,6,'绞车运行日志及巡回检查记录',1,'管理员',7,'绞车运行日志及巡回检查记录','007','绞车运行日志及巡回检查记录','2016-03-17 21:00:00','漏巡','20','漏巡','',NULL,NULL),(19860,1,7,'提升机安全保护装置检查试验记录',1,'管理员',2,'提升机安全保护装置','002','提升机安全保护装置','2016-03-18 00:00:00','漏巡','1','漏巡','',NULL,NULL),(19861,1,7,'提升机安全保护装置检查试验记录',1,'管理员',2,'提升机安全保护装置','002','提升机安全保护装置','2016-03-18 00:00:00','漏巡','1','漏巡','',NULL,NULL),(19862,2,1,'多绳绞车钢丝绳查验记录',1,'管理员',1,'多绳绞车钢丝绳','001','多绳绞车钢丝绳','2016-03-18 00:00:00','漏巡','1','漏巡','',NULL,NULL),(19863,2,1,'多绳绞车钢丝绳查验记录',1,'管理员',1,'多绳绞车钢丝绳','001','多绳绞车钢丝绳','2016-03-18 00:00:00','漏巡','1','漏巡','',NULL,NULL),(19864,3,8,'车房电工定期维护检修记录',1,'管理员',8,'车房电工定期维护检修记录','008','车房电工定期维护检修记录','2016-03-18 00:00:00','漏巡','1','漏巡','',NULL,NULL),(19865,3,8,'车房电工定期维护检修记录',1,'管理员',8,'车房电工定期维护检修记录','008','车房电工定期维护检修记录','2016-03-18 00:00:00','漏巡','1','漏巡','',NULL,NULL),(19866,7,3,'提升系统钳工包机日检（二）',1,'管理员',5,'提升系统钳工包机日检（二）','005','提升系统钳工包机日检（二）','2016-03-18 00:00:00','漏巡','1','漏巡','',NULL,NULL),(19867,7,3,'提升系统钳工包机日检（二）',1,'管理员',5,'提升系统钳工包机日检（二）','005','提升系统钳工包机日检（二）','2016-03-18 00:00:00','漏巡','1','漏巡','',NULL,NULL),(19868,8,2,'提升系统钳工包机日检（一）',1,'管理员',4,'提升系统钳工包机日检（一）','004','提升系统钳工包机日检（一）','2016-03-18 00:00:00','漏巡','1','漏巡','',NULL,NULL),(19869,8,2,'提升系统钳工包机日检（一）',1,'管理员',4,'提升系统钳工包机日检（一）','004','提升系统钳工包机日检（一）','2016-03-18 00:00:00','漏巡','1','漏巡','',NULL,NULL),(19870,30,6,'绞车运行日志及巡回检查记录',1,'管理员',7,'绞车运行日志及巡回检查记录','007','绞车运行日志及巡回检查记录','2016-03-18 00:00:00','漏巡','23','漏巡','',NULL,NULL),(19871,30,6,'绞车运行日志及巡回检查记录',1,'管理员',7,'绞车运行日志及巡回检查记录','007','绞车运行日志及巡回检查记录','2016-03-18 00:00:00','漏巡','23','漏巡','',NULL,NULL),(19872,1,7,'提升机安全保护装置检查试验记录',1,'管理员',2,'提升机安全保护装置','002','提升机安全保护装置','2016-03-19 23:49:22','准时','1','正常','',NULL,NULL),(19873,2,1,'多绳绞车钢丝绳查验记录',1,'管理员',1,'多绳绞车钢丝绳','001','多绳绞车钢丝绳','2016-03-19 00:00:00','漏巡','1','漏巡','',NULL,NULL),(19874,3,8,'车房电工定期维护检修记录',1,'管理员',8,'车房电工定期维护检修记录','008','车房电工定期维护检修记录','2016-03-19 00:00:00','漏巡','1','漏巡','',NULL,NULL),(19875,7,3,'提升系统钳工包机日检（二）',1,'管理员',5,'提升系统钳工包机日检（二）','005','提升系统钳工包机日检（二）','2016-03-19 00:00:00','漏巡','1','漏巡','',NULL,NULL),(19876,8,2,'提升系统钳工包机日检（一）',1,'管理员',4,'提升系统钳工包机日检（一）','004','提升系统钳工包机日检（一）','2016-03-19 00:00:00','漏巡','1','漏巡','',NULL,NULL),(19877,16,6,'绞车运行日志及巡回检查记录',1,'管理员',7,'绞车运行日志及巡回检查记录','007','绞车运行日志及巡回检查记录','2016-03-19 10:00:00','漏巡','9','漏巡','',NULL,NULL),(19878,17,6,'绞车运行日志及巡回检查记录',1,'管理员',7,'绞车运行日志及巡回检查记录','007','绞车运行日志及巡回检查记录','2016-03-19 11:00:00','漏巡','10','漏巡','',NULL,NULL),(19879,17,6,'绞车运行日志及巡回检查记录',1,'管理员',7,'绞车运行日志及巡回检查记录','007','绞车运行日志及巡回检查记录','2016-03-19 11:00:00','漏巡','10','漏巡','',NULL,NULL),(19880,18,6,'绞车运行日志及巡回检查记录',1,'管理员',7,'绞车运行日志及巡回检查记录','007','绞车运行日志及巡回检查记录','2016-03-19 12:00:00','漏巡','11','漏巡','',NULL,NULL),(19881,18,6,'绞车运行日志及巡回检查记录',1,'管理员',7,'绞车运行日志及巡回检查记录','007','绞车运行日志及巡回检查记录','2016-03-19 12:00:00','漏巡','11','漏巡','',NULL,NULL),(19882,19,6,'绞车运行日志及巡回检查记录',1,'管理员',7,'绞车运行日志及巡回检查记录','007','绞车运行日志及巡回检查记录','2016-03-19 13:00:00','漏巡','12','漏巡','',NULL,NULL),(19883,20,6,'绞车运行日志及巡回检查记录',1,'管理员',7,'绞车运行日志及巡回检查记录','007','绞车运行日志及巡回检查记录','2016-03-19 14:00:00','漏巡','13','漏巡','',NULL,NULL),(19884,21,6,'绞车运行日志及巡回检查记录',1,'管理员',7,'绞车运行日志及巡回检查记录','007','绞车运行日志及巡回检查记录','2016-03-19 15:00:00','漏巡','14','漏巡','',NULL,NULL),(19885,22,6,'绞车运行日志及巡回检查记录',1,'管理员',7,'绞车运行日志及巡回检查记录','007','绞车运行日志及巡回检查记录','2016-03-19 16:00:00','漏巡','15','漏巡','',NULL,NULL),(19886,23,6,'绞车运行日志及巡回检查记录',1,'管理员',7,'绞车运行日志及巡回检查记录','007','绞车运行日志及巡回检查记录','2016-03-19 17:00:00','漏巡','16','漏巡','',NULL,NULL),(19887,23,6,'绞车运行日志及巡回检查记录',1,'管理员',7,'绞车运行日志及巡回检查记录','007','绞车运行日志及巡回检查记录','2016-03-19 17:00:00','漏巡','16','漏巡','',NULL,NULL),(19888,24,6,'绞车运行日志及巡回检查记录',1,'管理员',7,'绞车运行日志及巡回检查记录','007','绞车运行日志及巡回检查记录','2016-03-19 18:00:00','漏巡','17','漏巡','',NULL,NULL),(19889,24,6,'绞车运行日志及巡回检查记录',1,'管理员',7,'绞车运行日志及巡回检查记录','007','绞车运行日志及巡回检查记录','2016-03-19 18:00:00','漏巡','17','漏巡','',NULL,NULL),(19890,25,6,'绞车运行日志及巡回检查记录',1,'管理员',7,'绞车运行日志及巡回检查记录','007','绞车运行日志及巡回检查记录','2016-03-19 19:00:00','漏巡','18','漏巡','',NULL,NULL),(19891,25,6,'绞车运行日志及巡回检查记录',1,'管理员',7,'绞车运行日志及巡回检查记录','007','绞车运行日志及巡回检查记录','2016-03-19 19:00:00','漏巡','18','漏巡','',NULL,NULL),(19892,26,6,'绞车运行日志及巡回检查记录',1,'管理员',7,'绞车运行日志及巡回检查记录','007','绞车运行日志及巡回检查记录','2016-03-19 20:00:00','漏巡','19','漏巡','',NULL,NULL),(19893,26,6,'绞车运行日志及巡回检查记录',1,'管理员',7,'绞车运行日志及巡回检查记录','007','绞车运行日志及巡回检查记录','2016-03-19 20:00:00','漏巡','19','漏巡','',NULL,NULL),(19894,27,6,'绞车运行日志及巡回检查记录',1,'管理员',7,'绞车运行日志及巡回检查记录','007','绞车运行日志及巡回检查记录','2016-03-19 21:00:00','漏巡','20','漏巡','',NULL,NULL),(19895,27,6,'绞车运行日志及巡回检查记录',1,'管理员',7,'绞车运行日志及巡回检查记录','007','绞车运行日志及巡回检查记录','2016-03-19 21:00:00','漏巡','20','漏巡','',NULL,NULL),(19896,28,6,'绞车运行日志及巡回检查记录',1,'管理员',7,'绞车运行日志及巡回检查记录','007','绞车运行日志及巡回检查记录','2016-03-19 22:00:00','漏巡','21','漏巡','',NULL,NULL),(19897,29,6,'绞车运行日志及巡回检查记录',1,'管理员',7,'绞车运行日志及巡回检查记录','007','绞车运行日志及巡回检查记录','2016-03-19 23:00:00','漏巡','22','漏巡','',NULL,NULL),(19898,1,7,'提升机安全保护装置检查试验记录',1,'管理员',2,'提升机安全保护装置','002','提升机安全保护装置','2016-03-20 00:28:51','准时','1','正常','',NULL,NULL),(19899,2,1,'多绳绞车钢丝绳查验记录',1,'管理员',1,'多绳绞车钢丝绳','001','多绳绞车钢丝绳','2016-03-20 00:00:00','漏巡','1','漏巡','',NULL,NULL),(19900,3,8,'车房电工定期维护检修记录',1,'管理员',8,'车房电工定期维护检修记录','008','车房电工定期维护检修记录','2016-03-20 00:00:00','漏巡','1','漏巡','',NULL,NULL),(19901,7,3,'提升系统钳工包机日检（二）',1,'管理员',5,'提升系统钳工包机日检（二）','005','提升系统钳工包机日检（二）','2016-03-20 00:00:00','漏巡','1','漏巡','',NULL,NULL),(19902,8,2,'提升系统钳工包机日检（一）',1,'管理员',4,'提升系统钳工包机日检（一）','004','提升系统钳工包机日检（一）','2016-03-20 00:00:00','漏巡','1','漏巡','',NULL,NULL),(19903,30,6,'绞车运行日志及巡回检查记录',1,'管理员',7,'绞车运行日志及巡回检查记录','007','绞车运行日志及巡回检查记录','2016-03-20 00:00:00','漏巡','23','漏巡','',NULL,NULL),(19904,1,7,'提升机安全保护装置检查试验记录',1,'管理员',1,'多绳绞车钢丝绳','001','多绳绞车钢丝绳','2016-03-20 00:29:02','准时','1','正常','',NULL,NULL),(19905,1,7,'提升机安全保护装置检查试验记录',1,'管理员',6,'提升系统钳工周检','006','提升系统钳工周检','2016-03-20 00:00:00','漏巡','1','漏巡','',NULL,NULL),(19906,1,7,'提升机安全保护装置检查试验记录',1,'管理员',7,'绞车运行日志及巡回检查记录','007','绞车运行日志及巡回检查记录','2016-03-20 00:00:00','漏巡','1','漏巡','',NULL,NULL),(19907,1,7,'提升机安全保护装置检查试验记录',1,'管理员',8,'车房电工定期维护检修记录','008','车房电工定期维护检修记录','2016-03-20 00:00:00','漏巡','1','漏巡','',NULL,NULL),(19908,1,7,'提升机安全保护装置检查试验记录',1,'管理员',3,'提升系统起重工周检','003','提升系统起重工周检','2016-03-20 00:00:00','漏巡','1','漏巡','',NULL,NULL),(19909,1,7,'提升机安全保护装置检查试验记录',1,'管理员',4,'提升系统钳工包机日检（一）','004','提升系统钳工包机日检（一）','2016-03-20 00:00:00','漏巡','1','漏巡','',NULL,NULL),(19910,1,7,'提升机安全保护装置检查试验记录',1,'管理员',5,'提升系统钳工包机日检（二）','005','提升系统钳工包机日检（二）','2016-03-20 00:00:00','漏巡','1','漏巡','',NULL,NULL),(19911,31,6,'绞车运行日志及巡回检查记录',1,'管理员',7,'绞车运行日志及巡回检查记录','007','绞车运行日志及巡回检查记录','2016-03-20 01:00:00','漏巡','24','漏巡','',NULL,NULL),(19912,4,6,'绞车运行日志及巡回检查记录',1,'管理员',7,'绞车运行日志及巡回检查记录','007','绞车运行日志及巡回检查记录','2016-03-20 02:00:00','漏巡','1','漏巡','',NULL,NULL),(19913,9,6,'绞车运行日志及巡回检查记录',1,'管理员',7,'绞车运行日志及巡回检查记录','007','绞车运行日志及巡回检查记录','2016-03-20 03:00:00','漏巡','2','漏巡','',NULL,NULL),(19914,10,6,'绞车运行日志及巡回检查记录',1,'管理员',7,'绞车运行日志及巡回检查记录','007','绞车运行日志及巡回检查记录','2016-03-20 04:00:00','漏巡','3','漏巡','',NULL,NULL),(19915,11,6,'绞车运行日志及巡回检查记录',1,'管理员',7,'绞车运行日志及巡回检查记录','007','绞车运行日志及巡回检查记录','2016-03-20 05:00:00','漏巡','4','漏巡','',NULL,NULL),(19916,12,6,'绞车运行日志及巡回检查记录',1,'管理员',7,'绞车运行日志及巡回检查记录','007','绞车运行日志及巡回检查记录','2016-03-20 06:00:00','漏巡','5','漏巡','',NULL,NULL),(19917,13,6,'绞车运行日志及巡回检查记录',1,'管理员',7,'绞车运行日志及巡回检查记录','007','绞车运行日志及巡回检查记录','2016-03-20 07:00:00','漏巡','6','漏巡','',NULL,NULL),(19918,1,7,'提升机安全保护装置检查试验记录',1,'管理员',6,'提升系统钳工周检','006','提升系统钳工周检','2016-03-22 00:00:00','漏巡','1','漏巡','',NULL,NULL),(19919,1,7,'提升机安全保护装置检查试验记录',1,'管理员',7,'绞车运行日志及巡回检查记录','007','绞车运行日志及巡回检查记录','2016-03-22 00:00:00','漏巡','1','漏巡','',NULL,NULL),(19920,1,7,'提升机安全保护装置检查试验记录',1,'管理员',8,'车房电工定期维护检修记录','008','车房电工定期维护检修记录','2016-03-22 00:00:00','漏巡','1','漏巡','',NULL,NULL),(19921,1,7,'提升机安全保护装置检查试验记录',1,'管理员',2,'提升机安全保护装置','002','提升机安全保护装置','2016-03-22 00:00:00','漏巡','1','漏巡','',NULL,NULL),(19922,1,7,'提升机安全保护装置检查试验记录',1,'管理员',3,'提升系统起重工周检','003','提升系统起重工周检','2016-03-22 00:00:00','漏巡','1','漏巡','',NULL,NULL),(19923,1,7,'提升机安全保护装置检查试验记录',1,'管理员',4,'提升系统钳工包机日检（一）','004','提升系统钳工包机日检（一）','2016-03-22 00:00:00','漏巡','1','漏巡','',NULL,NULL),(19924,1,7,'提升机安全保护装置检查试验记录',1,'管理员',5,'提升系统钳工包机日检（二）','005','提升系统钳工包机日检（二）','2016-03-22 00:00:00','漏巡','1','漏巡','',NULL,NULL),(19925,1,7,'提升机安全保护装置检查试验记录',1,'管理员',1,'多绳绞车钢丝绳','001','多绳绞车钢丝绳','2016-03-22 00:00:00','漏巡','1','漏巡','',NULL,NULL),(19926,2,1,'多绳绞车钢丝绳查验记录',1,'管理员',1,'多绳绞车钢丝绳','001','多绳绞车钢丝绳','2016-03-22 00:00:00','漏巡','1','漏巡','',NULL,NULL),(19927,3,8,'车房电工定期维护检修记录',1,'管理员',8,'车房电工定期维护检修记录','008','车房电工定期维护检修记录','2016-03-22 20:36:05','准时','1','正常','',NULL,NULL),(19928,5,5,'提升系统起重工周检',1,'管理员',3,'提升系统起重工周检','003','提升系统起重工周检','2016-03-21 00:00:00','漏巡','1','漏巡','',NULL,NULL),(19929,6,4,'提升系统钳工周检',1,'管理员',6,'提升系统钳工周检','006','提升系统钳工周检','2016-03-21 00:00:00','漏巡','1','漏巡','',NULL,NULL),(19930,7,3,'提升系统钳工包机日检（二）',1,'管理员',5,'提升系统钳工包机日检（二）','005','提升系统钳工包机日检（二）','2016-03-22 00:00:00','漏巡','1','漏巡','',NULL,NULL),(19931,8,2,'提升系统钳工包机日检（一）',1,'管理员',4,'提升系统钳工包机日检（一）','004','提升系统钳工包机日检（一）','2016-03-22 00:00:00','漏巡','1','漏巡','',NULL,NULL),(19932,25,6,'绞车运行日志及巡回检查记录',1,'管理员',7,'绞车运行日志及巡回检查记录','007','绞车运行日志及巡回检查记录','2016-03-22 19:00:00','漏巡','18','漏巡','',NULL,NULL),(19933,26,6,'绞车运行日志及巡回检查记录',1,'管理员',7,'绞车运行日志及巡回检查记录','007','绞车运行日志及巡回检查记录','2016-03-22 20:00:00','漏巡','19','漏巡','',NULL,NULL),(19934,27,6,'绞车运行日志及巡回检查记录',1,'管理员',7,'绞车运行日志及巡回检查记录','007','绞车运行日志及巡回检查记录','2016-03-22 21:00:00','漏巡','20','漏巡','',NULL,NULL),(19935,27,6,'绞车运行日志及巡回检查记录',1,'管理员',7,'绞车运行日志及巡回检查记录','007','绞车运行日志及巡回检查记录','2016-03-22 21:00:00','漏巡','20','漏巡','',NULL,NULL),(19936,28,6,'绞车运行日志及巡回检查记录',1,'管理员',7,'绞车运行日志及巡回检查记录','007','绞车运行日志及巡回检查记录','2016-03-22 22:00:00','漏巡','21','漏巡','',NULL,NULL),(19937,29,6,'绞车运行日志及巡回检查记录',1,'管理员',7,'绞车运行日志及巡回检查记录','007','绞车运行日志及巡回检查记录','2016-03-22 23:00:00','漏巡','22','漏巡','',NULL,NULL),(19938,1,7,'提升机安全保护装置检查试验记录',1,'管理员',6,'提升系统钳工周检','006','提升系统钳工周检','2016-03-23 00:00:00','漏巡','1','漏巡','',NULL,NULL),(19939,1,7,'提升机安全保护装置检查试验记录',1,'管理员',7,'绞车运行日志及巡回检查记录','007','绞车运行日志及巡回检查记录','2016-03-23 00:00:00','漏巡','1','漏巡','',NULL,NULL),(19940,1,7,'提升机安全保护装置检查试验记录',1,'管理员',8,'车房电工定期维护检修记录','008','车房电工定期维护检修记录','2016-03-23 00:00:00','漏巡','1','漏巡','',NULL,NULL),(19941,1,7,'提升机安全保护装置检查试验记录',1,'管理员',2,'提升机安全保护装置','002','提升机安全保护装置','2016-03-23 00:00:00','漏巡','1','漏巡','',NULL,NULL),(19942,1,7,'提升机安全保护装置检查试验记录',1,'管理员',6,'提升系统钳工周检','006','提升系统钳工周检','2016-03-23 00:00:00','漏巡','1','漏巡','',NULL,NULL),(19943,1,7,'提升机安全保护装置检查试验记录',1,'管理员',3,'提升系统起重工周检','003','提升系统起重工周检','2016-03-23 00:00:00','漏巡','1','漏巡','',NULL,NULL),(19944,1,7,'提升机安全保护装置检查试验记录',1,'管理员',4,'提升系统钳工包机日检（一）','004','提升系统钳工包机日检（一）','2016-03-23 00:00:00','漏巡','1','漏巡','',NULL,NULL),(19945,1,7,'提升机安全保护装置检查试验记录',1,'管理员',5,'提升系统钳工包机日检（二）','005','提升系统钳工包机日检（二）','2016-03-23 08:47:29','准时','1','正常','',NULL,NULL),(19946,1,7,'提升机安全保护装置检查试验记录',1,'管理员',1,'多绳绞车钢丝绳','001','多绳绞车钢丝绳','2016-03-23 08:54:07','准时','1','正常','',NULL,NULL),(19947,2,1,'多绳绞车钢丝绳查验记录',1,'管理员',1,'多绳绞车钢丝绳','001','多绳绞车钢丝绳','2016-03-23 00:00:00','漏巡','1','漏巡','',NULL,NULL),(19948,3,8,'车房电工定期维护检修记录',1,'管理员',8,'车房电工定期维护检修记录','008','车房电工定期维护检修记录','2016-03-23 00:00:00','漏巡','1','漏巡','',NULL,NULL),(19949,7,3,'提升系统钳工包机日检（二）',1,'管理员',5,'提升系统钳工包机日检（二）','005','提升系统钳工包机日检（二）','2016-03-23 00:00:00','漏巡','1','漏巡','',NULL,NULL),(19950,8,2,'提升系统钳工包机日检（一）',1,'管理员',4,'提升系统钳工包机日检（一）','004','提升系统钳工包机日检（一）','2016-03-23 00:00:00','漏巡','1','漏巡','',NULL,NULL),(19951,30,6,'绞车运行日志及巡回检查记录',1,'管理员',7,'绞车运行日志及巡回检查记录','007','绞车运行日志及巡回检查记录','2016-03-23 00:00:00','漏巡','23','漏巡','',NULL,NULL),(19952,31,6,'绞车运行日志及巡回检查记录',1,'管理员',7,'绞车运行日志及巡回检查记录','007','绞车运行日志及巡回检查记录','2016-03-23 01:00:00','漏巡','24','漏巡','',NULL,NULL),(19953,4,6,'绞车运行日志及巡回检查记录',1,'管理员',7,'绞车运行日志及巡回检查记录','007','绞车运行日志及巡回检查记录','2016-03-23 02:00:00','漏巡','1','漏巡','',NULL,NULL),(19954,10,6,'绞车运行日志及巡回检查记录',1,'管理员',7,'绞车运行日志及巡回检查记录','007','绞车运行日志及巡回检查记录','2016-03-23 04:00:00','漏巡','3','漏巡','',NULL,NULL),(19955,10,6,'绞车运行日志及巡回检查记录',1,'管理员',7,'绞车运行日志及巡回检查记录','007','绞车运行日志及巡回检查记录','2016-03-23 04:00:00','漏巡','3','漏巡','',NULL,NULL),(19956,11,6,'绞车运行日志及巡回检查记录',1,'管理员',7,'绞车运行日志及巡回检查记录','007','绞车运行日志及巡回检查记录','2016-03-23 05:00:00','漏巡','4','漏巡','',NULL,NULL),(19957,11,6,'绞车运行日志及巡回检查记录',1,'管理员',7,'绞车运行日志及巡回检查记录','007','绞车运行日志及巡回检查记录','2016-03-23 05:00:00','漏巡','4','漏巡','',NULL,NULL),(19958,12,6,'绞车运行日志及巡回检查记录',1,'管理员',7,'绞车运行日志及巡回检查记录','007','绞车运行日志及巡回检查记录','2016-03-23 06:00:00','漏巡','5','漏巡','',NULL,NULL),(19959,12,6,'绞车运行日志及巡回检查记录',1,'管理员',7,'绞车运行日志及巡回检查记录','007','绞车运行日志及巡回检查记录','2016-03-23 06:00:00','漏巡','5','漏巡','',NULL,NULL),(19960,13,6,'绞车运行日志及巡回检查记录',1,'管理员',7,'绞车运行日志及巡回检查记录','007','绞车运行日志及巡回检查记录','2016-03-23 07:00:00','漏巡','6','漏巡','',NULL,NULL),(19961,13,6,'绞车运行日志及巡回检查记录',1,'管理员',7,'绞车运行日志及巡回检查记录','007','绞车运行日志及巡回检查记录','2016-03-23 07:00:00','漏巡','6','漏巡','',NULL,NULL),(19962,14,6,'绞车运行日志及巡回检查记录',1,'管理员',7,'绞车运行日志及巡回检查记录','007','绞车运行日志及巡回检查记录','2016-03-23 08:00:00','漏巡','7','漏巡','',NULL,NULL),(19963,14,6,'绞车运行日志及巡回检查记录',1,'管理员',7,'绞车运行日志及巡回检查记录','007','绞车运行日志及巡回检查记录','2016-03-23 08:00:00','漏巡','7','漏巡','',NULL,NULL),(19964,15,6,'绞车运行日志及巡回检查记录',1,'管理员',7,'绞车运行日志及巡回检查记录','007','绞车运行日志及巡回检查记录','2016-03-23 09:00:00','漏巡','8','漏巡','',NULL,NULL),(19965,16,6,'绞车运行日志及巡回检查记录',1,'管理员',7,'绞车运行日志及巡回检查记录','007','绞车运行日志及巡回检查记录','2016-03-23 10:00:00','漏巡','9','漏巡','',NULL,NULL),(19966,8,2,'提升系统钳工包机日检（一）',1,'管理员',2,'提升机安全保护装置','002','提升机安全保护装置','2016-03-23 00:00:00','漏巡','1','漏巡','',NULL,NULL),(19967,8,2,'提升系统钳工包机日检（一）',1,'管理员',5,'提升系统钳工包机日检（二）','005','提升系统钳工包机日检（二）','2016-03-23 00:00:00','漏巡','1','漏巡','',NULL,NULL),(19968,8,2,'提升系统钳工包机日检（一）',1,'管理员',5,'提升系统钳工包机日检（二）','005','提升系统钳工包机日检（二）','2016-03-23 00:00:00','漏巡','1','漏巡','',NULL,NULL),(19969,17,6,'绞车运行日志及巡回检查记录',1,'管理员',7,'绞车运行日志及巡回检查记录','007','绞车运行日志及巡回检查记录','2016-03-23 11:00:00','漏巡','10','漏巡','',NULL,NULL),(19970,17,6,'绞车运行日志及巡回检查记录',1,'管理员',7,'绞车运行日志及巡回检查记录','007','绞车运行日志及巡回检查记录','2016-03-23 11:00:00','漏巡','10','漏巡','',NULL,NULL),(19971,25,6,'绞车运行日志及巡回检查记录',1,'管理员',7,'绞车运行日志及巡回检查记录','007','绞车运行日志及巡回检查记录','2016-03-23 19:00:00','漏巡','18','漏巡','',NULL,NULL),(19972,26,6,'绞车运行日志及巡回检查记录',1,'管理员',7,'绞车运行日志及巡回检查记录','007','绞车运行日志及巡回检查记录','2016-03-23 20:00:00','漏巡','19','漏巡','',NULL,NULL),(19973,1,7,'提升机安全保护装置检查试验记录',1,'管理员',6,'提升系统钳工周检','006','提升系统钳工周检','2016-03-24 00:00:00','漏巡','1','漏巡','',NULL,NULL),(19974,1,7,'提升机安全保护装置检查试验记录',1,'管理员',6,'提升系统钳工周检','006','提升系统钳工周检','2016-03-24 00:00:00','漏巡','1','漏巡','',NULL,NULL),(19975,1,7,'提升机安全保护装置检查试验记录',1,'管理员',7,'绞车运行日志及巡回检查记录','007','绞车运行日志及巡回检查记录','2016-03-24 00:00:00','漏巡','1','漏巡','',NULL,NULL),(19976,1,7,'提升机安全保护装置检查试验记录',1,'管理员',8,'车房电工定期维护检修记录','008','车房电工定期维护检修记录','2016-03-24 00:00:00','漏巡','1','漏巡','',NULL,NULL),(19977,1,7,'提升机安全保护装置检查试验记录',1,'管理员',2,'提升机安全保护装置','002','提升机安全保护装置','2016-03-24 00:00:00','漏巡','1','漏巡','',NULL,NULL),(19978,1,7,'提升机安全保护装置检查试验记录',1,'管理员',3,'提升系统起重工周检','003','提升系统起重工周检','2016-03-24 00:00:00','漏巡','1','漏巡','',NULL,NULL),(19979,1,7,'提升机安全保护装置检查试验记录',1,'管理员',4,'提升系统钳工包机日检（一）','004','提升系统钳工包机日检（一）','2016-03-24 00:00:00','漏巡','1','漏巡','',NULL,NULL),(19980,1,7,'提升机安全保护装置检查试验记录',1,'管理员',5,'提升系统钳工包机日检（二）','005','提升系统钳工包机日检（二）','2016-03-24 00:00:00','漏巡','1','漏巡','',NULL,NULL),(19981,1,7,'提升机安全保护装置检查试验记录',1,'管理员',1,'多绳绞车钢丝绳','001','多绳绞车钢丝绳','2016-03-24 00:00:00','漏巡','1','漏巡','',NULL,NULL),(19982,2,1,'多绳绞车钢丝绳查验记录',1,'管理员',1,'多绳绞车钢丝绳','001','多绳绞车钢丝绳','2016-03-24 00:00:00','漏巡','1','漏巡','',NULL,NULL),(19983,3,8,'车房电工定期维护检修记录',1,'管理员',8,'车房电工定期维护检修记录','008','车房电工定期维护检修记录','2016-03-24 00:00:00','漏巡','1','漏巡','',NULL,NULL),(19984,7,3,'提升系统钳工包机日检（二）',1,'管理员',5,'提升系统钳工包机日检（二）','005','提升系统钳工包机日检（二）','2016-03-24 00:00:00','漏巡','1','漏巡','',NULL,NULL),(19985,8,2,'提升系统钳工包机日检（一）',1,'管理员',2,'提升机安全保护装置','002','提升机安全保护装置','2016-03-24 00:00:00','漏巡','1','漏巡','',NULL,NULL),(19986,8,2,'提升系统钳工包机日检（一）',1,'管理员',4,'提升系统钳工包机日检（一）','004','提升系统钳工包机日检（一）','2016-03-24 00:00:00','漏巡','1','漏巡','',NULL,NULL),(19987,8,2,'提升系统钳工包机日检（一）',1,'管理员',4,'提升系统钳工包机日检（一）','004','提升系统钳工包机日检（一）','2016-03-24 00:00:00','漏巡','1','漏巡','',NULL,NULL),(19988,8,2,'提升系统钳工包机日检（一）',1,'管理员',5,'提升系统钳工包机日检（二）','005','提升系统钳工包机日检（二）','2016-03-24 00:00:00','漏巡','1','漏巡','',NULL,NULL),(19989,8,2,'提升系统钳工包机日检（一）',1,'管理员',5,'提升系统钳工包机日检（二）','005','提升系统钳工包机日检（二）','2016-03-24 00:00:00','漏巡','1','漏巡','',NULL,NULL),(19990,14,6,'绞车运行日志及巡回检查记录',1,'管理员',7,'绞车运行日志及巡回检查记录','007','绞车运行日志及巡回检查记录','2016-03-24 08:00:00','漏巡','7','漏巡','',NULL,NULL),(19991,14,6,'绞车运行日志及巡回检查记录',1,'管理员',7,'绞车运行日志及巡回检查记录','007','绞车运行日志及巡回检查记录','2016-03-24 08:00:00','漏巡','7','漏巡','',NULL,NULL),(19992,15,6,'绞车运行日志及巡回检查记录',1,'管理员',7,'绞车运行日志及巡回检查记录','007','绞车运行日志及巡回检查记录','2016-03-24 09:00:00','漏巡','8','漏巡','',NULL,NULL),(19993,1,7,'提升机安全保护装置检查试验记录',1,'管理员',6,'提升系统钳工周检','006','提升系统钳工周检','2016-04-19 00:00:00','漏巡','1','漏巡','',NULL,NULL),(19994,1,7,'提升机安全保护装置检查试验记录',1,'管理员',7,'绞车运行日志及巡回检查记录','007','绞车运行日志及巡回检查记录','2016-04-19 00:00:00','漏巡','1','漏巡','',NULL,NULL),(19995,1,7,'提升机安全保护装置检查试验记录',1,'管理员',8,'车房电工定期维护检修记录','008','车房电工定期维护检修记录','2016-04-19 00:00:00','漏巡','1','漏巡','',NULL,NULL),(19996,1,7,'提升机安全保护装置检查试验记录',1,'管理员',2,'提升机安全保护装置','002','提升机安全保护装置','2016-04-19 00:00:00','漏巡','1','漏巡','',NULL,NULL),(19997,1,7,'提升机安全保护装置检查试验记录',1,'管理员',3,'提升系统起重工周检','003','提升系统起重工周检','2016-04-19 00:00:00','漏巡','1','漏巡','',NULL,NULL),(19998,1,7,'提升机安全保护装置检查试验记录',1,'管理员',4,'提升系统钳工包机日检（一）','004','提升系统钳工包机日检（一）','2016-04-19 00:00:00','漏巡','1','漏巡','',NULL,NULL),(19999,1,7,'提升机安全保护装置检查试验记录',1,'管理员',5,'提升系统钳工包机日检（二）','005','提升系统钳工包机日检（二）','2016-04-19 00:00:00','漏巡','1','漏巡','',NULL,NULL),(20000,1,7,'提升机安全保护装置检查试验记录',1,'管理员',1,'多绳绞车钢丝绳','001','多绳绞车钢丝绳','2016-04-19 00:00:00','漏巡','1','漏巡','',NULL,NULL),(20001,2,1,'多绳绞车钢丝绳查验记录',1,'管理员',1,'多绳绞车钢丝绳','001','多绳绞车钢丝绳','2016-04-19 00:00:00','漏巡','1','漏巡','',NULL,NULL),(20002,3,8,'车房电工定期维护检修记录',1,'管理员',8,'车房电工定期维护检修记录','008','车房电工定期维护检修记录','2016-04-19 00:00:00','漏巡','1','漏巡','',NULL,NULL),(20003,5,5,'提升系统起重工周检',1,'管理员',3,'提升系统起重工周检','003','提升系统起重工周检','2016-04-18 00:00:00','漏巡','1','漏巡','',NULL,NULL),(20004,6,4,'提升系统钳工周检',1,'管理员',6,'提升系统钳工周检','006','提升系统钳工周检','2016-04-18 00:00:00','漏巡','1','漏巡','',NULL,NULL),(20005,7,3,'提升系统钳工包机日检（二）',1,'管理员',5,'提升系统钳工包机日检（二）','005','提升系统钳工包机日检（二）','2016-04-19 00:00:00','漏巡','1','漏巡','',NULL,NULL),(20006,8,2,'提升系统钳工包机日检（一）',1,'管理员',2,'提升机安全保护装置','002','提升机安全保护装置','2016-04-19 00:00:00','漏巡','1','漏巡','',NULL,NULL),(20007,8,2,'提升系统钳工包机日检（一）',1,'管理员',4,'提升系统钳工包机日检（一）','004','提升系统钳工包机日检（一）','2016-04-19 00:00:00','漏巡','1','漏巡','',NULL,NULL),(20008,8,2,'提升系统钳工包机日检（一）',1,'管理员',5,'提升系统钳工包机日检（二）','005','提升系统钳工包机日检（二）','2016-04-19 00:00:00','漏巡','1','漏巡','',NULL,NULL),(20009,27,6,'绞车运行日志及巡回检查记录',1,'管理员',7,'绞车运行日志及巡回检查记录','007','绞车运行日志及巡回检查记录','2016-04-19 21:00:00','漏巡','20','漏巡','',NULL,NULL),(20010,28,6,'绞车运行日志及巡回检查记录',1,'管理员',7,'绞车运行日志及巡回检查记录','007','绞车运行日志及巡回检查记录','2016-04-19 22:00:00','漏巡','21','漏巡','',NULL,NULL),(20011,1,7,'提升机安全保护装置检查试验记录',1,'管理员',6,'提升系统钳工周检','006','提升系统钳工周检','2016-04-20 00:00:00','漏巡','1','漏巡','',NULL,NULL),(20012,1,7,'提升机安全保护装置检查试验记录',1,'管理员',7,'绞车运行日志及巡回检查记录','007','绞车运行日志及巡回检查记录','2016-04-20 00:00:00','漏巡','1','漏巡','',NULL,NULL),(20013,1,7,'提升机安全保护装置检查试验记录',1,'管理员',7,'绞车运行日志及巡回检查记录','007','绞车运行日志及巡回检查记录','2016-04-20 00:00:00','漏巡','1','漏巡','',NULL,NULL),(20014,1,7,'提升机安全保护装置检查试验记录',1,'管理员',8,'车房电工定期维护检修记录','008','车房电工定期维护检修记录','2016-04-20 00:00:00','漏巡','1','漏巡','',NULL,NULL),(20015,1,7,'提升机安全保护装置检查试验记录',1,'管理员',2,'提升机安全保护装置','002','提升机安全保护装置','2016-04-20 00:00:00','漏巡','1','漏巡','',NULL,NULL),(20016,1,7,'提升机安全保护装置检查试验记录',1,'管理员',3,'提升系统起重工周检','003','提升系统起重工周检','2016-04-20 00:00:00','漏巡','1','漏巡','',NULL,NULL),(20017,1,7,'提升机安全保护装置检查试验记录',1,'管理员',4,'提升系统钳工包机日检（一）','004','提升系统钳工包机日检（一）','2016-04-20 00:00:00','漏巡','1','漏巡','',NULL,NULL),(20018,1,7,'提升机安全保护装置检查试验记录',1,'管理员',5,'提升系统钳工包机日检（二）','005','提升系统钳工包机日检（二）','2016-04-20 00:00:00','漏巡','1','漏巡','',NULL,NULL),(20019,1,7,'提升机安全保护装置检查试验记录',1,'管理员',1,'多绳绞车钢丝绳','001','多绳绞车钢丝绳','2016-04-20 00:00:00','漏巡','1','漏巡','',NULL,NULL),(20020,2,1,'多绳绞车钢丝绳查验记录',1,'管理员',1,'多绳绞车钢丝绳','001','多绳绞车钢丝绳','2016-04-20 00:00:00','漏巡','1','漏巡','',NULL,NULL),(20021,3,8,'车房电工定期维护检修记录',1,'管理员',8,'车房电工定期维护检修记录','008','车房电工定期维护检修记录','2016-04-20 00:00:00','漏巡','1','漏巡','',NULL,NULL),(20022,7,3,'提升系统钳工包机日检（二）',1,'管理员',5,'提升系统钳工包机日检（二）','005','提升系统钳工包机日检（二）','2016-04-20 00:00:00','漏巡','1','漏巡','',NULL,NULL),(20023,8,2,'提升系统钳工包机日检（一）',1,'管理员',2,'提升机安全保护装置','002','提升机安全保护装置','2016-04-20 00:00:00','漏巡','1','漏巡','',NULL,NULL),(20024,8,2,'提升系统钳工包机日检（一）',1,'管理员',4,'提升系统钳工包机日检（一）','004','提升系统钳工包机日检（一）','2016-04-20 00:00:00','漏巡','1','漏巡','',NULL,NULL),(20025,8,2,'提升系统钳工包机日检（一）',1,'管理员',5,'提升系统钳工包机日检（二）','005','提升系统钳工包机日检（二）','2016-04-20 00:00:00','漏巡','1','漏巡','',NULL,NULL),(20026,30,6,'绞车运行日志及巡回检查记录',1,'管理员',7,'绞车运行日志及巡回检查记录','007','绞车运行日志及巡回检查记录','2016-04-20 00:00:00','漏巡','23','漏巡','',NULL,NULL),(20027,31,6,'绞车运行日志及巡回检查记录',1,'管理员',7,'绞车运行日志及巡回检查记录','007','绞车运行日志及巡回检查记录','2016-04-20 01:00:00','漏巡','24','漏巡','',NULL,NULL),(20028,31,6,'绞车运行日志及巡回检查记录',1,'管理员',7,'绞车运行日志及巡回检查记录','007','绞车运行日志及巡回检查记录','2016-04-20 01:00:00','漏巡','24','漏巡','',NULL,NULL),(20029,4,6,'绞车运行日志及巡回检查记录',1,'管理员',7,'绞车运行日志及巡回检查记录','007','绞车运行日志及巡回检查记录','2016-04-20 02:00:00','漏巡','1','漏巡','',NULL,NULL),(20030,4,6,'绞车运行日志及巡回检查记录',1,'管理员',7,'绞车运行日志及巡回检查记录','007','绞车运行日志及巡回检查记录','2016-04-20 02:00:00','漏巡','1','漏巡','',NULL,NULL),(20031,9,6,'绞车运行日志及巡回检查记录',1,'管理员',7,'绞车运行日志及巡回检查记录','007','绞车运行日志及巡回检查记录','2016-04-20 03:00:00','漏巡','2','漏巡','',NULL,NULL),(20032,9,6,'绞车运行日志及巡回检查记录',1,'管理员',7,'绞车运行日志及巡回检查记录','007','绞车运行日志及巡回检查记录','2016-04-20 03:00:00','漏巡','2','漏巡','',NULL,NULL),(20033,10,6,'绞车运行日志及巡回检查记录',1,'管理员',7,'绞车运行日志及巡回检查记录','007','绞车运行日志及巡回检查记录','2016-04-20 04:00:00','漏巡','3','漏巡','',NULL,NULL),(20034,11,6,'绞车运行日志及巡回检查记录',1,'管理员',7,'绞车运行日志及巡回检查记录','007','绞车运行日志及巡回检查记录','2016-04-20 05:00:00','漏巡','4','漏巡','',NULL,NULL),(20035,11,6,'绞车运行日志及巡回检查记录',1,'管理员',7,'绞车运行日志及巡回检查记录','007','绞车运行日志及巡回检查记录','2016-04-20 05:00:00','漏巡','4','漏巡','',NULL,NULL),(20036,12,6,'绞车运行日志及巡回检查记录',1,'管理员',7,'绞车运行日志及巡回检查记录','007','绞车运行日志及巡回检查记录','2016-04-20 06:00:00','漏巡','5','漏巡','',NULL,NULL),(20037,12,6,'绞车运行日志及巡回检查记录',1,'管理员',7,'绞车运行日志及巡回检查记录','007','绞车运行日志及巡回检查记录','2016-04-20 06:00:00','漏巡','5','漏巡','',NULL,NULL),(20038,13,6,'绞车运行日志及巡回检查记录',1,'管理员',7,'绞车运行日志及巡回检查记录','007','绞车运行日志及巡回检查记录','2016-04-20 07:00:00','漏巡','6','漏巡','',NULL,NULL),(20039,13,6,'绞车运行日志及巡回检查记录',1,'管理员',7,'绞车运行日志及巡回检查记录','007','绞车运行日志及巡回检查记录','2016-04-20 07:00:00','漏巡','6','漏巡','',NULL,NULL),(20040,15,6,'绞车运行日志及巡回检查记录',1,'管理员',7,'绞车运行日志及巡回检查记录','007','绞车运行日志及巡回检查记录','2016-04-20 09:00:00','漏巡','8','漏巡','',NULL,NULL),(20041,24,6,'绞车运行日志及巡回检查记录',1,'管理员',7,'绞车运行日志及巡回检查记录','007','绞车运行日志及巡回检查记录','2016-04-20 18:00:00','漏巡','17','漏巡','',NULL,NULL),(20042,25,6,'绞车运行日志及巡回检查记录',1,'管理员',7,'绞车运行日志及巡回检查记录','007','绞车运行日志及巡回检查记录','2016-04-20 19:00:00','漏巡','18','漏巡','',NULL,NULL),(20043,25,6,'绞车运行日志及巡回检查记录',1,'管理员',7,'绞车运行日志及巡回检查记录','007','绞车运行日志及巡回检查记录','2016-04-20 19:00:00','漏巡','18','漏巡','',NULL,NULL),(20044,26,6,'绞车运行日志及巡回检查记录',1,'管理员',7,'绞车运行日志及巡回检查记录','007','绞车运行日志及巡回检查记录','2016-04-20 20:00:00','漏巡','19','漏巡','',NULL,NULL),(20045,26,6,'绞车运行日志及巡回检查记录',1,'管理员',7,'绞车运行日志及巡回检查记录','007','绞车运行日志及巡回检查记录','2016-04-20 20:00:00','漏巡','19','漏巡','',NULL,NULL),(20046,27,6,'绞车运行日志及巡回检查记录',1,'管理员',7,'绞车运行日志及巡回检查记录','007','绞车运行日志及巡回检查记录','2016-04-20 21:00:00','漏巡','20','漏巡','',NULL,NULL),(20047,27,6,'绞车运行日志及巡回检查记录',1,'管理员',7,'绞车运行日志及巡回检查记录','007','绞车运行日志及巡回检查记录','2016-04-20 21:00:00','漏巡','20','漏巡','',NULL,NULL),(20048,28,6,'绞车运行日志及巡回检查记录',1,'管理员',7,'绞车运行日志及巡回检查记录','007','绞车运行日志及巡回检查记录','2016-04-20 22:00:00','漏巡','21','漏巡','',NULL,NULL),(20049,28,6,'绞车运行日志及巡回检查记录',1,'管理员',7,'绞车运行日志及巡回检查记录','007','绞车运行日志及巡回检查记录','2016-04-20 22:00:00','漏巡','21','漏巡','',NULL,NULL),(20050,29,6,'绞车运行日志及巡回检查记录',1,'管理员',7,'绞车运行日志及巡回检查记录','007','绞车运行日志及巡回检查记录','2016-04-20 23:00:00','漏巡','22','漏巡','',NULL,NULL),(20051,1,7,'提升机安全保护装置检查试验记录',1,'管理员',6,'提升系统钳工周检','006','提升系统钳工周检','2016-04-21 00:00:00','漏巡','1','漏巡','',NULL,NULL),(20052,1,7,'提升机安全保护装置检查试验记录',1,'管理员',7,'绞车运行日志及巡回检查记录','007','绞车运行日志及巡回检查记录','2016-04-21 00:00:00','漏巡','1','漏巡','',NULL,NULL),(20053,1,7,'提升机安全保护装置检查试验记录',1,'管理员',8,'车房电工定期维护检修记录','008','车房电工定期维护检修记录','2016-04-21 00:00:00','漏巡','1','漏巡','',NULL,NULL),(20054,1,7,'提升机安全保护装置检查试验记录',1,'管理员',2,'提升机安全保护装置','002','提升机安全保护装置','2016-04-21 00:00:00','漏巡','1','漏巡','',NULL,NULL),(20055,1,7,'提升机安全保护装置检查试验记录',1,'管理员',3,'提升系统起重工周检','003','提升系统起重工周检','2016-04-21 00:00:00','漏巡','1','漏巡','',NULL,NULL),(20056,1,7,'提升机安全保护装置检查试验记录',1,'管理员',4,'提升系统钳工包机日检（一）','004','提升系统钳工包机日检（一）','2016-04-21 00:00:00','漏巡','1','漏巡','',NULL,NULL),(20057,1,7,'提升机安全保护装置检查试验记录',1,'管理员',5,'提升系统钳工包机日检（二）','005','提升系统钳工包机日检（二）','2016-04-21 00:00:00','漏巡','1','漏巡','',NULL,NULL),(20058,1,7,'提升机安全保护装置检查试验记录',1,'管理员',1,'多绳绞车钢丝绳','001','多绳绞车钢丝绳','2016-04-21 00:00:00','漏巡','1','漏巡','',NULL,NULL),(20059,2,1,'多绳绞车钢丝绳查验记录',1,'管理员',1,'多绳绞车钢丝绳','001','多绳绞车钢丝绳','2016-04-21 00:00:00','漏巡','1','漏巡','',NULL,NULL),(20060,3,8,'车房电工定期维护检修记录',1,'管理员',8,'车房电工定期维护检修记录','008','车房电工定期维护检修记录','2016-04-21 00:00:00','漏巡','1','漏巡','',NULL,NULL),(20061,7,3,'提升系统钳工包机日检（二）',1,'管理员',5,'提升系统钳工包机日检（二）','005','提升系统钳工包机日检（二）','2016-04-21 00:00:00','漏巡','1','漏巡','',NULL,NULL),(20062,8,2,'提升系统钳工包机日检（一）',1,'管理员',2,'提升机安全保护装置','002','提升机安全保护装置','2016-04-21 00:00:00','漏巡','1','漏巡','',NULL,NULL),(20063,8,2,'提升系统钳工包机日检（一）',1,'管理员',2,'提升机安全保护装置','002','提升机安全保护装置','2016-04-21 00:00:00','漏巡','1','漏巡','',NULL,NULL),(20064,8,2,'提升系统钳工包机日检（一）',1,'管理员',4,'提升系统钳工包机日检（一）','004','提升系统钳工包机日检（一）','2016-04-21 00:00:00','漏巡','1','漏巡','',NULL,NULL),(20065,8,2,'提升系统钳工包机日检（一）',1,'管理员',4,'提升系统钳工包机日检（一）','004','提升系统钳工包机日检（一）','2016-04-21 00:00:00','漏巡','1','漏巡','',NULL,NULL),(20066,8,2,'提升系统钳工包机日检（一）',1,'管理员',5,'提升系统钳工包机日检（二）','005','提升系统钳工包机日检（二）','2016-04-21 00:00:00','漏巡','1','漏巡','',NULL,NULL),(20067,8,2,'提升系统钳工包机日检（一）',1,'管理员',5,'提升系统钳工包机日检（二）','005','提升系统钳工包机日检（二）','2016-04-21 00:00:00','漏巡','1','漏巡','',NULL,NULL),(20068,30,6,'绞车运行日志及巡回检查记录',1,'管理员',7,'绞车运行日志及巡回检查记录','007','绞车运行日志及巡回检查记录','2016-04-21 00:00:00','漏巡','23','漏巡','',NULL,NULL),(20069,31,6,'绞车运行日志及巡回检查记录',1,'管理员',7,'绞车运行日志及巡回检查记录','007','绞车运行日志及巡回检查记录','2016-04-21 01:00:00','漏巡','24','漏巡','',NULL,NULL),(20070,12,6,'绞车运行日志及巡回检查记录',1,'管理员',7,'绞车运行日志及巡回检查记录','007','绞车运行日志及巡回检查记录','2016-04-21 06:00:00','漏巡','5','漏巡','',NULL,NULL),(20071,13,6,'绞车运行日志及巡回检查记录',1,'管理员',7,'绞车运行日志及巡回检查记录','007','绞车运行日志及巡回检查记录','2016-04-21 07:00:00','漏巡','6','漏巡','',NULL,NULL),(20072,13,6,'绞车运行日志及巡回检查记录',1,'管理员',7,'绞车运行日志及巡回检查记录','007','绞车运行日志及巡回检查记录','2016-04-21 07:00:00','漏巡','6','漏巡','',NULL,NULL),(20073,25,6,'绞车运行日志及巡回检查记录',1,'管理员',7,'绞车运行日志及巡回检查记录','007','绞车运行日志及巡回检查记录','2016-04-21 19:00:00','漏巡','18','漏巡','',NULL,NULL),(20074,26,6,'绞车运行日志及巡回检查记录',1,'管理员',7,'绞车运行日志及巡回检查记录','007','绞车运行日志及巡回检查记录','2016-04-21 20:00:00','漏巡','19','漏巡','',NULL,NULL),(20075,26,6,'绞车运行日志及巡回检查记录',1,'管理员',7,'绞车运行日志及巡回检查记录','007','绞车运行日志及巡回检查记录','2016-04-21 20:00:00','漏巡','19','漏巡','',NULL,NULL),(20076,27,6,'绞车运行日志及巡回检查记录',1,'管理员',7,'绞车运行日志及巡回检查记录','007','绞车运行日志及巡回检查记录','2016-04-21 21:00:00','漏巡','20','漏巡','',NULL,NULL),(20077,28,6,'绞车运行日志及巡回检查记录',1,'管理员',7,'绞车运行日志及巡回检查记录','007','绞车运行日志及巡回检查记录','2016-04-21 22:00:00','漏巡','21','漏巡','',NULL,NULL),(20078,28,6,'绞车运行日志及巡回检查记录',1,'管理员',7,'绞车运行日志及巡回检查记录','007','绞车运行日志及巡回检查记录','2016-04-21 22:00:00','漏巡','21','漏巡','',NULL,NULL),(20079,29,6,'绞车运行日志及巡回检查记录',1,'管理员',7,'绞车运行日志及巡回检查记录','007','绞车运行日志及巡回检查记录','2016-04-21 23:00:00','漏巡','22','漏巡','',NULL,NULL),(20080,29,6,'绞车运行日志及巡回检查记录',1,'管理员',7,'绞车运行日志及巡回检查记录','007','绞车运行日志及巡回检查记录','2016-04-21 23:00:00','漏巡','22','漏巡','',NULL,NULL),(20081,1,7,'提升机安全保护装置检查试验记录',1,'管理员',6,'提升系统钳工周检','006','提升系统钳工周检','2016-04-22 00:00:00','漏巡','1','漏巡','',NULL,NULL),(20082,1,7,'提升机安全保护装置检查试验记录',1,'管理员',6,'提升系统钳工周检','006','提升系统钳工周检','2016-04-22 00:00:00','漏巡','1','漏巡','',NULL,NULL),(20083,1,7,'提升机安全保护装置检查试验记录',1,'管理员',7,'绞车运行日志及巡回检查记录','007','绞车运行日志及巡回检查记录','2016-04-22 00:00:00','漏巡','1','漏巡','',NULL,NULL),(20084,1,7,'提升机安全保护装置检查试验记录',1,'管理员',8,'车房电工定期维护检修记录','008','车房电工定期维护检修记录','2016-04-22 00:00:00','漏巡','1','漏巡','',NULL,NULL),(20085,1,7,'提升机安全保护装置检查试验记录',1,'管理员',2,'提升机安全保护装置','002','提升机安全保护装置','2016-04-22 00:00:00','漏巡','1','漏巡','',NULL,NULL),(20086,1,7,'提升机安全保护装置检查试验记录',1,'管理员',2,'提升机安全保护装置','002','提升机安全保护装置','2016-04-22 00:00:00','漏巡','1','漏巡','',NULL,NULL),(20087,1,7,'提升机安全保护装置检查试验记录',1,'管理员',3,'提升系统起重工周检','003','提升系统起重工周检','2016-04-22 00:00:00','漏巡','1','漏巡','',NULL,NULL),(20088,1,7,'提升机安全保护装置检查试验记录',1,'管理员',3,'提升系统起重工周检','003','提升系统起重工周检','2016-04-22 00:00:00','漏巡','1','漏巡','',NULL,NULL),(20089,1,7,'提升机安全保护装置检查试验记录',1,'管理员',4,'提升系统钳工包机日检（一）','004','提升系统钳工包机日检（一）','2016-04-22 00:00:00','漏巡','1','漏巡','',NULL,NULL),(20090,1,7,'提升机安全保护装置检查试验记录',1,'管理员',4,'提升系统钳工包机日检（一）','004','提升系统钳工包机日检（一）','2016-04-22 00:00:00','漏巡','1','漏巡','',NULL,NULL),(20091,1,7,'提升机安全保护装置检查试验记录',1,'管理员',5,'提升系统钳工包机日检（二）','005','提升系统钳工包机日检（二）','2016-04-22 00:00:00','漏巡','1','漏巡','',NULL,NULL),(20092,1,7,'提升机安全保护装置检查试验记录',1,'管理员',5,'提升系统钳工包机日检（二）','005','提升系统钳工包机日检（二）','2016-04-22 00:00:00','漏巡','1','漏巡','',NULL,NULL),(20093,1,7,'提升机安全保护装置检查试验记录',1,'管理员',1,'多绳绞车钢丝绳','001','多绳绞车钢丝绳','2016-04-22 00:00:00','漏巡','1','漏巡','',NULL,NULL),(20094,1,7,'提升机安全保护装置检查试验记录',1,'管理员',1,'多绳绞车钢丝绳','001','多绳绞车钢丝绳','2016-04-22 00:00:00','漏巡','1','漏巡','',NULL,NULL),(20095,2,1,'多绳绞车钢丝绳查验记录',1,'管理员',1,'多绳绞车钢丝绳','001','多绳绞车钢丝绳','2016-04-22 00:00:00','漏巡','1','漏巡','',NULL,NULL),(20096,2,1,'多绳绞车钢丝绳查验记录',1,'管理员',1,'多绳绞车钢丝绳','001','多绳绞车钢丝绳','2016-04-22 00:00:00','漏巡','1','漏巡','',NULL,NULL),(20097,3,8,'车房电工定期维护检修记录',1,'管理员',8,'车房电工定期维护检修记录','008','车房电工定期维护检修记录','2016-04-22 00:00:00','漏巡','1','漏巡','',NULL,NULL),(20098,7,3,'提升系统钳工包机日检（二）',1,'管理员',5,'提升系统钳工包机日检（二）','005','提升系统钳工包机日检（二）','2016-04-22 00:00:00','漏巡','1','漏巡','',NULL,NULL),(20099,8,2,'提升系统钳工包机日检（一）',1,'管理员',2,'提升机安全保护装置','002','提升机安全保护装置','2016-04-22 00:00:00','漏巡','1','漏巡','',NULL,NULL),(20100,8,2,'提升系统钳工包机日检（一）',1,'管理员',4,'提升系统钳工包机日检（一）','004','提升系统钳工包机日检（一）','2016-04-22 00:00:00','漏巡','1','漏巡','',NULL,NULL),(20101,8,2,'提升系统钳工包机日检（一）',1,'管理员',5,'提升系统钳工包机日检（二）','005','提升系统钳工包机日检（二）','2016-04-22 00:00:00','漏巡','1','漏巡','',NULL,NULL),(20102,30,6,'绞车运行日志及巡回检查记录',1,'管理员',7,'绞车运行日志及巡回检查记录','007','绞车运行日志及巡回检查记录','2016-04-22 00:00:00','漏巡','23','漏巡','',NULL,NULL),(20103,31,6,'绞车运行日志及巡回检查记录',1,'管理员',7,'绞车运行日志及巡回检查记录','007','绞车运行日志及巡回检查记录','2016-04-22 01:00:00','漏巡','24','漏巡','',NULL,NULL),(20104,14,6,'绞车运行日志及巡回检查记录',1,'管理员',7,'绞车运行日志及巡回检查记录','007','绞车运行日志及巡回检查记录','2016-04-22 08:00:00','漏巡','7','漏巡','',NULL,NULL),(20105,16,6,'绞车运行日志及巡回检查记录',1,'管理员',7,'绞车运行日志及巡回检查记录','007','绞车运行日志及巡回检查记录','2016-04-22 10:00:00','漏巡','9','漏巡','',NULL,NULL),(20106,18,6,'绞车运行日志及巡回检查记录',1,'管理员',7,'绞车运行日志及巡回检查记录','007','绞车运行日志及巡回检查记录','2016-04-22 12:00:00','漏巡','11','漏巡','',NULL,NULL),(20107,22,6,'绞车运行日志及巡回检查记录',1,'管理员',7,'绞车运行日志及巡回检查记录','007','绞车运行日志及巡回检查记录','2016-04-22 16:00:00','漏巡','15','漏巡','',NULL,NULL),(20108,24,6,'绞车运行日志及巡回检查记录',1,'管理员',7,'绞车运行日志及巡回检查记录','007','绞车运行日志及巡回检查记录','2016-04-22 18:00:00','漏巡','17','漏巡','',NULL,NULL),(20109,24,6,'绞车运行日志及巡回检查记录',1,'管理员',7,'绞车运行日志及巡回检查记录','007','绞车运行日志及巡回检查记录','2016-04-22 18:00:00','漏巡','17','漏巡','',NULL,NULL),(20110,25,6,'绞车运行日志及巡回检查记录',1,'管理员',7,'绞车运行日志及巡回检查记录','007','绞车运行日志及巡回检查记录','2016-04-22 19:00:00','漏巡','18','漏巡','',NULL,NULL),(20111,25,6,'绞车运行日志及巡回检查记录',1,'管理员',7,'绞车运行日志及巡回检查记录','007','绞车运行日志及巡回检查记录','2016-04-22 19:00:00','漏巡','18','漏巡','',NULL,NULL),(20112,26,6,'绞车运行日志及巡回检查记录',1,'管理员',7,'绞车运行日志及巡回检查记录','007','绞车运行日志及巡回检查记录','2016-04-22 20:00:00','漏巡','19','漏巡','',NULL,NULL),(20113,26,6,'绞车运行日志及巡回检查记录',1,'管理员',7,'绞车运行日志及巡回检查记录','007','绞车运行日志及巡回检查记录','2016-04-22 20:00:00','漏巡','19','漏巡','',NULL,NULL),(20114,27,6,'绞车运行日志及巡回检查记录',1,'管理员',7,'绞车运行日志及巡回检查记录','007','绞车运行日志及巡回检查记录','2016-04-22 21:00:00','漏巡','20','漏巡','',NULL,NULL),(20115,28,6,'绞车运行日志及巡回检查记录',1,'管理员',7,'绞车运行日志及巡回检查记录','007','绞车运行日志及巡回检查记录','2016-04-22 22:00:00','漏巡','21','漏巡','',NULL,NULL),(20116,29,6,'绞车运行日志及巡回检查记录',1,'管理员',7,'绞车运行日志及巡回检查记录','007','绞车运行日志及巡回检查记录','2016-04-22 23:00:00','漏巡','22','漏巡','',NULL,NULL),(20117,1,7,'提升机安全保护装置检查试验记录',1,'管理员',6,'提升系统钳工周检','006','提升系统钳工周检','2016-04-23 00:00:00','漏巡','1','漏巡','',NULL,NULL),(20118,1,7,'提升机安全保护装置检查试验记录',1,'管理员',6,'提升系统钳工周检','006','提升系统钳工周检','2016-04-23 00:00:00','漏巡','1','漏巡','',NULL,NULL),(20119,1,7,'提升机安全保护装置检查试验记录',1,'管理员',7,'绞车运行日志及巡回检查记录','007','绞车运行日志及巡回检查记录','2016-04-23 00:00:00','漏巡','1','漏巡','',NULL,NULL),(20120,1,7,'提升机安全保护装置检查试验记录',1,'管理员',7,'绞车运行日志及巡回检查记录','007','绞车运行日志及巡回检查记录','2016-04-23 00:00:00','漏巡','1','漏巡','',NULL,NULL),(20121,1,7,'提升机安全保护装置检查试验记录',1,'管理员',8,'车房电工定期维护检修记录','008','车房电工定期维护检修记录','2016-04-23 00:00:00','漏巡','1','漏巡','',NULL,NULL),(20122,1,7,'提升机安全保护装置检查试验记录',1,'管理员',2,'提升机安全保护装置','002','提升机安全保护装置','2016-04-23 00:00:00','漏巡','1','漏巡','',NULL,NULL),(20123,1,7,'提升机安全保护装置检查试验记录',1,'管理员',3,'提升系统起重工周检','003','提升系统起重工周检','2016-04-23 00:00:00','漏巡','1','漏巡','',NULL,NULL),(20124,1,7,'提升机安全保护装置检查试验记录',1,'管理员',3,'提升系统起重工周检','003','提升系统起重工周检','2016-04-23 00:00:00','漏巡','1','漏巡','',NULL,NULL),(20125,1,7,'提升机安全保护装置检查试验记录',1,'管理员',4,'提升系统钳工包机日检（一）','004','提升系统钳工包机日检（一）','2016-04-23 00:00:00','漏巡','1','漏巡','',NULL,NULL),(20126,1,7,'提升机安全保护装置检查试验记录',1,'管理员',4,'提升系统钳工包机日检（一）','004','提升系统钳工包机日检（一）','2016-04-23 00:00:00','漏巡','1','漏巡','',NULL,NULL),(20127,1,7,'提升机安全保护装置检查试验记录',1,'管理员',5,'提升系统钳工包机日检（二）','005','提升系统钳工包机日检（二）','2016-04-23 00:00:00','漏巡','1','漏巡','',NULL,NULL),(20128,1,7,'提升机安全保护装置检查试验记录',1,'管理员',5,'提升系统钳工包机日检（二）','005','提升系统钳工包机日检（二）','2016-04-23 00:00:00','漏巡','1','漏巡','',NULL,NULL),(20129,1,7,'提升机安全保护装置检查试验记录',1,'管理员',1,'多绳绞车钢丝绳','001','多绳绞车钢丝绳','2016-04-23 00:00:00','漏巡','1','漏巡','',NULL,NULL),(20130,1,7,'提升机安全保护装置检查试验记录',1,'管理员',1,'多绳绞车钢丝绳','001','多绳绞车钢丝绳','2016-04-23 00:00:00','漏巡','1','漏巡','',NULL,NULL),(20131,2,1,'多绳绞车钢丝绳查验记录',1,'管理员',1,'多绳绞车钢丝绳','001','多绳绞车钢丝绳','2016-04-23 00:00:00','漏巡','1','漏巡','',NULL,NULL),(20132,2,1,'多绳绞车钢丝绳查验记录',1,'管理员',1,'多绳绞车钢丝绳','001','多绳绞车钢丝绳','2016-04-23 00:00:00','漏巡','1','漏巡','',NULL,NULL),(20133,3,8,'车房电工定期维护检修记录',1,'管理员',8,'车房电工定期维护检修记录','008','车房电工定期维护检修记录','2016-04-23 00:00:00','漏巡','1','漏巡','',NULL,NULL),(20134,3,8,'车房电工定期维护检修记录',1,'管理员',8,'车房电工定期维护检修记录','008','车房电工定期维护检修记录','2016-04-23 00:00:00','漏巡','1','漏巡','',NULL,NULL),(20135,7,3,'提升系统钳工包机日检（二）',1,'管理员',5,'提升系统钳工包机日检（二）','005','提升系统钳工包机日检（二）','2016-04-23 00:00:00','漏巡','1','漏巡','',NULL,NULL),(20136,7,3,'提升系统钳工包机日检（二）',1,'管理员',5,'提升系统钳工包机日检（二）','005','提升系统钳工包机日检（二）','2016-04-23 00:00:00','漏巡','1','漏巡','',NULL,NULL),(20137,8,2,'提升系统钳工包机日检（一）',1,'管理员',2,'提升机安全保护装置','002','提升机安全保护装置','2016-04-23 00:00:00','漏巡','1','漏巡','',NULL,NULL),(20138,8,2,'提升系统钳工包机日检（一）',1,'管理员',2,'提升机安全保护装置','002','提升机安全保护装置','2016-04-23 00:00:00','漏巡','1','漏巡','',NULL,NULL),(20139,8,2,'提升系统钳工包机日检（一）',1,'管理员',4,'提升系统钳工包机日检（一）','004','提升系统钳工包机日检（一）','2016-04-23 00:00:00','漏巡','1','漏巡','',NULL,NULL),(20140,8,2,'提升系统钳工包机日检（一）',1,'管理员',4,'提升系统钳工包机日检（一）','004','提升系统钳工包机日检（一）','2016-04-23 00:00:00','漏巡','1','漏巡','',NULL,NULL),(20141,8,2,'提升系统钳工包机日检（一）',1,'管理员',5,'提升系统钳工包机日检（二）','005','提升系统钳工包机日检（二）','2016-04-23 00:00:00','漏巡','1','漏巡','',NULL,NULL),(20142,30,6,'绞车运行日志及巡回检查记录',1,'管理员',7,'绞车运行日志及巡回检查记录','007','绞车运行日志及巡回检查记录','2016-04-23 00:00:00','漏巡','23','漏巡','',NULL,NULL),(20143,30,6,'绞车运行日志及巡回检查记录',1,'管理员',7,'绞车运行日志及巡回检查记录','007','绞车运行日志及巡回检查记录','2016-04-23 00:00:00','漏巡','23','漏巡','',NULL,NULL),(20144,31,6,'绞车运行日志及巡回检查记录',1,'管理员',7,'绞车运行日志及巡回检查记录','007','绞车运行日志及巡回检查记录','2016-04-23 01:00:00','漏巡','24','漏巡','',NULL,NULL),(20145,31,6,'绞车运行日志及巡回检查记录',1,'管理员',7,'绞车运行日志及巡回检查记录','007','绞车运行日志及巡回检查记录','2016-04-23 01:00:00','漏巡','24','漏巡','',NULL,NULL),(20146,9,6,'绞车运行日志及巡回检查记录',1,'管理员',7,'绞车运行日志及巡回检查记录','007','绞车运行日志及巡回检查记录','2016-04-23 03:00:00','漏巡','2','漏巡','',NULL,NULL),(20147,9,6,'绞车运行日志及巡回检查记录',1,'管理员',7,'绞车运行日志及巡回检查记录','007','绞车运行日志及巡回检查记录','2016-04-23 03:00:00','漏巡','2','漏巡','',NULL,NULL),(20148,10,6,'绞车运行日志及巡回检查记录',1,'管理员',7,'绞车运行日志及巡回检查记录','007','绞车运行日志及巡回检查记录','2016-04-23 04:00:00','漏巡','3','漏巡','',NULL,NULL),(20149,11,6,'绞车运行日志及巡回检查记录',1,'管理员',7,'绞车运行日志及巡回检查记录','007','绞车运行日志及巡回检查记录','2016-04-23 05:00:00','漏巡','4','漏巡','',NULL,NULL),(20150,12,6,'绞车运行日志及巡回检查记录',1,'管理员',7,'绞车运行日志及巡回检查记录','007','绞车运行日志及巡回检查记录','2016-04-23 06:00:00','漏巡','5','漏巡','',NULL,NULL),(20151,12,6,'绞车运行日志及巡回检查记录',1,'管理员',7,'绞车运行日志及巡回检查记录','007','绞车运行日志及巡回检查记录','2016-04-23 06:00:00','漏巡','5','漏巡','',NULL,NULL),(20152,15,6,'绞车运行日志及巡回检查记录',1,'管理员',7,'绞车运行日志及巡回检查记录','007','绞车运行日志及巡回检查记录','2016-04-23 09:00:00','漏巡','8','漏巡','',NULL,NULL),(20153,15,6,'绞车运行日志及巡回检查记录',1,'管理员',7,'绞车运行日志及巡回检查记录','007','绞车运行日志及巡回检查记录','2016-04-23 09:00:00','漏巡','8','漏巡','',NULL,NULL),(20154,16,6,'绞车运行日志及巡回检查记录',1,'管理员',7,'绞车运行日志及巡回检查记录','007','绞车运行日志及巡回检查记录','2016-04-23 10:00:00','漏巡','9','漏巡','',NULL,NULL),(20155,17,6,'绞车运行日志及巡回检查记录',1,'管理员',7,'绞车运行日志及巡回检查记录','007','绞车运行日志及巡回检查记录','2016-04-23 11:00:00','漏巡','10','漏巡','',NULL,NULL),(20156,17,6,'绞车运行日志及巡回检查记录',1,'管理员',7,'绞车运行日志及巡回检查记录','007','绞车运行日志及巡回检查记录','2016-04-23 11:00:00','漏巡','10','漏巡','',NULL,NULL),(20157,25,6,'绞车运行日志及巡回检查记录',1,'管理员',7,'绞车运行日志及巡回检查记录','007','绞车运行日志及巡回检查记录','2016-04-23 19:00:00','漏巡','18','漏巡','',NULL,NULL),(20158,26,6,'绞车运行日志及巡回检查记录',1,'管理员',7,'绞车运行日志及巡回检查记录','007','绞车运行日志及巡回检查记录','2016-04-23 20:00:00','漏巡','19','漏巡','',NULL,NULL),(20159,26,6,'绞车运行日志及巡回检查记录',1,'管理员',7,'绞车运行日志及巡回检查记录','007','绞车运行日志及巡回检查记录','2016-04-23 20:00:00','漏巡','19','漏巡','',NULL,NULL),(20160,28,6,'绞车运行日志及巡回检查记录',1,'管理员',7,'绞车运行日志及巡回检查记录','007','绞车运行日志及巡回检查记录','2016-04-23 22:00:00','漏巡','21','漏巡','',NULL,NULL),(20161,28,6,'绞车运行日志及巡回检查记录',1,'管理员',7,'绞车运行日志及巡回检查记录','007','绞车运行日志及巡回检查记录','2016-04-23 22:00:00','漏巡','21','漏巡','',NULL,NULL),(20162,29,6,'绞车运行日志及巡回检查记录',1,'管理员',7,'绞车运行日志及巡回检查记录','007','绞车运行日志及巡回检查记录','2016-04-23 23:00:00','漏巡','22','漏巡','',NULL,NULL),(20163,1,7,'提升机安全保护装置检查试验记录',1,'管理员',6,'提升系统钳工周检','006','提升系统钳工周检','2016-04-24 00:00:00','漏巡','1','漏巡','',NULL,NULL),(20164,1,7,'提升机安全保护装置检查试验记录',1,'管理员',6,'提升系统钳工周检','006','提升系统钳工周检','2016-04-24 00:00:00','漏巡','1','漏巡','',NULL,NULL),(20165,1,7,'提升机安全保护装置检查试验记录',1,'管理员',7,'绞车运行日志及巡回检查记录','007','绞车运行日志及巡回检查记录','2016-04-24 00:00:00','漏巡','1','漏巡','',NULL,NULL),(20166,1,7,'提升机安全保护装置检查试验记录',1,'管理员',7,'绞车运行日志及巡回检查记录','007','绞车运行日志及巡回检查记录','2016-04-24 00:00:00','漏巡','1','漏巡','',NULL,NULL),(20167,1,7,'提升机安全保护装置检查试验记录',1,'管理员',8,'车房电工定期维护检修记录','008','车房电工定期维护检修记录','2016-04-24 00:00:00','漏巡','1','漏巡','',NULL,NULL),(20168,1,7,'提升机安全保护装置检查试验记录',1,'管理员',8,'车房电工定期维护检修记录','008','车房电工定期维护检修记录','2016-04-24 00:00:00','漏巡','1','漏巡','',NULL,NULL),(20169,1,7,'提升机安全保护装置检查试验记录',1,'管理员',2,'提升机安全保护装置','002','提升机安全保护装置','2016-04-24 00:00:00','漏巡','1','漏巡','',NULL,NULL),(20170,1,7,'提升机安全保护装置检查试验记录',1,'管理员',3,'提升系统起重工周检','003','提升系统起重工周检','2016-04-24 00:00:00','漏巡','1','漏巡','',NULL,NULL),(20171,1,7,'提升机安全保护装置检查试验记录',1,'管理员',4,'提升系统钳工包机日检（一）','004','提升系统钳工包机日检（一）','2016-04-24 00:00:00','漏巡','1','漏巡','',NULL,NULL),(20172,1,7,'提升机安全保护装置检查试验记录',1,'管理员',5,'提升系统钳工包机日检（二）','005','提升系统钳工包机日检（二）','2016-04-24 00:00:00','漏巡','1','漏巡','',NULL,NULL),(20173,1,7,'提升机安全保护装置检查试验记录',1,'管理员',5,'提升系统钳工包机日检（二）','005','提升系统钳工包机日检（二）','2016-04-24 00:00:00','漏巡','1','漏巡','',NULL,NULL),(20174,1,7,'提升机安全保护装置检查试验记录',1,'管理员',1,'多绳绞车钢丝绳','001','多绳绞车钢丝绳','2016-04-24 00:00:00','漏巡','1','漏巡','',NULL,NULL),(20175,2,1,'多绳绞车钢丝绳查验记录',1,'管理员',1,'多绳绞车钢丝绳','001','多绳绞车钢丝绳','2016-04-24 00:00:00','漏巡','1','漏巡','',NULL,NULL),(20176,2,1,'多绳绞车钢丝绳查验记录',1,'管理员',1,'多绳绞车钢丝绳','001','多绳绞车钢丝绳','2016-04-24 00:00:00','漏巡','1','漏巡','',NULL,NULL),(20177,3,8,'车房电工定期维护检修记录',1,'管理员',8,'车房电工定期维护检修记录','008','车房电工定期维护检修记录','2016-04-24 00:00:00','漏巡','1','漏巡','',NULL,NULL),(20178,3,8,'车房电工定期维护检修记录',1,'管理员',8,'车房电工定期维护检修记录','008','车房电工定期维护检修记录','2016-04-24 00:00:00','漏巡','1','漏巡','',NULL,NULL),(20179,7,3,'提升系统钳工包机日检（二）',1,'管理员',5,'提升系统钳工包机日检（二）','005','提升系统钳工包机日检（二）','2016-04-24 00:00:00','漏巡','1','漏巡','',NULL,NULL),(20180,8,2,'提升系统钳工包机日检（一）',1,'管理员',2,'提升机安全保护装置','002','提升机安全保护装置','2016-04-24 00:00:00','漏巡','1','漏巡','',NULL,NULL),(20181,8,2,'提升系统钳工包机日检（一）',1,'管理员',4,'提升系统钳工包机日检（一）','004','提升系统钳工包机日检（一）','2016-04-24 00:00:00','漏巡','1','漏巡','',NULL,NULL),(20182,8,2,'提升系统钳工包机日检（一）',1,'管理员',2,'提升机安全保护装置','002','提升机安全保护装置','2016-04-24 00:00:00','漏巡','1','漏巡','',NULL,NULL),(20183,8,2,'提升系统钳工包机日检（一）',1,'管理员',5,'提升系统钳工包机日检（二）','005','提升系统钳工包机日检（二）','2016-04-24 00:00:00','漏巡','1','漏巡','',NULL,NULL),(20184,30,6,'绞车运行日志及巡回检查记录',1,'管理员',7,'绞车运行日志及巡回检查记录','007','绞车运行日志及巡回检查记录','2016-04-24 00:00:00','漏巡','23','漏巡','',NULL,NULL),(20185,1,7,'提升机安全保护装置检查试验记录',1,'管理员',6,'提升系统钳工周检','006','提升系统钳工周检','2016-09-03 00:00:00','漏巡','1','漏巡','',NULL,NULL),(20186,1,7,'提升机安全保护装置检查试验记录',1,'管理员',7,'绞车运行日志及巡回检查记录','007','绞车运行日志及巡回检查记录','2016-09-03 00:00:00','漏巡','1','漏巡','',NULL,NULL),(20187,1,7,'提升机安全保护装置检查试验记录',1,'管理员',8,'车房电工定期维护检修记录','008','车房电工定期维护检修记录','2016-09-03 00:00:00','漏巡','1','漏巡','',NULL,NULL),(20188,1,7,'提升机安全保护装置检查试验记录',1,'管理员',2,'提升机安全保护装置','002','提升机安全保护装置','2016-09-03 00:00:00','漏巡','1','漏巡','',NULL,NULL),(20189,1,7,'提升机安全保护装置检查试验记录',1,'管理员',3,'提升系统起重工周检','003','提升系统起重工周检','2016-09-03 00:00:00','漏巡','1','漏巡','',NULL,NULL),(20190,1,7,'提升机安全保护装置检查试验记录',1,'管理员',4,'提升系统钳工包机日检（一）','004','提升系统钳工包机日检（一）','2016-09-03 00:00:00','漏巡','1','漏巡','',NULL,NULL),(20191,1,7,'提升机安全保护装置检查试验记录',1,'管理员',5,'提升系统钳工包机日检（二）','005','提升系统钳工包机日检（二）','2016-09-03 00:00:00','漏巡','1','漏巡','',NULL,NULL),(20192,1,7,'提升机安全保护装置检查试验记录',1,'管理员',5,'提升系统钳工包机日检（二）','005','提升系统钳工包机日检（二）','2016-09-03 00:00:00','漏巡','1','漏巡','',NULL,NULL),(20193,1,7,'提升机安全保护装置检查试验记录',1,'管理员',1,'多绳绞车钢丝绳','001','多绳绞车钢丝绳','2016-09-03 00:00:00','漏巡','1','漏巡','',NULL,NULL),(20194,1,7,'提升机安全保护装置检查试验记录',1,'管理员',1,'多绳绞车钢丝绳','001','多绳绞车钢丝绳','2016-09-03 00:00:00','漏巡','1','漏巡','',NULL,NULL),(20195,2,1,'多绳绞车钢丝绳查验记录',1,'管理员',1,'多绳绞车钢丝绳','001','多绳绞车钢丝绳','2016-09-03 00:00:00','漏巡','1','漏巡','',NULL,NULL),(20196,2,1,'多绳绞车钢丝绳查验记录',1,'管理员',1,'多绳绞车钢丝绳','001','多绳绞车钢丝绳','2016-09-03 00:00:00','漏巡','1','漏巡','',NULL,NULL),(20197,3,8,'车房电工定期维护检修记录',1,'管理员',8,'车房电工定期维护检修记录','008','车房电工定期维护检修记录','2016-09-03 00:00:00','漏巡','1','漏巡','',NULL,NULL),(20198,3,8,'车房电工定期维护检修记录',1,'管理员',8,'车房电工定期维护检修记录','008','车房电工定期维护检修记录','2016-09-03 00:00:00','漏巡','1','漏巡','',NULL,NULL),(20199,5,5,'提升系统起重工周检',1,'管理员',3,'提升系统起重工周检','003','提升系统起重工周检','2016-08-29 00:00:00','漏巡','1','漏巡','',NULL,NULL),(20200,5,5,'提升系统起重工周检',1,'管理员',3,'提升系统起重工周检','003','提升系统起重工周检','2016-08-29 00:00:00','漏巡','1','漏巡','',NULL,NULL),(20201,6,4,'提升系统钳工周检',1,'管理员',6,'提升系统钳工周检','006','提升系统钳工周检','2016-08-29 00:00:00','漏巡','1','漏巡','',NULL,NULL),(20202,6,4,'提升系统钳工周检',1,'管理员',6,'提升系统钳工周检','006','提升系统钳工周检','2016-08-29 00:00:00','漏巡','1','漏巡','',NULL,NULL),(20203,7,3,'提升系统钳工包机日检（二）',1,'管理员',5,'提升系统钳工包机日检（二）','005','提升系统钳工包机日检（二）','2016-09-03 00:00:00','漏巡','1','漏巡','',NULL,NULL),(20204,7,3,'提升系统钳工包机日检（二）',1,'管理员',5,'提升系统钳工包机日检（二）','005','提升系统钳工包机日检（二）','2016-09-03 00:00:00','漏巡','1','漏巡','',NULL,NULL),(20205,8,2,'提升系统钳工包机日检（一）',1,'管理员',2,'提升机安全保护装置','002','提升机安全保护装置','2016-09-03 00:00:00','漏巡','1','漏巡','',NULL,NULL),(20206,8,2,'提升系统钳工包机日检（一）',1,'管理员',2,'提升机安全保护装置','002','提升机安全保护装置','2016-09-03 00:00:00','漏巡','1','漏巡','',NULL,NULL),(20207,8,2,'提升系统钳工包机日检（一）',1,'管理员',4,'提升系统钳工包机日检（一）','004','提升系统钳工包机日检（一）','2016-09-03 00:00:00','漏巡','1','漏巡','',NULL,NULL),(20208,8,2,'提升系统钳工包机日检（一）',1,'管理员',4,'提升系统钳工包机日检（一）','004','提升系统钳工包机日检（一）','2016-09-03 00:00:00','漏巡','1','漏巡','',NULL,NULL),(20209,8,2,'提升系统钳工包机日检（一）',1,'管理员',5,'提升系统钳工包机日检（二）','005','提升系统钳工包机日检（二）','2016-09-03 00:00:00','漏巡','1','漏巡','',NULL,NULL),(20210,24,6,'绞车运行日志及巡回检查记录',1,'管理员',7,'绞车运行日志及巡回检查记录','007','绞车运行日志及巡回检查记录','2016-09-03 18:00:00','漏巡','17','漏巡','',NULL,NULL),(20211,25,6,'绞车运行日志及巡回检查记录',1,'管理员',7,'绞车运行日志及巡回检查记录','007','绞车运行日志及巡回检查记录','2016-09-03 19:00:00','漏巡','18','漏巡','',NULL,NULL),(20212,1,7,'提升机安全保护装置检查试验记录',1,'管理员',6,'提升系统钳工周检','006','提升系统钳工周检','2016-09-10 00:00:00','漏巡','1','漏巡','',NULL,NULL),(20213,1,7,'提升机安全保护装置检查试验记录',1,'管理员',7,'绞车运行日志及巡回检查记录','007','绞车运行日志及巡回检查记录','2016-09-10 00:00:00','漏巡','1','漏巡','',NULL,NULL),(20214,1,7,'提升机安全保护装置检查试验记录',1,'管理员',8,'车房电工定期维护检修记录','008','车房电工定期维护检修记录','2016-09-10 00:00:00','漏巡','1','漏巡','',NULL,NULL),(20215,1,7,'提升机安全保护装置检查试验记录',1,'管理员',2,'提升机安全保护装置','002','提升机安全保护装置','2016-09-10 00:00:00','漏巡','1','漏巡','',NULL,NULL),(20216,1,7,'提升机安全保护装置检查试验记录',1,'管理员',3,'提升系统起重工周检','003','提升系统起重工周检','2016-09-10 00:00:00','漏巡','1','漏巡','',NULL,NULL),(20217,1,7,'提升机安全保护装置检查试验记录',1,'管理员',4,'提升系统钳工包机日检（一）','004','提升系统钳工包机日检（一）','2016-09-10 00:00:00','漏巡','1','漏巡','',NULL,NULL),(20218,1,7,'提升机安全保护装置检查试验记录',1,'管理员',5,'提升系统钳工包机日检（二）','005','提升系统钳工包机日检（二）','2016-09-10 00:00:00','漏巡','1','漏巡','',NULL,NULL),(20219,1,7,'提升机安全保护装置检查试验记录',1,'管理员',1,'多绳绞车钢丝绳','001','多绳绞车钢丝绳','2016-09-10 00:00:00','漏巡','1','漏巡','',NULL,NULL),(20220,2,1,'多绳绞车钢丝绳查验记录',1,'管理员',1,'多绳绞车钢丝绳','001','多绳绞车钢丝绳','2016-09-10 00:00:00','漏巡','1','漏巡','',NULL,NULL),(20221,2,1,'多绳绞车钢丝绳查验记录',1,'管理员',1,'多绳绞车钢丝绳','001','多绳绞车钢丝绳','2016-09-10 00:00:00','漏巡','1','漏巡','',NULL,NULL),(20222,3,8,'车房电工定期维护检修记录',1,'管理员',8,'车房电工定期维护检修记录','008','车房电工定期维护检修记录','2016-09-10 00:00:00','漏巡','1','漏巡','',NULL,NULL),(20223,3,8,'车房电工定期维护检修记录',1,'管理员',8,'车房电工定期维护检修记录','008','车房电工定期维护检修记录','2016-09-10 00:00:00','漏巡','1','漏巡','',NULL,NULL),(20224,5,5,'提升系统起重工周检',1,'管理员',3,'提升系统起重工周检','003','提升系统起重工周检','2016-09-05 00:00:00','漏巡','1','漏巡','',NULL,NULL),(20225,5,5,'提升系统起重工周检',1,'管理员',3,'提升系统起重工周检','003','提升系统起重工周检','2016-09-05 00:00:00','漏巡','1','漏巡','',NULL,NULL),(20226,6,4,'提升系统钳工周检',1,'管理员',6,'提升系统钳工周检','006','提升系统钳工周检','2016-09-05 00:00:00','漏巡','1','漏巡','',NULL,NULL),(20227,7,3,'提升系统钳工包机日检（二）',1,'管理员',5,'提升系统钳工包机日检（二）','005','提升系统钳工包机日检（二）','2016-09-10 00:00:00','漏巡','1','漏巡','',NULL,NULL),(20228,8,2,'提升系统钳工包机日检（一）',1,'管理员',2,'提升机安全保护装置','002','提升机安全保护装置','2016-09-10 00:00:00','漏巡','1','漏巡','',NULL,NULL),(20229,8,2,'提升系统钳工包机日检（一）',1,'管理员',2,'提升机安全保护装置','002','提升机安全保护装置','2016-09-10 00:00:00','漏巡','1','漏巡','',NULL,NULL),(20230,8,2,'提升系统钳工包机日检（一）',1,'管理员',4,'提升系统钳工包机日检（一）','004','提升系统钳工包机日检（一）','2016-09-10 00:00:00','漏巡','1','漏巡','',NULL,NULL),(20231,8,2,'提升系统钳工包机日检（一）',1,'管理员',4,'提升系统钳工包机日检（一）','004','提升系统钳工包机日检（一）','2016-09-10 00:00:00','漏巡','1','漏巡','',NULL,NULL),(20232,8,2,'提升系统钳工包机日检（一）',1,'管理员',5,'提升系统钳工包机日检（二）','005','提升系统钳工包机日检（二）','2016-09-10 00:00:00','漏巡','1','漏巡','',NULL,NULL),(20233,20,6,'绞车运行日志及巡回检查记录',1,'管理员',7,'绞车运行日志及巡回检查记录','007','绞车运行日志及巡回检查记录','2016-09-10 14:00:00','漏巡','13','漏巡','',NULL,NULL),(20234,20,6,'绞车运行日志及巡回检查记录',1,'管理员',7,'绞车运行日志及巡回检查记录','007','绞车运行日志及巡回检查记录','2016-09-10 14:00:00','漏巡','13','漏巡','',NULL,NULL),(20235,21,6,'绞车运行日志及巡回检查记录',1,'管理员',7,'绞车运行日志及巡回检查记录','007','绞车运行日志及巡回检查记录','2016-09-10 15:00:00','漏巡','14','漏巡','',NULL,NULL),(20236,22,6,'绞车运行日志及巡回检查记录',1,'管理员',7,'绞车运行日志及巡回检查记录','007','绞车运行日志及巡回检查记录','2016-09-10 16:00:00','漏巡','15','漏巡','',NULL,NULL),(20237,23,6,'绞车运行日志及巡回检查记录',1,'管理员',7,'绞车运行日志及巡回检查记录','007','绞车运行日志及巡回检查记录','2016-09-10 17:00:00','漏巡','16','漏巡','',NULL,NULL),(20238,24,6,'绞车运行日志及巡回检查记录',1,'管理员',7,'绞车运行日志及巡回检查记录','007','绞车运行日志及巡回检查记录','2016-09-10 18:00:00','漏巡','17','漏巡','',NULL,NULL),(20239,24,6,'绞车运行日志及巡回检查记录',1,'管理员',7,'绞车运行日志及巡回检查记录','007','绞车运行日志及巡回检查记录','2016-09-10 18:00:00','漏巡','17','漏巡','',NULL,NULL),(20240,25,6,'绞车运行日志及巡回检查记录',1,'管理员',7,'绞车运行日志及巡回检查记录','007','绞车运行日志及巡回检查记录','2016-09-10 19:00:00','漏巡','18','漏巡','',NULL,NULL),(20241,25,6,'绞车运行日志及巡回检查记录',1,'管理员',7,'绞车运行日志及巡回检查记录','007','绞车运行日志及巡回检查记录','2016-09-10 19:00:00','漏巡','18','漏巡','',NULL,NULL),(20242,26,6,'绞车运行日志及巡回检查记录',1,'管理员',7,'绞车运行日志及巡回检查记录','007','绞车运行日志及巡回检查记录','2016-09-10 20:00:00','漏巡','19','漏巡','',NULL,NULL),(20243,27,6,'绞车运行日志及巡回检查记录',1,'管理员',7,'绞车运行日志及巡回检查记录','007','绞车运行日志及巡回检查记录','2016-09-10 21:00:00','漏巡','20','漏巡','',NULL,NULL),(20244,28,6,'绞车运行日志及巡回检查记录',1,'管理员',7,'绞车运行日志及巡回检查记录','007','绞车运行日志及巡回检查记录','2016-09-10 22:00:00','漏巡','21','漏巡','',NULL,NULL),(20245,29,6,'绞车运行日志及巡回检查记录',1,'管理员',7,'绞车运行日志及巡回检查记录','007','绞车运行日志及巡回检查记录','2016-09-10 23:00:00','漏巡','22','漏巡','',NULL,NULL),(20246,1,7,'提升机安全保护装置检查试验记录',1,'管理员',6,'提升系统钳工周检','006','提升系统钳工周检','2016-09-11 00:00:00','漏巡','1','漏巡','',NULL,NULL),(20247,1,7,'提升机安全保护装置检查试验记录',1,'管理员',6,'提升系统钳工周检','006','提升系统钳工周检','2016-09-11 00:00:00','漏巡','1','漏巡','',NULL,NULL),(20248,1,7,'提升机安全保护装置检查试验记录',1,'管理员',7,'绞车运行日志及巡回检查记录','007','绞车运行日志及巡回检查记录','2016-09-11 00:00:00','漏巡','1','漏巡','',NULL,NULL),(20249,1,7,'提升机安全保护装置检查试验记录',1,'管理员',7,'绞车运行日志及巡回检查记录','007','绞车运行日志及巡回检查记录','2016-09-11 00:00:00','漏巡','1','漏巡','',NULL,NULL),(20250,1,7,'提升机安全保护装置检查试验记录',1,'管理员',8,'车房电工定期维护检修记录','008','车房电工定期维护检修记录','2016-09-11 00:00:00','漏巡','1','漏巡','',NULL,NULL),(20251,1,7,'提升机安全保护装置检查试验记录',1,'管理员',8,'车房电工定期维护检修记录','008','车房电工定期维护检修记录','2016-09-11 00:00:00','漏巡','1','漏巡','',NULL,NULL),(20252,1,7,'提升机安全保护装置检查试验记录',1,'管理员',2,'提升机安全保护装置','002','提升机安全保护装置','2016-09-11 00:00:00','漏巡','1','漏巡','',NULL,NULL),(20253,1,7,'提升机安全保护装置检查试验记录',1,'管理员',2,'提升机安全保护装置','002','提升机安全保护装置','2016-09-11 00:00:00','漏巡','1','漏巡','',NULL,NULL),(20254,1,7,'提升机安全保护装置检查试验记录',1,'管理员',3,'提升系统起重工周检','003','提升系统起重工周检','2016-09-11 00:00:00','漏巡','1','漏巡','',NULL,NULL),(20255,1,7,'提升机安全保护装置检查试验记录',1,'管理员',3,'提升系统起重工周检','003','提升系统起重工周检','2016-09-11 00:00:00','漏巡','1','漏巡','',NULL,NULL),(20256,1,7,'提升机安全保护装置检查试验记录',1,'管理员',4,'提升系统钳工包机日检（一）','004','提升系统钳工包机日检（一）','2016-09-11 00:00:00','漏巡','1','漏巡','',NULL,NULL),(20257,1,7,'提升机安全保护装置检查试验记录',1,'管理员',5,'提升系统钳工包机日检（二）','005','提升系统钳工包机日检（二）','2016-09-11 00:00:00','漏巡','1','漏巡','',NULL,NULL),(20258,1,7,'提升机安全保护装置检查试验记录',1,'管理员',5,'提升系统钳工包机日检（二）','005','提升系统钳工包机日检（二）','2016-09-11 00:00:00','漏巡','1','漏巡','',NULL,NULL),(20259,1,7,'提升机安全保护装置检查试验记录',1,'管理员',1,'多绳绞车钢丝绳','001','多绳绞车钢丝绳','2016-09-11 00:00:00','漏巡','1','漏巡','',NULL,NULL),(20260,2,1,'多绳绞车钢丝绳查验记录',1,'管理员',1,'多绳绞车钢丝绳','001','多绳绞车钢丝绳','2016-09-11 00:00:00','漏巡','1','漏巡','',NULL,NULL),(20261,1,7,'提升机安全保护装置检查试验记录',1,'管理员',1,'多绳绞车钢丝绳','001','多绳绞车钢丝绳','2016-09-11 00:00:00','漏巡','1','漏巡','',NULL,NULL),(20262,3,8,'车房电工定期维护检修记录',1,'管理员',8,'车房电工定期维护检修记录','008','车房电工定期维护检修记录','2016-09-11 00:00:00','漏巡','1','漏巡','',NULL,NULL),(20263,7,3,'提升系统钳工包机日检（二）',1,'管理员',5,'提升系统钳工包机日检（二）','005','提升系统钳工包机日检（二）','2016-09-11 00:00:00','漏巡','1','漏巡','',NULL,NULL),(20264,7,3,'提升系统钳工包机日检（二）',1,'管理员',5,'提升系统钳工包机日检（二）','005','提升系统钳工包机日检（二）','2016-09-11 00:00:00','漏巡','1','漏巡','',NULL,NULL),(20265,8,2,'提升系统钳工包机日检（一）',1,'管理员',2,'提升机安全保护装置','002','提升机安全保护装置','2016-09-11 00:00:00','漏巡','1','漏巡','',NULL,NULL),(20266,8,2,'提升系统钳工包机日检（一）',1,'管理员',2,'提升机安全保护装置','002','提升机安全保护装置','2016-09-11 00:00:00','漏巡','1','漏巡','',NULL,NULL),(20267,8,2,'提升系统钳工包机日检（一）',1,'管理员',4,'提升系统钳工包机日检（一）','004','提升系统钳工包机日检（一）','2016-09-11 00:00:00','漏巡','1','漏巡','',NULL,NULL),(20268,8,2,'提升系统钳工包机日检（一）',1,'管理员',4,'提升系统钳工包机日检（一）','004','提升系统钳工包机日检（一）','2016-09-11 00:00:00','漏巡','1','漏巡','',NULL,NULL),(20269,8,2,'提升系统钳工包机日检（一）',1,'管理员',5,'提升系统钳工包机日检（二）','005','提升系统钳工包机日检（二）','2016-09-11 00:00:00','漏巡','1','漏巡','',NULL,NULL),(20270,30,6,'绞车运行日志及巡回检查记录',1,'管理员',7,'绞车运行日志及巡回检查记录','007','绞车运行日志及巡回检查记录','2016-09-11 00:00:00','漏巡','23','漏巡','',NULL,NULL),(20271,1,7,'提升机安全保护装置检查试验记录',1,'管理员',6,'提升系统钳工周检','006','提升系统钳工周检','2016-10-01 00:00:00','漏巡','1','漏巡','',NULL,NULL),(20272,1,7,'提升机安全保护装置检查试验记录',1,'管理员',7,'绞车运行日志及巡回检查记录','007','绞车运行日志及巡回检查记录','2016-10-01 00:00:00','漏巡','1','漏巡','',NULL,NULL),(20273,1,7,'提升机安全保护装置检查试验记录',1,'管理员',8,'车房电工定期维护检修记录','008','车房电工定期维护检修记录','2016-10-01 00:00:00','漏巡','1','漏巡','',NULL,NULL),(20274,1,7,'提升机安全保护装置检查试验记录',1,'管理员',2,'提升机安全保护装置','002','提升机安全保护装置','2016-10-01 00:00:00','漏巡','1','漏巡','',NULL,NULL),(20275,1,7,'提升机安全保护装置检查试验记录',1,'管理员',3,'提升系统起重工周检','003','提升系统起重工周检','2016-10-01 00:00:00','漏巡','1','漏巡','',NULL,NULL),(20276,1,7,'提升机安全保护装置检查试验记录',1,'管理员',4,'提升系统钳工包机日检（一）','004','提升系统钳工包机日检（一）','2016-10-01 00:00:00','漏巡','1','漏巡','',NULL,NULL),(20277,1,7,'提升机安全保护装置检查试验记录',1,'管理员',5,'提升系统钳工包机日检（二）','005','提升系统钳工包机日检（二）','2016-10-01 00:00:00','漏巡','1','漏巡','',NULL,NULL),(20278,1,7,'提升机安全保护装置检查试验记录',1,'管理员',1,'多绳绞车钢丝绳','001','多绳绞车钢丝绳','2016-10-01 00:00:00','漏巡','1','漏巡','',NULL,NULL),(20279,2,1,'多绳绞车钢丝绳查验记录',1,'管理员',1,'多绳绞车钢丝绳','001','多绳绞车钢丝绳','2016-10-01 00:00:00','漏巡','1','漏巡','',NULL,NULL),(20280,3,8,'车房电工定期维护检修记录',1,'管理员',8,'车房电工定期维护检修记录','008','车房电工定期维护检修记录','2016-10-01 00:00:00','漏巡','1','漏巡','',NULL,NULL),(20281,5,5,'提升系统起重工周检',1,'管理员',3,'提升系统起重工周检','003','提升系统起重工周检','2016-09-26 00:00:00','漏巡','1','漏巡','',NULL,NULL),(20282,6,4,'提升系统钳工周检',1,'管理员',6,'提升系统钳工周检','006','提升系统钳工周检','2016-09-26 00:00:00','漏巡','1','漏巡','',NULL,NULL),(20283,7,3,'提升系统钳工包机日检（二）',1,'管理员',5,'提升系统钳工包机日检（二）','005','提升系统钳工包机日检（二）','2016-10-01 00:00:00','漏巡','1','漏巡','',NULL,NULL),(20284,8,2,'提升系统钳工包机日检（一）',1,'管理员',2,'提升机安全保护装置','002','提升机安全保护装置','2016-10-01 00:00:00','漏巡','1','漏巡','',NULL,NULL),(20285,8,2,'提升系统钳工包机日检（一）',1,'管理员',4,'提升系统钳工包机日检（一）','004','提升系统钳工包机日检（一）','2016-10-01 00:00:00','漏巡','1','漏巡','',NULL,NULL),(20286,8,2,'提升系统钳工包机日检（一）',1,'管理员',5,'提升系统钳工包机日检（二）','005','提升系统钳工包机日检（二）','2016-10-01 00:00:00','漏巡','1','漏巡','',NULL,NULL),(20287,28,6,'绞车运行日志及巡回检查记录',1,'管理员',7,'绞车运行日志及巡回检查记录','007','绞车运行日志及巡回检查记录','2016-10-01 22:00:00','漏巡','21','漏巡','',NULL,NULL),(20288,29,6,'绞车运行日志及巡回检查记录',1,'管理员',7,'绞车运行日志及巡回检查记录','007','绞车运行日志及巡回检查记录','2016-10-01 23:00:00','漏巡','22','漏巡','',NULL,NULL),(20289,1,7,'提升机安全保护装置检查试验记录',1,'管理员',6,'提升系统钳工周检','006','提升系统钳工周检','2016-10-02 00:00:00','漏巡','1','漏巡','',NULL,NULL),(20290,1,7,'提升机安全保护装置检查试验记录',1,'管理员',7,'绞车运行日志及巡回检查记录','007','绞车运行日志及巡回检查记录','2016-10-02 00:00:00','漏巡','1','漏巡','',NULL,NULL),(20291,1,7,'提升机安全保护装置检查试验记录',1,'管理员',8,'车房电工定期维护检修记录','008','车房电工定期维护检修记录','2016-10-02 00:00:00','漏巡','1','漏巡','',NULL,NULL),(20292,1,7,'提升机安全保护装置检查试验记录',1,'管理员',2,'提升机安全保护装置','002','提升机安全保护装置','2016-10-02 00:00:00','漏巡','1','漏巡','',NULL,NULL),(20293,1,7,'提升机安全保护装置检查试验记录',1,'管理员',3,'提升系统起重工周检','003','提升系统起重工周检','2016-10-02 00:00:00','漏巡','1','漏巡','',NULL,NULL),(20294,1,7,'提升机安全保护装置检查试验记录',1,'管理员',4,'提升系统钳工包机日检（一）','004','提升系统钳工包机日检（一）','2016-10-02 00:00:00','漏巡','1','漏巡','',NULL,NULL),(20295,1,7,'提升机安全保护装置检查试验记录',1,'管理员',5,'提升系统钳工包机日检（二）','005','提升系统钳工包机日检（二）','2016-10-02 00:00:00','漏巡','1','漏巡','',NULL,NULL),(20296,1,7,'提升机安全保护装置检查试验记录',1,'管理员',1,'多绳绞车钢丝绳','001','多绳绞车钢丝绳','2016-10-02 00:00:00','漏巡','1','漏巡','',NULL,NULL),(20297,2,1,'多绳绞车钢丝绳查验记录',1,'管理员',1,'多绳绞车钢丝绳','001','多绳绞车钢丝绳','2016-10-02 00:00:00','漏巡','1','漏巡','',NULL,NULL),(20298,3,8,'车房电工定期维护检修记录',1,'管理员',8,'车房电工定期维护检修记录','008','车房电工定期维护检修记录','2016-10-02 00:00:00','漏巡','1','漏巡','',NULL,NULL),(20299,7,3,'提升系统钳工包机日检（二）',1,'管理员',5,'提升系统钳工包机日检（二）','005','提升系统钳工包机日检（二）','2016-10-02 00:00:00','漏巡','1','漏巡','',NULL,NULL),(20300,8,2,'提升系统钳工包机日检（一）',1,'管理员',2,'提升机安全保护装置','002','提升机安全保护装置','2016-10-02 00:00:00','漏巡','1','漏巡','',NULL,NULL),(20301,8,2,'提升系统钳工包机日检（一）',1,'管理员',4,'提升系统钳工包机日检（一）','004','提升系统钳工包机日检（一）','2016-10-02 00:00:00','漏巡','1','漏巡','',NULL,NULL),(20302,8,2,'提升系统钳工包机日检（一）',1,'管理员',5,'提升系统钳工包机日检（二）','005','提升系统钳工包机日检（二）','2016-10-02 00:00:00','漏巡','1','漏巡','',NULL,NULL),(20303,30,6,'绞车运行日志及巡回检查记录',1,'管理员',7,'绞车运行日志及巡回检查记录','007','绞车运行日志及巡回检查记录','2016-10-02 00:00:00','漏巡','23','漏巡','',NULL,NULL),(20304,31,6,'绞车运行日志及巡回检查记录',1,'管理员',7,'绞车运行日志及巡回检查记录','007','绞车运行日志及巡回检查记录','2016-10-02 01:00:00','漏巡','24','漏巡','',NULL,NULL),(20305,4,6,'绞车运行日志及巡回检查记录',1,'管理员',7,'绞车运行日志及巡回检查记录','007','绞车运行日志及巡回检查记录','2016-10-02 02:00:00','漏巡','1','漏巡','',NULL,NULL),(20306,9,6,'绞车运行日志及巡回检查记录',1,'管理员',7,'绞车运行日志及巡回检查记录','007','绞车运行日志及巡回检查记录','2016-10-02 03:00:00','漏巡','2','漏巡','',NULL,NULL),(20307,10,6,'绞车运行日志及巡回检查记录',1,'管理员',7,'绞车运行日志及巡回检查记录','007','绞车运行日志及巡回检查记录','2016-10-02 04:00:00','漏巡','3','漏巡','',NULL,NULL),(20308,11,6,'绞车运行日志及巡回检查记录',1,'管理员',7,'绞车运行日志及巡回检查记录','007','绞车运行日志及巡回检查记录','2016-10-02 05:00:00','漏巡','4','漏巡','',NULL,NULL),(20309,12,6,'绞车运行日志及巡回检查记录',1,'管理员',7,'绞车运行日志及巡回检查记录','007','绞车运行日志及巡回检查记录','2016-10-02 06:00:00','漏巡','5','漏巡','',NULL,NULL),(20310,13,6,'绞车运行日志及巡回检查记录',1,'管理员',7,'绞车运行日志及巡回检查记录','007','绞车运行日志及巡回检查记录','2016-10-02 07:00:00','漏巡','6','漏巡','',NULL,NULL),(20311,14,6,'绞车运行日志及巡回检查记录',1,'管理员',7,'绞车运行日志及巡回检查记录','007','绞车运行日志及巡回检查记录','2016-10-02 08:00:00','漏巡','7','漏巡','',NULL,NULL),(20312,15,6,'绞车运行日志及巡回检查记录',1,'管理员',7,'绞车运行日志及巡回检查记录','007','绞车运行日志及巡回检查记录','2016-10-02 09:00:00','漏巡','8','漏巡','',NULL,NULL),(20313,7,3,'提升系统钳工包机日检（二）',1,'管理员',2,'提升机安全保护装置','002','提升机安全保护装置','2016-10-02 00:00:00','漏巡','1','漏巡','',NULL,NULL),(20314,7,3,'提升系统钳工包机日检（二）',1,'管理员',1,'多绳绞车钢丝绳','001','多绳绞车钢丝绳','2016-10-02 00:00:00','漏巡','1','漏巡','',NULL,NULL),(20315,16,6,'绞车运行日志及巡回检查记录',1,'管理员',7,'绞车运行日志及巡回检查记录','007','绞车运行日志及巡回检查记录','2016-10-02 10:00:00','漏巡','9','漏巡','',NULL,NULL),(20316,2,1,'多绳绞车钢丝绳查验记录',1,'管理员',2,'提升机安全保护装置','002','提升机安全保护装置','2016-10-02 00:00:00','漏巡','1','漏巡','',NULL,NULL),(20317,2,1,'多绳绞车钢丝绳查验记录',1,'管理员',3,'提升系统起重工周检','003','提升系统起重工周检','2016-10-02 00:00:00','漏巡','1','漏巡','',NULL,NULL),(20318,17,6,'绞车运行日志及巡回检查记录',1,'管理员',7,'绞车运行日志及巡回检查记录','007','绞车运行日志及巡回检查记录','2016-10-02 11:00:00','漏巡','10','漏巡','',NULL,NULL),(20319,2,1,'多绳绞车钢丝绳查验记录',1,'管理员',4,'提升系统钳工包机日检（一）','004','提升系统钳工包机日检（一）','2016-10-02 00:00:00','漏巡','1','漏巡','',NULL,NULL),(20320,18,6,'绞车运行日志及巡回检查记录',1,'管理员',7,'绞车运行日志及巡回检查记录','007','绞车运行日志及巡回检查记录','2016-10-02 12:00:00','漏巡','11','漏巡','',NULL,NULL),(20321,2,1,'多绳绞车钢丝绳查验记录',1,'管理员',5,'提升系统钳工包机日检（二）','005','提升系统钳工包机日检（二）','2016-10-02 00:00:00','漏巡','1','漏巡','',NULL,NULL),(20322,7,3,'提升系统钳工包机日检（二）',1,'管理员',3,'提升系统起重工周检','003','提升系统起重工周检','2016-10-02 00:00:00','漏巡','1','漏巡','',NULL,NULL),(20323,19,6,'绞车运行日志及巡回检查记录',1,'管理员',7,'绞车运行日志及巡回检查记录','007','绞车运行日志及巡回检查记录','2016-10-02 13:00:00','漏巡','12','漏巡','',NULL,NULL),(20324,20,6,'绞车运行日志及巡回检查记录',1,'管理员',7,'绞车运行日志及巡回检查记录','007','绞车运行日志及巡回检查记录','2016-10-02 14:00:00','漏巡','13','漏巡','',NULL,NULL),(20325,21,6,'绞车运行日志及巡回检查记录',1,'管理员',7,'绞车运行日志及巡回检查记录','007','绞车运行日志及巡回检查记录','2016-10-02 15:00:00','漏巡','14','漏巡','',NULL,NULL),(20326,22,6,'绞车运行日志及巡回检查记录',1,'管理员',7,'绞车运行日志及巡回检查记录','007','绞车运行日志及巡回检查记录','2016-10-02 16:00:00','漏巡','15','漏巡','',NULL,NULL),(20327,23,6,'绞车运行日志及巡回检查记录',1,'管理员',7,'绞车运行日志及巡回检查记录','007','绞车运行日志及巡回检查记录','2016-10-02 17:00:00','漏巡','16','漏巡','',NULL,NULL),(20328,24,6,'绞车运行日志及巡回检查记录',1,'管理员',7,'绞车运行日志及巡回检查记录','007','绞车运行日志及巡回检查记录','2016-10-02 18:00:00','漏巡','17','漏巡','',NULL,NULL),(20329,25,6,'绞车运行日志及巡回检查记录',1,'管理员',7,'绞车运行日志及巡回检查记录','007','绞车运行日志及巡回检查记录','2016-10-02 19:00:00','漏巡','18','漏巡','',NULL,NULL),(20330,26,6,'绞车运行日志及巡回检查记录',1,'管理员',7,'绞车运行日志及巡回检查记录','007','绞车运行日志及巡回检查记录','2016-10-02 20:00:00','漏巡','19','漏巡','',NULL,NULL),(20331,27,6,'绞车运行日志及巡回检查记录',1,'管理员',7,'绞车运行日志及巡回检查记录','007','绞车运行日志及巡回检查记录','2016-10-02 21:00:00','漏巡','20','漏巡','',NULL,NULL),(20332,28,6,'绞车运行日志及巡回检查记录',1,'管理员',7,'绞车运行日志及巡回检查记录','007','绞车运行日志及巡回检查记录','2016-10-02 22:00:00','漏巡','21','漏巡','',NULL,NULL),(20333,29,6,'绞车运行日志及巡回检查记录',1,'管理员',7,'绞车运行日志及巡回检查记录','007','绞车运行日志及巡回检查记录','2016-10-02 23:00:00','漏巡','22','漏巡','',NULL,NULL),(20334,3,8,'车房电工定期维护检修记录',1,'管理员',2,'提升机安全保护装置','002','提升机安全保护装置','2016-10-02 00:00:00','漏巡','1','漏巡','',NULL,NULL),(20335,3,8,'车房电工定期维护检修记录',1,'管理员',1,'多绳绞车钢丝绳','001','多绳绞车钢丝绳','2016-10-02 00:00:00','漏巡','1','漏巡','',NULL,NULL),(20336,1,7,'提升机安全保护装置检查试验记录',1,'管理员',6,'提升系统钳工周检','006','提升系统钳工周检','2016-10-03 00:00:00','漏巡','1','漏巡','',NULL,NULL),(20337,1,7,'提升机安全保护装置检查试验记录',1,'管理员',7,'绞车运行日志及巡回检查记录','007','绞车运行日志及巡回检查记录','2016-10-03 00:00:00','漏巡','1','漏巡','',NULL,NULL),(20338,1,7,'提升机安全保护装置检查试验记录',1,'管理员',8,'车房电工定期维护检修记录','008','车房电工定期维护检修记录','2016-10-03 00:00:00','漏巡','1','漏巡','',NULL,NULL),(20339,1,7,'提升机安全保护装置检查试验记录',1,'管理员',2,'提升机安全保护装置','002','提升机安全保护装置','2016-10-03 00:00:00','漏巡','1','漏巡','',NULL,NULL),(20340,1,7,'提升机安全保护装置检查试验记录',1,'管理员',3,'提升系统起重工周检','003','提升系统起重工周检','2016-10-03 00:00:00','漏巡','1','漏巡','',NULL,NULL),(20341,1,7,'提升机安全保护装置检查试验记录',1,'管理员',4,'提升系统钳工包机日检（一）','004','提升系统钳工包机日检（一）','2016-10-03 00:00:00','漏巡','1','漏巡','',NULL,NULL),(20342,1,7,'提升机安全保护装置检查试验记录',1,'管理员',5,'提升系统钳工包机日检（二）','005','提升系统钳工包机日检（二）','2016-10-03 00:00:00','漏巡','1','漏巡','',NULL,NULL),(20343,1,7,'提升机安全保护装置检查试验记录',1,'管理员',1,'多绳绞车钢丝绳','001','多绳绞车钢丝绳','2016-10-03 00:00:00','漏巡','1','漏巡','',NULL,NULL),(20344,2,1,'多绳绞车钢丝绳查验记录',1,'管理员',1,'多绳绞车钢丝绳','001','多绳绞车钢丝绳','2016-10-03 00:00:00','漏巡','1','漏巡','',NULL,NULL),(20345,3,8,'车房电工定期维护检修记录',1,'管理员',8,'车房电工定期维护检修记录','008','车房电工定期维护检修记录','2016-10-03 00:00:00','漏巡','1','漏巡','',NULL,NULL),(20346,3,8,'车房电工定期维护检修记录',1,'管理员',2,'提升机安全保护装置','002','提升机安全保护装置','2016-10-03 00:00:00','漏巡','1','漏巡','',NULL,NULL),(20347,3,8,'车房电工定期维护检修记录',1,'管理员',1,'多绳绞车钢丝绳','001','多绳绞车钢丝绳','2016-10-03 00:00:00','漏巡','1','漏巡','',NULL,NULL),(20348,5,5,'提升系统起重工周检',1,'管理员',3,'提升系统起重工周检','003','提升系统起重工周检','2016-10-03 00:00:00','漏巡','1','漏巡','',NULL,NULL),(20349,6,4,'提升系统钳工周检',1,'管理员',6,'提升系统钳工周检','006','提升系统钳工周检','2016-10-03 00:00:00','漏巡','1','漏巡','',NULL,NULL),(20350,7,3,'提升系统钳工包机日检（二）',1,'管理员',2,'提升机安全保护装置','002','提升机安全保护装置','2016-10-03 00:00:00','漏巡','1','漏巡','',NULL,NULL),(20351,7,3,'提升系统钳工包机日检（二）',1,'管理员',3,'提升系统起重工周检','003','提升系统起重工周检','2016-10-03 00:00:00','漏巡','1','漏巡','',NULL,NULL),(20352,7,3,'提升系统钳工包机日检（二）',1,'管理员',5,'提升系统钳工包机日检（二）','005','提升系统钳工包机日检（二）','2016-10-03 00:00:00','漏巡','1','漏巡','',NULL,NULL),(20353,7,3,'提升系统钳工包机日检（二）',1,'管理员',1,'多绳绞车钢丝绳','001','多绳绞车钢丝绳','2016-10-03 00:00:00','漏巡','1','漏巡','',NULL,NULL),(20354,8,2,'提升系统钳工包机日检（一）',1,'管理员',2,'提升机安全保护装置','002','提升机安全保护装置','2016-10-03 00:00:00','漏巡','1','漏巡','',NULL,NULL),(20355,8,2,'提升系统钳工包机日检（一）',1,'管理员',4,'提升系统钳工包机日检（一）','004','提升系统钳工包机日检（一）','2016-10-03 00:00:00','漏巡','1','漏巡','',NULL,NULL),(20356,8,2,'提升系统钳工包机日检（一）',1,'管理员',5,'提升系统钳工包机日检（二）','005','提升系统钳工包机日检（二）','2016-10-03 00:00:00','漏巡','1','漏巡','',NULL,NULL),(20357,30,6,'绞车运行日志及巡回检查记录',1,'管理员',7,'绞车运行日志及巡回检查记录','007','绞车运行日志及巡回检查记录','2016-10-03 00:00:00','漏巡','23','漏巡','',NULL,NULL),(20358,31,6,'绞车运行日志及巡回检查记录',1,'管理员',7,'绞车运行日志及巡回检查记录','007','绞车运行日志及巡回检查记录','2016-10-03 01:00:00','漏巡','24','漏巡','',NULL,NULL),(20359,9,6,'绞车运行日志及巡回检查记录',1,'管理员',7,'绞车运行日志及巡回检查记录','007','绞车运行日志及巡回检查记录','2016-10-03 03:00:00','漏巡','2','漏巡','',NULL,NULL),(20360,10,6,'绞车运行日志及巡回检查记录',1,'管理员',7,'绞车运行日志及巡回检查记录','007','绞车运行日志及巡回检查记录','2016-10-03 04:00:00','漏巡','3','漏巡','',NULL,NULL),(20361,12,6,'绞车运行日志及巡回检查记录',1,'管理员',7,'绞车运行日志及巡回检查记录','007','绞车运行日志及巡回检查记录','2016-10-03 06:00:00','漏巡','5','漏巡','',NULL,NULL),(20362,13,6,'绞车运行日志及巡回检查记录',1,'管理员',7,'绞车运行日志及巡回检查记录','007','绞车运行日志及巡回检查记录','2016-10-03 07:00:00','漏巡','6','漏巡','',NULL,NULL),(20363,15,6,'绞车运行日志及巡回检查记录',1,'管理员',7,'绞车运行日志及巡回检查记录','007','绞车运行日志及巡回检查记录','2016-10-03 09:00:00','漏巡','8','漏巡','',NULL,NULL),(20364,17,6,'绞车运行日志及巡回检查记录',1,'管理员',7,'绞车运行日志及巡回检查记录','007','绞车运行日志及巡回检查记录','2016-10-03 11:00:00','漏巡','10','漏巡','',NULL,NULL),(20365,19,6,'绞车运行日志及巡回检查记录',1,'管理员',7,'绞车运行日志及巡回检查记录','007','绞车运行日志及巡回检查记录','2016-10-03 13:00:00','漏巡','12','漏巡','',NULL,NULL),(20366,20,6,'绞车运行日志及巡回检查记录',1,'管理员',7,'绞车运行日志及巡回检查记录','007','绞车运行日志及巡回检查记录','2016-10-03 14:00:00','漏巡','13','漏巡','',NULL,NULL),(20367,21,6,'绞车运行日志及巡回检查记录',1,'管理员',7,'绞车运行日志及巡回检查记录','007','绞车运行日志及巡回检查记录','2016-10-03 15:00:00','漏巡','14','漏巡','',NULL,NULL),(20368,22,6,'绞车运行日志及巡回检查记录',1,'管理员',7,'绞车运行日志及巡回检查记录','007','绞车运行日志及巡回检查记录','2016-10-03 16:00:00','漏巡','15','漏巡','',NULL,NULL),(20369,23,6,'绞车运行日志及巡回检查记录',1,'管理员',7,'绞车运行日志及巡回检查记录','007','绞车运行日志及巡回检查记录','2016-10-03 17:00:00','漏巡','16','漏巡','',NULL,NULL),(20370,24,6,'绞车运行日志及巡回检查记录',1,'管理员',7,'绞车运行日志及巡回检查记录','007','绞车运行日志及巡回检查记录','2016-10-03 18:00:00','漏巡','17','漏巡','',NULL,NULL),(20371,25,6,'绞车运行日志及巡回检查记录',1,'管理员',7,'绞车运行日志及巡回检查记录','007','绞车运行日志及巡回检查记录','2016-10-03 19:00:00','漏巡','18','漏巡','',NULL,NULL),(20372,26,6,'绞车运行日志及巡回检查记录',1,'管理员',7,'绞车运行日志及巡回检查记录','007','绞车运行日志及巡回检查记录','2016-10-03 20:00:00','漏巡','19','漏巡','',NULL,NULL),(20373,27,6,'绞车运行日志及巡回检查记录',1,'管理员',7,'绞车运行日志及巡回检查记录','007','绞车运行日志及巡回检查记录','2016-10-03 21:00:00','漏巡','20','漏巡','',NULL,NULL),(20374,28,6,'绞车运行日志及巡回检查记录',1,'管理员',7,'绞车运行日志及巡回检查记录','007','绞车运行日志及巡回检查记录','2016-10-03 22:00:00','漏巡','21','漏巡','',NULL,NULL),(20375,29,6,'绞车运行日志及巡回检查记录',1,'管理员',7,'绞车运行日志及巡回检查记录','007','绞车运行日志及巡回检查记录','2016-10-03 23:00:00','漏巡','22','漏巡','',NULL,NULL),(20376,1,7,'提升机安全保护装置检查试验记录',1,'管理员',6,'提升系统钳工周检','006','提升系统钳工周检','2016-10-04 00:00:00','漏巡','1','漏巡','',NULL,NULL),(20377,1,7,'提升机安全保护装置检查试验记录',1,'管理员',7,'绞车运行日志及巡回检查记录','007','绞车运行日志及巡回检查记录','2016-10-04 00:00:00','漏巡','1','漏巡','',NULL,NULL),(20378,1,7,'提升机安全保护装置检查试验记录',1,'管理员',8,'车房电工定期维护检修记录','008','车房电工定期维护检修记录','2016-10-04 00:00:00','漏巡','1','漏巡','',NULL,NULL),(20379,1,7,'提升机安全保护装置检查试验记录',1,'管理员',2,'提升机安全保护装置','002','提升机安全保护装置','2016-10-04 00:00:00','漏巡','1','漏巡','',NULL,NULL),(20380,1,7,'提升机安全保护装置检查试验记录',1,'管理员',3,'提升系统起重工周检','003','提升系统起重工周检','2016-10-04 00:00:00','漏巡','1','漏巡','',NULL,NULL),(20381,1,7,'提升机安全保护装置检查试验记录',1,'管理员',4,'提升系统钳工包机日检（一）','004','提升系统钳工包机日检（一）','2016-10-04 00:00:00','漏巡','1','漏巡','',NULL,NULL),(20382,1,7,'提升机安全保护装置检查试验记录',1,'管理员',5,'提升系统钳工包机日检（二）','005','提升系统钳工包机日检（二）','2016-10-04 00:00:00','漏巡','1','漏巡','',NULL,NULL),(20383,1,7,'提升机安全保护装置检查试验记录',1,'管理员',1,'多绳绞车钢丝绳','001','多绳绞车钢丝绳','2016-10-04 00:00:00','漏巡','1','漏巡','',NULL,NULL),(20384,2,1,'多绳绞车钢丝绳查验记录',1,'管理员',1,'多绳绞车钢丝绳','001','多绳绞车钢丝绳','2016-10-04 00:00:00','漏巡','1','漏巡','',NULL,NULL),(20385,3,8,'车房电工定期维护检修记录',1,'管理员',8,'车房电工定期维护检修记录','008','车房电工定期维护检修记录','2016-10-04 00:00:00','漏巡','1','漏巡','',NULL,NULL),(20386,3,8,'车房电工定期维护检修记录',1,'管理员',2,'提升机安全保护装置','002','提升机安全保护装置','2016-10-04 00:00:00','漏巡','1','漏巡','',NULL,NULL),(20387,3,8,'车房电工定期维护检修记录',1,'管理员',1,'多绳绞车钢丝绳','001','多绳绞车钢丝绳','2016-10-04 00:00:00','漏巡','1','漏巡','',NULL,NULL),(20388,7,3,'提升系统钳工包机日检（二）',1,'管理员',2,'提升机安全保护装置','002','提升机安全保护装置','2016-10-04 00:00:00','漏巡','1','漏巡','',NULL,NULL),(20389,7,3,'提升系统钳工包机日检（二）',1,'管理员',3,'提升系统起重工周检','003','提升系统起重工周检','2016-10-04 00:00:00','漏巡','1','漏巡','',NULL,NULL),(20390,7,3,'提升系统钳工包机日检（二）',1,'管理员',5,'提升系统钳工包机日检（二）','005','提升系统钳工包机日检（二）','2016-10-04 00:00:00','漏巡','1','漏巡','',NULL,NULL),(20391,7,3,'提升系统钳工包机日检（二）',1,'管理员',1,'多绳绞车钢丝绳','001','多绳绞车钢丝绳','2016-10-04 00:00:00','漏巡','1','漏巡','',NULL,NULL),(20392,8,2,'提升系统钳工包机日检（一）',1,'管理员',2,'提升机安全保护装置','002','提升机安全保护装置','2016-10-04 00:00:00','漏巡','1','漏巡','',NULL,NULL),(20393,8,2,'提升系统钳工包机日检（一）',1,'管理员',4,'提升系统钳工包机日检（一）','004','提升系统钳工包机日检（一）','2016-10-04 00:00:00','漏巡','1','漏巡','',NULL,NULL),(20394,8,2,'提升系统钳工包机日检（一）',1,'管理员',5,'提升系统钳工包机日检（二）','005','提升系统钳工包机日检（二）','2016-10-04 00:00:00','漏巡','1','漏巡','',NULL,NULL),(20395,30,6,'绞车运行日志及巡回检查记录',1,'管理员',7,'绞车运行日志及巡回检查记录','007','绞车运行日志及巡回检查记录','2016-10-04 00:00:00','漏巡','23','漏巡','',NULL,NULL),(20396,31,6,'绞车运行日志及巡回检查记录',1,'管理员',7,'绞车运行日志及巡回检查记录','007','绞车运行日志及巡回检查记录','2016-10-04 01:00:00','漏巡','24','漏巡','',NULL,NULL),(20397,4,6,'绞车运行日志及巡回检查记录',1,'管理员',7,'绞车运行日志及巡回检查记录','007','绞车运行日志及巡回检查记录','2016-10-04 02:00:00','漏巡','1','漏巡','',NULL,NULL),(20398,9,6,'绞车运行日志及巡回检查记录',1,'管理员',7,'绞车运行日志及巡回检查记录','007','绞车运行日志及巡回检查记录','2016-10-04 03:00:00','漏巡','2','漏巡','',NULL,NULL),(20399,10,6,'绞车运行日志及巡回检查记录',1,'管理员',7,'绞车运行日志及巡回检查记录','007','绞车运行日志及巡回检查记录','2016-10-04 04:00:00','漏巡','3','漏巡','',NULL,NULL),(20400,11,6,'绞车运行日志及巡回检查记录',1,'管理员',7,'绞车运行日志及巡回检查记录','007','绞车运行日志及巡回检查记录','2016-10-04 05:00:00','漏巡','4','漏巡','',NULL,NULL),(20401,12,6,'绞车运行日志及巡回检查记录',1,'管理员',7,'绞车运行日志及巡回检查记录','007','绞车运行日志及巡回检查记录','2016-10-04 06:00:00','漏巡','5','漏巡','',NULL,NULL),(20402,13,6,'绞车运行日志及巡回检查记录',1,'管理员',7,'绞车运行日志及巡回检查记录','007','绞车运行日志及巡回检查记录','2016-10-04 07:00:00','漏巡','6','漏巡','',NULL,NULL),(20403,14,6,'绞车运行日志及巡回检查记录',1,'管理员',7,'绞车运行日志及巡回检查记录','007','绞车运行日志及巡回检查记录','2016-10-04 08:00:00','漏巡','7','漏巡','',NULL,NULL),(20404,15,6,'绞车运行日志及巡回检查记录',1,'管理员',7,'绞车运行日志及巡回检查记录','007','绞车运行日志及巡回检查记录','2016-10-04 09:00:00','漏巡','8','漏巡','',NULL,NULL),(20405,16,6,'绞车运行日志及巡回检查记录',1,'管理员',7,'绞车运行日志及巡回检查记录','007','绞车运行日志及巡回检查记录','2016-10-04 10:00:00','漏巡','9','漏巡','',NULL,NULL),(20406,17,6,'绞车运行日志及巡回检查记录',1,'管理员',7,'绞车运行日志及巡回检查记录','007','绞车运行日志及巡回检查记录','2016-10-04 11:00:00','漏巡','10','漏巡','',NULL,NULL),(20407,18,6,'绞车运行日志及巡回检查记录',1,'管理员',7,'绞车运行日志及巡回检查记录','007','绞车运行日志及巡回检查记录','2016-10-04 12:00:00','漏巡','11','漏巡','',NULL,NULL),(20408,19,6,'绞车运行日志及巡回检查记录',1,'管理员',7,'绞车运行日志及巡回检查记录','007','绞车运行日志及巡回检查记录','2016-10-04 13:00:00','漏巡','12','漏巡','',NULL,NULL),(20409,20,6,'绞车运行日志及巡回检查记录',1,'管理员',7,'绞车运行日志及巡回检查记录','007','绞车运行日志及巡回检查记录','2016-10-04 14:00:00','漏巡','13','漏巡','',NULL,NULL),(20410,21,6,'绞车运行日志及巡回检查记录',1,'管理员',7,'绞车运行日志及巡回检查记录','007','绞车运行日志及巡回检查记录','2016-10-04 15:00:00','漏巡','14','漏巡','',NULL,NULL),(20411,22,6,'绞车运行日志及巡回检查记录',1,'管理员',7,'绞车运行日志及巡回检查记录','007','绞车运行日志及巡回检查记录','2016-10-04 16:00:00','漏巡','15','漏巡','',NULL,NULL),(20412,23,6,'绞车运行日志及巡回检查记录',1,'管理员',7,'绞车运行日志及巡回检查记录','007','绞车运行日志及巡回检查记录','2016-10-04 17:00:00','漏巡','16','漏巡','',NULL,NULL),(20413,24,6,'绞车运行日志及巡回检查记录',1,'管理员',7,'绞车运行日志及巡回检查记录','007','绞车运行日志及巡回检查记录','2016-10-04 18:00:00','漏巡','17','漏巡','',NULL,NULL),(20414,25,6,'绞车运行日志及巡回检查记录',1,'管理员',7,'绞车运行日志及巡回检查记录','007','绞车运行日志及巡回检查记录','2016-10-04 19:00:00','漏巡','18','漏巡','',NULL,NULL),(20415,26,6,'绞车运行日志及巡回检查记录',1,'管理员',7,'绞车运行日志及巡回检查记录','007','绞车运行日志及巡回检查记录','2016-10-04 20:00:00','漏巡','19','漏巡','',NULL,NULL),(20416,27,6,'绞车运行日志及巡回检查记录',1,'管理员',7,'绞车运行日志及巡回检查记录','007','绞车运行日志及巡回检查记录','2016-10-04 21:00:00','漏巡','20','漏巡','',NULL,NULL),(20417,28,6,'绞车运行日志及巡回检查记录',1,'管理员',7,'绞车运行日志及巡回检查记录','007','绞车运行日志及巡回检查记录','2016-10-04 22:00:00','漏巡','21','漏巡','',NULL,NULL),(20418,29,6,'绞车运行日志及巡回检查记录',1,'管理员',7,'绞车运行日志及巡回检查记录','007','绞车运行日志及巡回检查记录','2016-10-04 23:00:00','漏巡','22','漏巡','',NULL,NULL),(20419,1,7,'提升机安全保护装置检查试验记录',1,'管理员',6,'提升系统钳工周检','006','提升系统钳工周检','2016-10-05 00:00:00','漏巡','1','漏巡','',NULL,NULL),(20420,1,7,'提升机安全保护装置检查试验记录',1,'管理员',7,'绞车运行日志及巡回检查记录','007','绞车运行日志及巡回检查记录','2016-10-05 00:00:00','漏巡','1','漏巡','',NULL,NULL),(20421,1,7,'提升机安全保护装置检查试验记录',1,'管理员',8,'车房电工定期维护检修记录','008','车房电工定期维护检修记录','2016-10-05 00:00:00','漏巡','1','漏巡','',NULL,NULL),(20422,1,7,'提升机安全保护装置检查试验记录',1,'管理员',2,'提升机安全保护装置','002','提升机安全保护装置','2016-10-05 00:00:00','漏巡','1','漏巡','',NULL,NULL),(20423,1,7,'提升机安全保护装置检查试验记录',1,'管理员',3,'提升系统起重工周检','003','提升系统起重工周检','2016-10-05 00:00:00','漏巡','1','漏巡','',NULL,NULL),(20424,1,7,'提升机安全保护装置检查试验记录',1,'管理员',4,'提升系统钳工包机日检（一）','004','提升系统钳工包机日检（一）','2016-10-05 00:00:00','漏巡','1','漏巡','',NULL,NULL),(20425,1,7,'提升机安全保护装置检查试验记录',1,'管理员',5,'提升系统钳工包机日检（二）','005','提升系统钳工包机日检（二）','2016-10-05 00:00:00','漏巡','1','漏巡','',NULL,NULL),(20426,1,7,'提升机安全保护装置检查试验记录',1,'管理员',1,'多绳绞车钢丝绳','001','多绳绞车钢丝绳','2016-10-05 00:00:00','漏巡','1','漏巡','',NULL,NULL),(20427,2,1,'多绳绞车钢丝绳查验记录',1,'管理员',1,'多绳绞车钢丝绳','001','多绳绞车钢丝绳','2016-10-05 00:00:00','漏巡','1','漏巡','',NULL,NULL),(20428,3,8,'车房电工定期维护检修记录',1,'管理员',8,'车房电工定期维护检修记录','008','车房电工定期维护检修记录','2016-10-05 00:00:00','漏巡','1','漏巡','',NULL,NULL),(20429,3,8,'车房电工定期维护检修记录',1,'管理员',2,'提升机安全保护装置','002','提升机安全保护装置','2016-10-05 00:00:00','漏巡','1','漏巡','',NULL,NULL),(20430,3,8,'车房电工定期维护检修记录',1,'管理员',1,'多绳绞车钢丝绳','001','多绳绞车钢丝绳','2016-10-05 17:20:23','准时','1','正常','',NULL,NULL),(20431,7,3,'提升系统钳工包机日检（二）',1,'管理员',2,'提升机安全保护装置','002','提升机安全保护装置','2016-10-05 00:00:00','漏巡','1','漏巡','',NULL,NULL),(20432,7,3,'提升系统钳工包机日检（二）',1,'管理员',3,'提升系统起重工周检','003','提升系统起重工周检','2016-10-05 00:00:00','漏巡','1','漏巡','',NULL,NULL),(20433,7,3,'提升系统钳工包机日检（二）',1,'管理员',5,'提升系统钳工包机日检（二）','005','提升系统钳工包机日检（二）','2016-10-05 00:00:00','漏巡','1','漏巡','',NULL,NULL),(20434,7,3,'提升系统钳工包机日检（二）',1,'管理员',1,'多绳绞车钢丝绳','001','多绳绞车钢丝绳','2016-10-05 00:00:00','漏巡','1','漏巡','',NULL,NULL),(20435,8,2,'提升系统钳工包机日检（一）',1,'管理员',2,'提升机安全保护装置','002','提升机安全保护装置','2016-10-05 00:00:00','漏巡','1','漏巡','',NULL,NULL),(20436,8,2,'提升系统钳工包机日检（一）',1,'管理员',4,'提升系统钳工包机日检（一）','004','提升系统钳工包机日检（一）','2016-10-05 00:00:00','漏巡','1','漏巡','',NULL,NULL),(20437,8,2,'提升系统钳工包机日检（一）',1,'管理员',5,'提升系统钳工包机日检（二）','005','提升系统钳工包机日检（二）','2016-10-05 00:00:00','漏巡','1','漏巡','',NULL,NULL),(20438,30,6,'绞车运行日志及巡回检查记录',1,'管理员',7,'绞车运行日志及巡回检查记录','007','绞车运行日志及巡回检查记录','2016-10-05 00:00:00','漏巡','23','漏巡','',NULL,NULL),(20439,31,6,'绞车运行日志及巡回检查记录',1,'管理员',7,'绞车运行日志及巡回检查记录','007','绞车运行日志及巡回检查记录','2016-10-05 01:00:00','漏巡','24','漏巡','',NULL,NULL),(20440,4,6,'绞车运行日志及巡回检查记录',1,'管理员',7,'绞车运行日志及巡回检查记录','007','绞车运行日志及巡回检查记录','2016-10-05 02:00:00','漏巡','1','漏巡','',NULL,NULL),(20441,21,6,'绞车运行日志及巡回检查记录',1,'管理员',7,'绞车运行日志及巡回检查记录','007','绞车运行日志及巡回检查记录','2016-10-05 15:00:00','漏巡','14','漏巡','',NULL,NULL),(20442,22,6,'绞车运行日志及巡回检查记录',1,'管理员',7,'绞车运行日志及巡回检查记录','007','绞车运行日志及巡回检查记录','2016-10-05 16:00:00','漏巡','15','漏巡','',NULL,NULL),(20443,23,6,'绞车运行日志及巡回检查记录',1,'管理员',7,'绞车运行日志及巡回检查记录','007','绞车运行日志及巡回检查记录','2016-10-05 17:00:00','漏巡','16','漏巡','',NULL,NULL),(20444,24,6,'绞车运行日志及巡回检查记录',1,'管理员',7,'绞车运行日志及巡回检查记录','007','绞车运行日志及巡回检查记录','2016-10-05 18:00:00','漏巡','17','漏巡','',NULL,NULL),(20445,25,6,'绞车运行日志及巡回检查记录',1,'管理员',7,'绞车运行日志及巡回检查记录','007','绞车运行日志及巡回检查记录','2016-10-05 19:00:00','漏巡','18','漏巡','',NULL,NULL),(20446,26,6,'绞车运行日志及巡回检查记录',1,'管理员',7,'绞车运行日志及巡回检查记录','007','绞车运行日志及巡回检查记录','2016-10-05 20:00:00','漏巡','19','漏巡','',NULL,NULL),(20447,27,6,'绞车运行日志及巡回检查记录',1,'管理员',7,'绞车运行日志及巡回检查记录','007','绞车运行日志及巡回检查记录','2016-10-05 21:00:00','漏巡','20','漏巡','',NULL,NULL),(20448,28,6,'绞车运行日志及巡回检查记录',1,'管理员',7,'绞车运行日志及巡回检查记录','007','绞车运行日志及巡回检查记录','2016-10-05 22:00:00','漏巡','21','漏巡','',NULL,NULL),(20449,29,6,'绞车运行日志及巡回检查记录',1,'管理员',7,'绞车运行日志及巡回检查记录','007','绞车运行日志及巡回检查记录','2016-10-05 23:00:00','漏巡','22','漏巡','',NULL,NULL),(20450,1,7,'提升机安全保护装置检查试验记录',1,'管理员',6,'提升系统钳工周检','006','提升系统钳工周检','2016-10-06 00:00:00','漏巡','1','漏巡','',NULL,NULL),(20451,1,7,'提升机安全保护装置检查试验记录',1,'管理员',7,'绞车运行日志及巡回检查记录','007','绞车运行日志及巡回检查记录','2016-10-06 00:00:00','漏巡','1','漏巡','',NULL,NULL),(20452,1,7,'提升机安全保护装置检查试验记录',1,'管理员',8,'车房电工定期维护检修记录','008','车房电工定期维护检修记录','2016-10-06 00:00:00','漏巡','1','漏巡','',NULL,NULL),(20453,1,7,'提升机安全保护装置检查试验记录',1,'管理员',2,'提升机安全保护装置','002','提升机安全保护装置','2016-10-06 00:00:00','漏巡','1','漏巡','',NULL,NULL),(20454,1,7,'提升机安全保护装置检查试验记录',1,'管理员',3,'提升系统起重工周检','003','提升系统起重工周检','2016-10-06 00:00:00','漏巡','1','漏巡','',NULL,NULL),(20455,1,7,'提升机安全保护装置检查试验记录',1,'管理员',4,'提升系统钳工包机日检（一）','004','提升系统钳工包机日检（一）','2016-10-06 00:00:00','漏巡','1','漏巡','',NULL,NULL),(20456,1,7,'提升机安全保护装置检查试验记录',1,'管理员',5,'提升系统钳工包机日检（二）','005','提升系统钳工包机日检（二）','2016-10-06 00:00:00','漏巡','1','漏巡','',NULL,NULL),(20457,1,7,'提升机安全保护装置检查试验记录',1,'管理员',1,'多绳绞车钢丝绳','001','多绳绞车钢丝绳','2016-10-06 00:00:00','漏巡','1','漏巡','',NULL,NULL),(20458,2,1,'多绳绞车钢丝绳查验记录',1,'管理员',1,'多绳绞车钢丝绳','001','多绳绞车钢丝绳','2016-10-06 00:00:00','漏巡','1','漏巡','',NULL,NULL),(20459,3,8,'车房电工定期维护检修记录',1,'管理员',8,'车房电工定期维护检修记录','008','车房电工定期维护检修记录','2016-10-06 00:00:00','漏巡','1','漏巡','',NULL,NULL),(20460,3,8,'车房电工定期维护检修记录',1,'管理员',2,'提升机安全保护装置','002','提升机安全保护装置','2016-10-06 00:00:00','漏巡','1','漏巡','',NULL,NULL),(20461,3,8,'车房电工定期维护检修记录',1,'管理员',1,'多绳绞车钢丝绳','001','多绳绞车钢丝绳','2016-10-06 00:00:00','漏巡','1','漏巡','',NULL,NULL),(20462,7,3,'提升系统钳工包机日检（二）',1,'管理员',2,'提升机安全保护装置','002','提升机安全保护装置','2016-10-06 00:00:00','漏巡','1','漏巡','',NULL,NULL),(20463,7,3,'提升系统钳工包机日检（二）',1,'管理员',3,'提升系统起重工周检','003','提升系统起重工周检','2016-10-06 00:00:00','漏巡','1','漏巡','',NULL,NULL),(20464,7,3,'提升系统钳工包机日检（二）',1,'管理员',5,'提升系统钳工包机日检（二）','005','提升系统钳工包机日检（二）','2016-10-06 00:00:00','漏巡','1','漏巡','',NULL,NULL),(20465,7,3,'提升系统钳工包机日检（二）',1,'管理员',1,'多绳绞车钢丝绳','001','多绳绞车钢丝绳','2016-10-06 00:00:00','漏巡','1','漏巡','',NULL,NULL),(20466,8,2,'提升系统钳工包机日检（一）',1,'管理员',2,'提升机安全保护装置','002','提升机安全保护装置','2016-10-06 00:00:00','漏巡','1','漏巡','',NULL,NULL),(20467,8,2,'提升系统钳工包机日检（一）',1,'管理员',4,'提升系统钳工包机日检（一）','004','提升系统钳工包机日检（一）','2016-10-06 00:00:00','漏巡','1','漏巡','',NULL,NULL),(20468,8,2,'提升系统钳工包机日检（一）',1,'管理员',5,'提升系统钳工包机日检（二）','005','提升系统钳工包机日检（二）','2016-10-06 00:00:00','漏巡','1','漏巡','',NULL,NULL),(20469,30,6,'绞车运行日志及巡回检查记录',1,'管理员',7,'绞车运行日志及巡回检查记录','007','绞车运行日志及巡回检查记录','2016-10-06 00:00:00','漏巡','23','漏巡','',NULL,NULL),(20470,31,6,'绞车运行日志及巡回检查记录',1,'管理员',7,'绞车运行日志及巡回检查记录','007','绞车运行日志及巡回检查记录','2016-10-06 01:00:00','漏巡','24','漏巡','',NULL,NULL),(20471,4,6,'绞车运行日志及巡回检查记录',1,'管理员',7,'绞车运行日志及巡回检查记录','007','绞车运行日志及巡回检查记录','2016-10-06 02:00:00','漏巡','1','漏巡','',NULL,NULL),(20472,9,6,'绞车运行日志及巡回检查记录',1,'管理员',7,'绞车运行日志及巡回检查记录','007','绞车运行日志及巡回检查记录','2016-10-06 03:00:00','漏巡','2','漏巡','',NULL,NULL),(20473,10,6,'绞车运行日志及巡回检查记录',1,'管理员',7,'绞车运行日志及巡回检查记录','007','绞车运行日志及巡回检查记录','2016-10-06 04:00:00','漏巡','3','漏巡','',NULL,NULL),(20474,11,6,'绞车运行日志及巡回检查记录',1,'管理员',7,'绞车运行日志及巡回检查记录','007','绞车运行日志及巡回检查记录','2016-10-06 05:00:00','漏巡','4','漏巡','',NULL,NULL),(20475,12,6,'绞车运行日志及巡回检查记录',1,'管理员',7,'绞车运行日志及巡回检查记录','007','绞车运行日志及巡回检查记录','2016-10-06 06:00:00','漏巡','5','漏巡','',NULL,NULL),(20476,13,6,'绞车运行日志及巡回检查记录',1,'管理员',7,'绞车运行日志及巡回检查记录','007','绞车运行日志及巡回检查记录','2016-10-06 07:00:00','漏巡','6','漏巡','',NULL,NULL),(20477,14,6,'绞车运行日志及巡回检查记录',1,'管理员',7,'绞车运行日志及巡回检查记录','007','绞车运行日志及巡回检查记录','2016-10-06 08:00:00','漏巡','7','漏巡','',NULL,NULL),(20478,15,6,'绞车运行日志及巡回检查记录',1,'管理员',7,'绞车运行日志及巡回检查记录','007','绞车运行日志及巡回检查记录','2016-10-06 09:00:00','漏巡','8','漏巡','',NULL,NULL),(20479,16,6,'绞车运行日志及巡回检查记录',1,'管理员',7,'绞车运行日志及巡回检查记录','007','绞车运行日志及巡回检查记录','2016-10-06 10:00:00','漏巡','9','漏巡','',NULL,NULL),(20480,17,6,'绞车运行日志及巡回检查记录',1,'管理员',7,'绞车运行日志及巡回检查记录','007','绞车运行日志及巡回检查记录','2016-10-06 11:00:00','漏巡','10','漏巡','',NULL,NULL),(20481,18,6,'绞车运行日志及巡回检查记录',1,'管理员',7,'绞车运行日志及巡回检查记录','007','绞车运行日志及巡回检查记录','2016-10-06 12:00:00','漏巡','11','漏巡','',NULL,NULL),(20482,19,6,'绞车运行日志及巡回检查记录',1,'管理员',7,'绞车运行日志及巡回检查记录','007','绞车运行日志及巡回检查记录','2016-10-06 13:00:00','漏巡','12','漏巡','',NULL,NULL),(20483,20,6,'绞车运行日志及巡回检查记录',1,'管理员',7,'绞车运行日志及巡回检查记录','007','绞车运行日志及巡回检查记录','2016-10-06 14:00:00','漏巡','13','漏巡','',NULL,NULL),(20484,25,6,'绞车运行日志及巡回检查记录',1,'管理员',7,'绞车运行日志及巡回检查记录','007','绞车运行日志及巡回检查记录','2016-10-06 19:00:00','漏巡','18','漏巡','',NULL,NULL),(20485,26,6,'绞车运行日志及巡回检查记录',1,'管理员',7,'绞车运行日志及巡回检查记录','007','绞车运行日志及巡回检查记录','2016-10-06 20:00:00','漏巡','19','漏巡','',NULL,NULL),(20486,27,6,'绞车运行日志及巡回检查记录',1,'管理员',7,'绞车运行日志及巡回检查记录','007','绞车运行日志及巡回检查记录','2016-10-06 21:00:00','漏巡','20','漏巡','',NULL,NULL),(20487,28,6,'绞车运行日志及巡回检查记录',1,'管理员',7,'绞车运行日志及巡回检查记录','007','绞车运行日志及巡回检查记录','2016-10-06 22:00:00','漏巡','21','漏巡','',NULL,NULL),(20488,29,6,'绞车运行日志及巡回检查记录',1,'管理员',7,'绞车运行日志及巡回检查记录','007','绞车运行日志及巡回检查记录','2016-10-06 23:00:00','漏巡','22','漏巡','',NULL,NULL),(20489,1,7,'提升机安全保护装置检查试验记录',1,'管理员',6,'提升系统钳工周检','006','提升系统钳工周检','2016-10-07 00:00:00','漏巡','1','漏巡','',NULL,NULL),(20490,1,7,'提升机安全保护装置检查试验记录',1,'管理员',7,'绞车运行日志及巡回检查记录','007','绞车运行日志及巡回检查记录','2016-10-07 00:00:00','漏巡','1','漏巡','',NULL,NULL),(20491,1,7,'提升机安全保护装置检查试验记录',1,'管理员',8,'车房电工定期维护检修记录','008','车房电工定期维护检修记录','2016-10-07 00:00:00','漏巡','1','漏巡','',NULL,NULL),(20492,1,7,'提升机安全保护装置检查试验记录',1,'管理员',2,'提升机安全保护装置','002','提升机安全保护装置','2016-10-07 00:00:00','漏巡','1','漏巡','',NULL,NULL),(20493,1,7,'提升机安全保护装置检查试验记录',1,'管理员',3,'提升系统起重工周检','003','提升系统起重工周检','2016-10-07 00:00:00','漏巡','1','漏巡','',NULL,NULL),(20494,1,7,'提升机安全保护装置检查试验记录',1,'管理员',4,'提升系统钳工包机日检（一）','004','提升系统钳工包机日检（一）','2016-10-07 00:00:00','漏巡','1','漏巡','',NULL,NULL),(20495,1,7,'提升机安全保护装置检查试验记录',1,'管理员',5,'提升系统钳工包机日检（二）','005','提升系统钳工包机日检（二）','2016-10-07 00:00:00','漏巡','1','漏巡','',NULL,NULL),(20496,1,7,'提升机安全保护装置检查试验记录',1,'管理员',1,'多绳绞车钢丝绳','001','多绳绞车钢丝绳','2016-10-07 00:00:00','漏巡','1','漏巡','',NULL,NULL),(20497,2,1,'多绳绞车钢丝绳查验记录',1,'管理员',1,'多绳绞车钢丝绳','001','多绳绞车钢丝绳','2016-10-07 00:00:00','漏巡','1','漏巡','',NULL,NULL),(20498,3,8,'车房电工定期维护检修记录',1,'管理员',8,'车房电工定期维护检修记录','008','车房电工定期维护检修记录','2016-10-07 00:00:00','漏巡','1','漏巡','',NULL,NULL),(20499,3,8,'车房电工定期维护检修记录',1,'管理员',2,'提升机安全保护装置','002','提升机安全保护装置','2016-10-07 00:00:00','漏巡','1','漏巡','',NULL,NULL),(20500,3,8,'车房电工定期维护检修记录',1,'管理员',1,'多绳绞车钢丝绳','001','多绳绞车钢丝绳','2016-10-07 00:00:00','漏巡','1','漏巡','',NULL,NULL),(20501,7,3,'提升系统钳工包机日检（二）',1,'管理员',2,'提升机安全保护装置','002','提升机安全保护装置','2016-10-07 00:00:00','漏巡','1','漏巡','',NULL,NULL),(20502,7,3,'提升系统钳工包机日检（二）',1,'管理员',3,'提升系统起重工周检','003','提升系统起重工周检','2016-10-07 00:00:00','漏巡','1','漏巡','',NULL,NULL),(20503,7,3,'提升系统钳工包机日检（二）',1,'管理员',5,'提升系统钳工包机日检（二）','005','提升系统钳工包机日检（二）','2016-10-07 00:00:00','漏巡','1','漏巡','',NULL,NULL),(20504,7,3,'提升系统钳工包机日检（二）',1,'管理员',1,'多绳绞车钢丝绳','001','多绳绞车钢丝绳','2016-10-07 00:00:00','漏巡','1','漏巡','',NULL,NULL),(20505,8,2,'提升系统钳工包机日检（一）',1,'管理员',2,'提升机安全保护装置','002','提升机安全保护装置','2016-10-07 00:00:00','漏巡','1','漏巡','',NULL,NULL),(20506,8,2,'提升系统钳工包机日检（一）',1,'管理员',4,'提升系统钳工包机日检（一）','004','提升系统钳工包机日检（一）','2016-10-07 00:00:00','漏巡','1','漏巡','',NULL,NULL),(20507,8,2,'提升系统钳工包机日检（一）',1,'管理员',5,'提升系统钳工包机日检（二）','005','提升系统钳工包机日检（二）','2016-10-07 00:00:00','漏巡','1','漏巡','',NULL,NULL),(20508,30,6,'绞车运行日志及巡回检查记录',1,'管理员',7,'绞车运行日志及巡回检查记录','007','绞车运行日志及巡回检查记录','2016-10-07 00:00:00','漏巡','23','漏巡','',NULL,NULL),(20509,31,6,'绞车运行日志及巡回检查记录',1,'管理员',7,'绞车运行日志及巡回检查记录','007','绞车运行日志及巡回检查记录','2016-10-07 01:00:00','漏巡','24','漏巡','',NULL,NULL),(20510,4,6,'绞车运行日志及巡回检查记录',1,'管理员',7,'绞车运行日志及巡回检查记录','007','绞车运行日志及巡回检查记录','2016-10-07 02:00:00','漏巡','1','漏巡','',NULL,NULL),(20511,9,6,'绞车运行日志及巡回检查记录',1,'管理员',7,'绞车运行日志及巡回检查记录','007','绞车运行日志及巡回检查记录','2016-10-07 03:00:00','漏巡','2','漏巡','',NULL,NULL),(20512,10,6,'绞车运行日志及巡回检查记录',1,'管理员',7,'绞车运行日志及巡回检查记录','007','绞车运行日志及巡回检查记录','2016-10-07 04:00:00','漏巡','3','漏巡','',NULL,NULL),(20513,11,6,'绞车运行日志及巡回检查记录',1,'管理员',7,'绞车运行日志及巡回检查记录','007','绞车运行日志及巡回检查记录','2016-10-07 05:00:00','漏巡','4','漏巡','',NULL,NULL),(20514,12,6,'绞车运行日志及巡回检查记录',1,'管理员',7,'绞车运行日志及巡回检查记录','007','绞车运行日志及巡回检查记录','2016-10-07 06:00:00','漏巡','5','漏巡','',NULL,NULL),(20515,13,6,'绞车运行日志及巡回检查记录',1,'管理员',7,'绞车运行日志及巡回检查记录','007','绞车运行日志及巡回检查记录','2016-10-07 07:00:00','漏巡','6','漏巡','',NULL,NULL),(20516,14,6,'绞车运行日志及巡回检查记录',1,'管理员',7,'绞车运行日志及巡回检查记录','007','绞车运行日志及巡回检查记录','2016-10-07 08:00:00','漏巡','7','漏巡','',NULL,NULL),(20517,15,6,'绞车运行日志及巡回检查记录',1,'管理员',7,'绞车运行日志及巡回检查记录','007','绞车运行日志及巡回检查记录','2016-10-07 09:00:00','漏巡','8','漏巡','',NULL,NULL),(20518,16,6,'绞车运行日志及巡回检查记录',1,'管理员',7,'绞车运行日志及巡回检查记录','007','绞车运行日志及巡回检查记录','2016-10-07 10:00:00','漏巡','9','漏巡','',NULL,NULL),(20519,17,6,'绞车运行日志及巡回检查记录',1,'管理员',7,'绞车运行日志及巡回检查记录','007','绞车运行日志及巡回检查记录','2016-10-07 11:00:00','漏巡','10','漏巡','',NULL,NULL),(20520,23,6,'绞车运行日志及巡回检查记录',1,'管理员',7,'绞车运行日志及巡回检查记录','007','绞车运行日志及巡回检查记录','2016-10-07 17:00:00','漏巡','16','漏巡','',NULL,NULL),(20521,1,7,'提升机安全保护装置检查试验记录',1,'管理员',6,'提升系统钳工周检','006','提升系统钳工周检','2016-11-05 00:00:00','漏巡','1','漏巡','',NULL,NULL),(20522,1,7,'提升机安全保护装置检查试验记录',1,'管理员',7,'绞车运行日志及巡回检查记录','007','绞车运行日志及巡回检查记录','2016-11-05 00:00:00','漏巡','1','漏巡','',NULL,NULL),(20523,1,7,'提升机安全保护装置检查试验记录',1,'管理员',8,'车房电工定期维护检修记录','008','车房电工定期维护检修记录','2016-11-05 00:00:00','漏巡','1','漏巡','',NULL,NULL),(20524,1,7,'提升机安全保护装置检查试验记录',1,'管理员',2,'提升机安全保护装置','002','提升机安全保护装置','2016-11-05 00:00:00','漏巡','1','漏巡','',NULL,NULL),(20525,1,7,'提升机安全保护装置检查试验记录',1,'管理员',3,'提升系统起重工周检','003','提升系统起重工周检','2016-11-05 00:00:00','漏巡','1','漏巡','',NULL,NULL),(20526,1,7,'提升机安全保护装置检查试验记录',1,'管理员',4,'提升系统钳工包机日检（一）','004','提升系统钳工包机日检（一）','2016-11-05 00:00:00','漏巡','1','漏巡','',NULL,NULL),(20527,1,7,'提升机安全保护装置检查试验记录',1,'管理员',5,'提升系统钳工包机日检（二）','005','提升系统钳工包机日检（二）','2016-11-05 00:00:00','漏巡','1','漏巡','',NULL,NULL),(20528,1,7,'提升机安全保护装置检查试验记录',1,'管理员',1,'多绳绞车钢丝绳','001','多绳绞车钢丝绳','2016-11-05 00:00:00','漏巡','1','漏巡','',NULL,NULL),(20529,2,1,'多绳绞车钢丝绳查验记录',1,'管理员',1,'多绳绞车钢丝绳','001','多绳绞车钢丝绳','2016-11-05 00:00:00','漏巡','1','漏巡','',NULL,NULL),(20530,3,8,'车房电工定期维护检修记录',1,'管理员',8,'车房电工定期维护检修记录','008','车房电工定期维护检修记录','2016-11-05 00:00:00','漏巡','1','漏巡','',NULL,NULL),(20531,3,8,'车房电工定期维护检修记录',1,'管理员',2,'提升机安全保护装置','002','提升机安全保护装置','2016-11-05 00:00:00','漏巡','1','漏巡','',NULL,NULL),(20532,3,8,'车房电工定期维护检修记录',1,'管理员',1,'多绳绞车钢丝绳','001','多绳绞车钢丝绳','2016-11-05 00:00:00','漏巡','1','漏巡','',NULL,NULL),(20533,5,5,'提升系统起重工周检',1,'管理员',3,'提升系统起重工周检','003','提升系统起重工周检','2016-10-31 00:00:00','漏巡','1','漏巡','',NULL,NULL),(20534,6,4,'提升系统钳工周检',1,'管理员',6,'提升系统钳工周检','006','提升系统钳工周检','2016-10-31 00:00:00','漏巡','1','漏巡','',NULL,NULL),(20535,7,3,'提升系统钳工包机日检（二）',1,'管理员',2,'提升机安全保护装置','002','提升机安全保护装置','2016-11-05 00:00:00','漏巡','1','漏巡','',NULL,NULL),(20536,7,3,'提升系统钳工包机日检（二）',1,'管理员',3,'提升系统起重工周检','003','提升系统起重工周检','2016-11-05 00:00:00','漏巡','1','漏巡','',NULL,NULL),(20537,7,3,'提升系统钳工包机日检（二）',1,'管理员',5,'提升系统钳工包机日检（二）','005','提升系统钳工包机日检（二）','2016-11-05 00:00:00','漏巡','1','漏巡','',NULL,NULL),(20538,7,3,'提升系统钳工包机日检（二）',1,'管理员',1,'多绳绞车钢丝绳','001','多绳绞车钢丝绳','2016-11-05 00:00:00','漏巡','1','漏巡','',NULL,NULL),(20539,8,2,'提升系统钳工包机日检（一）',1,'管理员',2,'提升机安全保护装置','002','提升机安全保护装置','2016-11-05 00:00:00','漏巡','1','漏巡','',NULL,NULL),(20540,8,2,'提升系统钳工包机日检（一）',1,'管理员',4,'提升系统钳工包机日检（一）','004','提升系统钳工包机日检（一）','2016-11-05 00:00:00','漏巡','1','漏巡','',NULL,NULL),(20541,8,2,'提升系统钳工包机日检（一）',1,'管理员',5,'提升系统钳工包机日检（二）','005','提升系统钳工包机日检（二）','2016-11-05 00:00:00','漏巡','1','漏巡','',NULL,NULL),(20542,19,6,'绞车运行日志及巡回检查记录',1,'管理员',7,'绞车运行日志及巡回检查记录','007','绞车运行日志及巡回检查记录','2016-11-05 13:00:00','漏巡','12','漏巡','',NULL,NULL),(20543,20,6,'绞车运行日志及巡回检查记录',1,'管理员',7,'绞车运行日志及巡回检查记录','007','绞车运行日志及巡回检查记录','2016-11-05 14:00:00','漏巡','13','漏巡','',NULL,NULL),(20544,21,6,'绞车运行日志及巡回检查记录',1,'管理员',7,'绞车运行日志及巡回检查记录','007','绞车运行日志及巡回检查记录','2016-11-05 15:00:00','漏巡','14','漏巡','',NULL,NULL),(20545,22,6,'绞车运行日志及巡回检查记录',1,'管理员',7,'绞车运行日志及巡回检查记录','007','绞车运行日志及巡回检查记录','2016-11-05 16:00:00','漏巡','15','漏巡','',NULL,NULL),(20546,23,6,'绞车运行日志及巡回检查记录',1,'管理员',7,'绞车运行日志及巡回检查记录','007','绞车运行日志及巡回检查记录','2016-11-05 17:00:00','漏巡','16','漏巡','',NULL,NULL),(20547,24,6,'绞车运行日志及巡回检查记录',1,'管理员',7,'绞车运行日志及巡回检查记录','007','绞车运行日志及巡回检查记录','2016-11-05 18:00:00','漏巡','17','漏巡','',NULL,NULL),(20548,25,6,'绞车运行日志及巡回检查记录',1,'管理员',7,'绞车运行日志及巡回检查记录','007','绞车运行日志及巡回检查记录','2016-11-05 19:00:00','漏巡','18','漏巡','',NULL,NULL),(20549,27,6,'绞车运行日志及巡回检查记录',1,'管理员',7,'绞车运行日志及巡回检查记录','007','绞车运行日志及巡回检查记录','2016-11-05 21:00:00','漏巡','20','漏巡','',NULL,NULL),(20550,28,6,'绞车运行日志及巡回检查记录',1,'管理员',7,'绞车运行日志及巡回检查记录','007','绞车运行日志及巡回检查记录','2016-11-05 22:00:00','漏巡','21','漏巡','',NULL,NULL),(20551,29,6,'绞车运行日志及巡回检查记录',1,'管理员',7,'绞车运行日志及巡回检查记录','007','绞车运行日志及巡回检查记录','2016-11-05 23:00:00','漏巡','22','漏巡','',NULL,NULL),(20552,1,7,'提升机安全保护装置检查试验记录',1,'管理员',6,'提升系统钳工周检','006','提升系统钳工周检','2016-11-06 00:00:00','漏巡','1','漏巡','',NULL,NULL),(20553,1,7,'提升机安全保护装置检查试验记录',1,'管理员',7,'绞车运行日志及巡回检查记录','007','绞车运行日志及巡回检查记录','2016-11-06 00:00:00','漏巡','1','漏巡','',NULL,NULL),(20554,1,7,'提升机安全保护装置检查试验记录',1,'管理员',8,'车房电工定期维护检修记录','008','车房电工定期维护检修记录','2016-11-06 00:00:00','漏巡','1','漏巡','',NULL,NULL),(20555,1,7,'提升机安全保护装置检查试验记录',1,'管理员',2,'提升机安全保护装置','002','提升机安全保护装置','2016-11-06 00:00:00','漏巡','1','漏巡','',NULL,NULL),(20556,1,7,'提升机安全保护装置检查试验记录',1,'管理员',3,'提升系统起重工周检','003','提升系统起重工周检','2016-11-06 00:00:00','漏巡','1','漏巡','',NULL,NULL),(20557,1,7,'提升机安全保护装置检查试验记录',1,'管理员',4,'提升系统钳工包机日检（一）','004','提升系统钳工包机日检（一）','2016-11-06 00:00:00','漏巡','1','漏巡','',NULL,NULL),(20558,1,7,'提升机安全保护装置检查试验记录',1,'管理员',5,'提升系统钳工包机日检（二）','005','提升系统钳工包机日检（二）','2016-11-06 00:00:00','漏巡','1','漏巡','',NULL,NULL),(20559,1,7,'提升机安全保护装置检查试验记录',1,'管理员',1,'多绳绞车钢丝绳','001','多绳绞车钢丝绳','2016-11-06 00:00:00','漏巡','1','漏巡','',NULL,NULL),(20560,2,1,'多绳绞车钢丝绳查验记录',1,'管理员',1,'多绳绞车钢丝绳','001','多绳绞车钢丝绳','2016-11-06 00:00:00','漏巡','1','漏巡','',NULL,NULL),(20561,3,8,'车房电工定期维护检修记录',1,'管理员',8,'车房电工定期维护检修记录','008','车房电工定期维护检修记录','2016-11-06 00:00:00','漏巡','1','漏巡','',NULL,NULL),(20562,3,8,'车房电工定期维护检修记录',1,'管理员',2,'提升机安全保护装置','002','提升机安全保护装置','2016-11-06 00:00:00','漏巡','1','漏巡','',NULL,NULL),(20563,3,8,'车房电工定期维护检修记录',1,'管理员',1,'多绳绞车钢丝绳','001','多绳绞车钢丝绳','2016-11-06 00:00:00','漏巡','1','漏巡','',NULL,NULL),(20564,7,3,'提升系统钳工包机日检（二）',1,'管理员',2,'提升机安全保护装置','002','提升机安全保护装置','2016-11-06 00:00:00','漏巡','1','漏巡','',NULL,NULL),(20565,7,3,'提升系统钳工包机日检（二）',1,'管理员',3,'提升系统起重工周检','003','提升系统起重工周检','2016-11-06 00:00:00','漏巡','1','漏巡','',NULL,NULL),(20566,7,3,'提升系统钳工包机日检（二）',1,'管理员',5,'提升系统钳工包机日检（二）','005','提升系统钳工包机日检（二）','2016-11-06 00:00:00','漏巡','1','漏巡','',NULL,NULL),(20567,7,3,'提升系统钳工包机日检（二）',1,'管理员',1,'多绳绞车钢丝绳','001','多绳绞车钢丝绳','2016-11-06 00:00:00','漏巡','1','漏巡','',NULL,NULL),(20568,8,2,'提升系统钳工包机日检（一）',1,'管理员',2,'提升机安全保护装置','002','提升机安全保护装置','2016-11-06 00:00:00','漏巡','1','漏巡','',NULL,NULL),(20569,8,2,'提升系统钳工包机日检（一）',1,'管理员',4,'提升系统钳工包机日检（一）','004','提升系统钳工包机日检（一）','2016-11-06 00:00:00','漏巡','1','漏巡','',NULL,NULL),(20570,8,2,'提升系统钳工包机日检（一）',1,'管理员',5,'提升系统钳工包机日检（二）','005','提升系统钳工包机日检（二）','2016-11-06 00:00:00','漏巡','1','漏巡','',NULL,NULL),(20571,30,6,'绞车运行日志及巡回检查记录',1,'管理员',7,'绞车运行日志及巡回检查记录','007','绞车运行日志及巡回检查记录','2016-11-06 00:00:00','漏巡','23','漏巡','',NULL,NULL),(20572,20,6,'绞车运行日志及巡回检查记录',1,'管理员',7,'绞车运行日志及巡回检查记录','007','绞车运行日志及巡回检查记录','2016-11-06 14:00:00','漏巡','13','漏巡','',NULL,NULL),(20573,21,6,'绞车运行日志及巡回检查记录',1,'管理员',7,'绞车运行日志及巡回检查记录','007','绞车运行日志及巡回检查记录','2016-11-06 15:00:00','漏巡','14','漏巡','',NULL,NULL),(20574,22,6,'绞车运行日志及巡回检查记录',1,'管理员',7,'绞车运行日志及巡回检查记录','007','绞车运行日志及巡回检查记录','2016-11-06 16:00:00','漏巡','15','漏巡','',NULL,NULL),(20575,23,6,'绞车运行日志及巡回检查记录',1,'管理员',7,'绞车运行日志及巡回检查记录','007','绞车运行日志及巡回检查记录','2016-11-06 17:00:00','漏巡','16','漏巡','',NULL,NULL),(20576,24,6,'绞车运行日志及巡回检查记录',1,'管理员',7,'绞车运行日志及巡回检查记录','007','绞车运行日志及巡回检查记录','2016-11-06 18:00:00','漏巡','17','漏巡','',NULL,NULL),(20577,25,6,'绞车运行日志及巡回检查记录',1,'管理员',7,'绞车运行日志及巡回检查记录','007','绞车运行日志及巡回检查记录','2016-11-06 19:00:00','漏巡','18','漏巡','',NULL,NULL),(20578,26,6,'绞车运行日志及巡回检查记录',1,'管理员',7,'绞车运行日志及巡回检查记录','007','绞车运行日志及巡回检查记录','2016-11-06 20:00:00','漏巡','19','漏巡','',NULL,NULL),(20579,27,6,'绞车运行日志及巡回检查记录',1,'管理员',7,'绞车运行日志及巡回检查记录','007','绞车运行日志及巡回检查记录','2016-11-06 21:00:00','漏巡','20','漏巡','',NULL,NULL),(20580,28,6,'绞车运行日志及巡回检查记录',1,'管理员',7,'绞车运行日志及巡回检查记录','007','绞车运行日志及巡回检查记录','2016-11-06 22:00:00','漏巡','21','漏巡','',NULL,NULL),(20581,29,6,'绞车运行日志及巡回检查记录',1,'管理员',7,'绞车运行日志及巡回检查记录','007','绞车运行日志及巡回检查记录','2016-11-06 23:00:00','漏巡','22','漏巡','',NULL,NULL),(20582,1,7,'提升机安全保护装置检查试验记录',1,'管理员',6,'提升系统钳工周检','006','提升系统钳工周检','2016-11-07 00:00:00','漏巡','1','漏巡','',NULL,NULL),(20583,1,7,'提升机安全保护装置检查试验记录',1,'管理员',7,'绞车运行日志及巡回检查记录','007','绞车运行日志及巡回检查记录','2016-11-07 00:00:00','漏巡','1','漏巡','',NULL,NULL),(20584,1,7,'提升机安全保护装置检查试验记录',1,'管理员',8,'车房电工定期维护检修记录','008','车房电工定期维护检修记录','2016-11-07 00:00:00','漏巡','1','漏巡','',NULL,NULL),(20585,1,7,'提升机安全保护装置检查试验记录',1,'管理员',2,'提升机安全保护装置','002','提升机安全保护装置','2016-11-07 00:00:00','漏巡','1','漏巡','',NULL,NULL),(20586,1,7,'提升机安全保护装置检查试验记录',1,'管理员',3,'提升系统起重工周检','003','提升系统起重工周检','2016-11-07 00:00:00','漏巡','1','漏巡','',NULL,NULL),(20587,1,7,'提升机安全保护装置检查试验记录',1,'管理员',4,'提升系统钳工包机日检（一）','004','提升系统钳工包机日检（一）','2016-11-07 00:00:00','漏巡','1','漏巡','',NULL,NULL),(20588,1,7,'提升机安全保护装置检查试验记录',1,'管理员',5,'提升系统钳工包机日检（二）','005','提升系统钳工包机日检（二）','2016-11-07 00:00:00','漏巡','1','漏巡','',NULL,NULL),(20589,1,7,'提升机安全保护装置检查试验记录',1,'管理员',1,'多绳绞车钢丝绳','001','多绳绞车钢丝绳','2016-11-07 00:00:00','漏巡','1','漏巡','',NULL,NULL),(20590,2,1,'多绳绞车钢丝绳查验记录',1,'管理员',1,'多绳绞车钢丝绳','001','多绳绞车钢丝绳','2016-11-07 00:00:00','漏巡','1','漏巡','',NULL,NULL),(20591,3,8,'车房电工定期维护检修记录',1,'管理员',8,'车房电工定期维护检修记录','008','车房电工定期维护检修记录','2016-11-07 00:00:00','漏巡','1','漏巡','',NULL,NULL),(20592,3,8,'车房电工定期维护检修记录',1,'管理员',2,'提升机安全保护装置','002','提升机安全保护装置','2016-11-07 00:00:00','漏巡','1','漏巡','',NULL,NULL),(20593,3,8,'车房电工定期维护检修记录',1,'管理员',1,'多绳绞车钢丝绳','001','多绳绞车钢丝绳','2016-11-07 00:00:00','漏巡','1','漏巡','',NULL,NULL),(20594,5,5,'提升系统起重工周检',1,'管理员',3,'提升系统起重工周检','003','提升系统起重工周检','2016-11-07 00:00:00','漏巡','1','漏巡','',NULL,NULL),(20595,6,4,'提升系统钳工周检',1,'管理员',6,'提升系统钳工周检','006','提升系统钳工周检','2016-11-07 00:00:00','漏巡','1','漏巡','',NULL,NULL),(20596,7,3,'提升系统钳工包机日检（二）',1,'管理员',2,'提升机安全保护装置','002','提升机安全保护装置','2016-11-07 00:00:00','漏巡','1','漏巡','',NULL,NULL),(20597,7,3,'提升系统钳工包机日检（二）',1,'管理员',3,'提升系统起重工周检','003','提升系统起重工周检','2016-11-07 00:00:00','漏巡','1','漏巡','',NULL,NULL),(20598,7,3,'提升系统钳工包机日检（二）',1,'管理员',5,'提升系统钳工包机日检（二）','005','提升系统钳工包机日检（二）','2016-11-07 00:00:00','漏巡','1','漏巡','',NULL,NULL),(20599,7,3,'提升系统钳工包机日检（二）',1,'管理员',1,'多绳绞车钢丝绳','001','多绳绞车钢丝绳','2016-11-07 00:00:00','漏巡','1','漏巡','',NULL,NULL),(20600,8,2,'提升系统钳工包机日检（一）',1,'管理员',2,'提升机安全保护装置','002','提升机安全保护装置','2016-11-07 00:00:00','漏巡','1','漏巡','',NULL,NULL),(20601,8,2,'提升系统钳工包机日检（一）',1,'管理员',4,'提升系统钳工包机日检（一）','004','提升系统钳工包机日检（一）','2016-11-07 00:00:00','漏巡','1','漏巡','',NULL,NULL),(20602,8,2,'提升系统钳工包机日检（一）',1,'管理员',5,'提升系统钳工包机日检（二）','005','提升系统钳工包机日检（二）','2016-11-07 00:00:00','漏巡','1','漏巡','',NULL,NULL),(20603,30,6,'绞车运行日志及巡回检查记录',1,'管理员',7,'绞车运行日志及巡回检查记录','007','绞车运行日志及巡回检查记录','2016-11-07 00:00:00','漏巡','23','漏巡','',NULL,NULL),(20604,31,6,'绞车运行日志及巡回检查记录',1,'管理员',7,'绞车运行日志及巡回检查记录','007','绞车运行日志及巡回检查记录','2016-11-07 01:00:00','漏巡','24','漏巡','',NULL,NULL),(20605,1,7,'提升机安全保护装置检查试验记录',1,'管理员',6,'提升系统钳工周检','006','提升系统钳工周检','2016-11-08 00:00:00','漏巡','1','漏巡','',NULL,NULL),(20606,1,7,'提升机安全保护装置检查试验记录',1,'管理员',7,'绞车运行日志及巡回检查记录','007','绞车运行日志及巡回检查记录','2016-11-08 00:00:00','漏巡','1','漏巡','',NULL,NULL),(20607,1,7,'提升机安全保护装置检查试验记录',1,'管理员',8,'车房电工定期维护检修记录','008','车房电工定期维护检修记录','2016-11-08 00:00:00','漏巡','1','漏巡','',NULL,NULL),(20608,1,7,'提升机安全保护装置检查试验记录',1,'管理员',2,'提升机安全保护装置','002','提升机安全保护装置','2016-11-08 00:00:00','漏巡','1','漏巡','',NULL,NULL),(20609,1,7,'提升机安全保护装置检查试验记录',1,'管理员',3,'提升系统起重工周检','003','提升系统起重工周检','2016-11-08 00:00:00','漏巡','1','漏巡','',NULL,NULL),(20610,1,7,'提升机安全保护装置检查试验记录',1,'管理员',4,'提升系统钳工包机日检（一）','004','提升系统钳工包机日检（一）','2016-11-08 00:00:00','漏巡','1','漏巡','',NULL,NULL),(20611,1,7,'提升机安全保护装置检查试验记录',1,'管理员',5,'提升系统钳工包机日检（二）','005','提升系统钳工包机日检（二）','2016-11-08 00:00:00','漏巡','1','漏巡','',NULL,NULL),(20612,1,7,'提升机安全保护装置检查试验记录',1,'管理员',1,'多绳绞车钢丝绳','001','多绳绞车钢丝绳','2016-11-08 00:00:00','漏巡','1','漏巡','',NULL,NULL),(20613,2,1,'多绳绞车钢丝绳查验记录',1,'管理员',1,'多绳绞车钢丝绳','001','多绳绞车钢丝绳','2016-11-08 00:00:00','漏巡','1','漏巡','',NULL,NULL),(20614,3,8,'车房电工定期维护检修记录',1,'管理员',8,'车房电工定期维护检修记录','008','车房电工定期维护检修记录','2016-11-08 00:00:00','漏巡','1','漏巡','',NULL,NULL),(20615,3,8,'车房电工定期维护检修记录',1,'管理员',2,'提升机安全保护装置','002','提升机安全保护装置','2016-11-08 00:00:00','漏巡','1','漏巡','',NULL,NULL),(20616,3,8,'车房电工定期维护检修记录',1,'管理员',1,'多绳绞车钢丝绳','001','多绳绞车钢丝绳','2016-11-08 00:00:00','漏巡','1','漏巡','',NULL,NULL),(20617,7,3,'提升系统钳工包机日检（二）',1,'管理员',2,'提升机安全保护装置','002','提升机安全保护装置','2016-11-08 00:00:00','漏巡','1','漏巡','',NULL,NULL),(20618,7,3,'提升系统钳工包机日检（二）',1,'管理员',3,'提升系统起重工周检','003','提升系统起重工周检','2016-11-08 00:00:00','漏巡','1','漏巡','',NULL,NULL),(20619,7,3,'提升系统钳工包机日检（二）',1,'管理员',5,'提升系统钳工包机日检（二）','005','提升系统钳工包机日检（二）','2016-11-08 00:00:00','漏巡','1','漏巡','',NULL,NULL),(20620,7,3,'提升系统钳工包机日检（二）',1,'管理员',1,'多绳绞车钢丝绳','001','多绳绞车钢丝绳','2016-11-08 00:00:00','漏巡','1','漏巡','',NULL,NULL),(20621,8,2,'提升系统钳工包机日检（一）',1,'管理员',2,'提升机安全保护装置','002','提升机安全保护装置','2016-11-08 00:00:00','漏巡','1','漏巡','',NULL,NULL),(20622,8,2,'提升系统钳工包机日检（一）',1,'管理员',4,'提升系统钳工包机日检（一）','004','提升系统钳工包机日检（一）','2016-11-08 00:00:00','漏巡','1','漏巡','',NULL,NULL),(20623,8,2,'提升系统钳工包机日检（一）',1,'管理员',5,'提升系统钳工包机日检（二）','005','提升系统钳工包机日检（二）','2016-11-08 00:00:00','漏巡','1','漏巡','',NULL,NULL),(20624,27,6,'绞车运行日志及巡回检查记录',1,'管理员',7,'绞车运行日志及巡回检查记录','007','绞车运行日志及巡回检查记录','2016-11-08 21:00:00','漏巡','20','漏巡','',NULL,NULL),(20625,28,6,'绞车运行日志及巡回检查记录',1,'管理员',7,'绞车运行日志及巡回检查记录','007','绞车运行日志及巡回检查记录','2016-11-08 22:00:00','漏巡','21','漏巡','',NULL,NULL),(20626,29,6,'绞车运行日志及巡回检查记录',1,'管理员',7,'绞车运行日志及巡回检查记录','007','绞车运行日志及巡回检查记录','2016-11-08 23:00:00','漏巡','22','漏巡','',NULL,NULL),(20627,1,7,'提升机安全保护装置检查试验记录',1,'管理员',6,'提升系统钳工周检','006','提升系统钳工周检','2016-11-09 00:00:00','漏巡','1','漏巡','',NULL,NULL),(20628,1,7,'提升机安全保护装置检查试验记录',1,'管理员',7,'绞车运行日志及巡回检查记录','007','绞车运行日志及巡回检查记录','2016-11-09 00:00:00','漏巡','1','漏巡','',NULL,NULL),(20629,1,7,'提升机安全保护装置检查试验记录',1,'管理员',8,'车房电工定期维护检修记录','008','车房电工定期维护检修记录','2016-11-09 00:00:00','漏巡','1','漏巡','',NULL,NULL),(20630,1,7,'提升机安全保护装置检查试验记录',1,'管理员',2,'提升机安全保护装置','002','提升机安全保护装置','2016-11-09 00:00:00','漏巡','1','漏巡','',NULL,NULL),(20631,1,7,'提升机安全保护装置检查试验记录',1,'管理员',3,'提升系统起重工周检','003','提升系统起重工周检','2016-11-09 00:00:00','漏巡','1','漏巡','',NULL,NULL),(20632,1,7,'提升机安全保护装置检查试验记录',1,'管理员',4,'提升系统钳工包机日检（一）','004','提升系统钳工包机日检（一）','2016-11-09 00:00:00','漏巡','1','漏巡','',NULL,NULL),(20633,1,7,'提升机安全保护装置检查试验记录',1,'管理员',5,'提升系统钳工包机日检（二）','005','提升系统钳工包机日检（二）','2016-11-09 00:00:00','漏巡','1','漏巡','',NULL,NULL),(20634,1,7,'提升机安全保护装置检查试验记录',1,'管理员',1,'多绳绞车钢丝绳','001','多绳绞车钢丝绳','2016-11-09 00:00:00','漏巡','1','漏巡','',NULL,NULL),(20635,2,1,'多绳绞车钢丝绳查验记录',1,'管理员',1,'多绳绞车钢丝绳','001','多绳绞车钢丝绳','2016-11-09 00:00:00','漏巡','1','漏巡','',NULL,NULL),(20636,3,8,'车房电工定期维护检修记录',1,'管理员',8,'车房电工定期维护检修记录','008','车房电工定期维护检修记录','2016-11-09 00:00:00','漏巡','1','漏巡','',NULL,NULL),(20637,3,8,'车房电工定期维护检修记录',1,'管理员',2,'提升机安全保护装置','002','提升机安全保护装置','2016-11-09 00:00:00','漏巡','1','漏巡','',NULL,NULL),(20638,3,8,'车房电工定期维护检修记录',1,'管理员',1,'多绳绞车钢丝绳','001','多绳绞车钢丝绳','2016-11-09 00:00:00','漏巡','1','漏巡','',NULL,NULL),(20639,7,3,'提升系统钳工包机日检（二）',1,'管理员',2,'提升机安全保护装置','002','提升机安全保护装置','2016-11-09 00:00:00','漏巡','1','漏巡','',NULL,NULL),(20640,7,3,'提升系统钳工包机日检（二）',1,'管理员',3,'提升系统起重工周检','003','提升系统起重工周检','2016-11-09 00:00:00','漏巡','1','漏巡','',NULL,NULL),(20641,7,3,'提升系统钳工包机日检（二）',1,'管理员',5,'提升系统钳工包机日检（二）','005','提升系统钳工包机日检（二）','2016-11-09 00:00:00','漏巡','1','漏巡','',NULL,NULL),(20642,7,3,'提升系统钳工包机日检（二）',1,'管理员',1,'多绳绞车钢丝绳','001','多绳绞车钢丝绳','2016-11-09 00:00:00','漏巡','1','漏巡','',NULL,NULL),(20643,8,2,'提升系统钳工包机日检（一）',1,'管理员',2,'提升机安全保护装置','002','提升机安全保护装置','2016-11-09 00:00:00','漏巡','1','漏巡','',NULL,NULL),(20644,8,2,'提升系统钳工包机日检（一）',1,'管理员',4,'提升系统钳工包机日检（一）','004','提升系统钳工包机日检（一）','2016-11-09 00:00:00','漏巡','1','漏巡','',NULL,NULL),(20645,8,2,'提升系统钳工包机日检（一）',1,'管理员',5,'提升系统钳工包机日检（二）','005','提升系统钳工包机日检（二）','2016-11-09 00:00:00','漏巡','1','漏巡','',NULL,NULL),(20646,30,6,'绞车运行日志及巡回检查记录',1,'管理员',7,'绞车运行日志及巡回检查记录','007','绞车运行日志及巡回检查记录','2016-11-09 00:00:00','漏巡','23','漏巡','',NULL,NULL),(20647,31,6,'绞车运行日志及巡回检查记录',1,'管理员',7,'绞车运行日志及巡回检查记录','007','绞车运行日志及巡回检查记录','2016-11-09 01:00:00','漏巡','24','漏巡','',NULL,NULL),(20648,4,6,'绞车运行日志及巡回检查记录',1,'管理员',7,'绞车运行日志及巡回检查记录','007','绞车运行日志及巡回检查记录','2016-11-09 02:00:00','漏巡','1','漏巡','',NULL,NULL),(20649,9,6,'绞车运行日志及巡回检查记录',1,'管理员',7,'绞车运行日志及巡回检查记录','007','绞车运行日志及巡回检查记录','2016-11-09 03:00:00','漏巡','2','漏巡','',NULL,NULL),(20650,10,6,'绞车运行日志及巡回检查记录',1,'管理员',7,'绞车运行日志及巡回检查记录','007','绞车运行日志及巡回检查记录','2016-11-09 04:00:00','漏巡','3','漏巡','',NULL,NULL),(20651,11,6,'绞车运行日志及巡回检查记录',1,'管理员',7,'绞车运行日志及巡回检查记录','007','绞车运行日志及巡回检查记录','2016-11-09 05:00:00','漏巡','4','漏巡','',NULL,NULL),(20652,12,6,'绞车运行日志及巡回检查记录',1,'管理员',7,'绞车运行日志及巡回检查记录','007','绞车运行日志及巡回检查记录','2016-11-09 06:00:00','漏巡','5','漏巡','',NULL,NULL),(20653,13,6,'绞车运行日志及巡回检查记录',1,'管理员',7,'绞车运行日志及巡回检查记录','007','绞车运行日志及巡回检查记录','2016-11-09 07:00:00','漏巡','6','漏巡','',NULL,NULL),(20654,14,6,'绞车运行日志及巡回检查记录',1,'管理员',7,'绞车运行日志及巡回检查记录','007','绞车运行日志及巡回检查记录','2016-11-09 08:00:00','漏巡','7','漏巡','',NULL,NULL),(20655,15,6,'绞车运行日志及巡回检查记录',1,'管理员',7,'绞车运行日志及巡回检查记录','007','绞车运行日志及巡回检查记录','2016-11-09 09:00:00','漏巡','8','漏巡','',NULL,NULL),(20656,16,6,'绞车运行日志及巡回检查记录',1,'管理员',7,'绞车运行日志及巡回检查记录','007','绞车运行日志及巡回检查记录','2016-11-09 10:00:00','漏巡','9','漏巡','',NULL,NULL),(20657,17,6,'绞车运行日志及巡回检查记录',1,'管理员',7,'绞车运行日志及巡回检查记录','007','绞车运行日志及巡回检查记录','2016-11-09 11:00:00','漏巡','10','漏巡','',NULL,NULL),(20658,18,6,'绞车运行日志及巡回检查记录',1,'管理员',7,'绞车运行日志及巡回检查记录','007','绞车运行日志及巡回检查记录','2016-11-09 12:00:00','漏巡','11','漏巡','',NULL,NULL),(20659,19,6,'绞车运行日志及巡回检查记录',1,'管理员',7,'绞车运行日志及巡回检查记录','007','绞车运行日志及巡回检查记录','2016-11-09 13:00:00','漏巡','12','漏巡','',NULL,NULL),(20660,20,6,'绞车运行日志及巡回检查记录',1,'管理员',7,'绞车运行日志及巡回检查记录','007','绞车运行日志及巡回检查记录','2016-11-09 14:00:00','漏巡','13','漏巡','',NULL,NULL),(20661,21,6,'绞车运行日志及巡回检查记录',1,'管理员',7,'绞车运行日志及巡回检查记录','007','绞车运行日志及巡回检查记录','2016-11-09 15:00:00','漏巡','14','漏巡','',NULL,NULL),(20662,22,6,'绞车运行日志及巡回检查记录',1,'管理员',7,'绞车运行日志及巡回检查记录','007','绞车运行日志及巡回检查记录','2016-11-09 16:00:00','漏巡','15','漏巡','',NULL,NULL),(20663,23,6,'绞车运行日志及巡回检查记录',1,'管理员',7,'绞车运行日志及巡回检查记录','007','绞车运行日志及巡回检查记录','2016-11-09 17:00:00','漏巡','16','漏巡','',NULL,NULL),(20664,24,6,'绞车运行日志及巡回检查记录',1,'管理员',7,'绞车运行日志及巡回检查记录','007','绞车运行日志及巡回检查记录','2016-11-09 18:00:00','漏巡','17','漏巡','',NULL,NULL),(20665,25,6,'绞车运行日志及巡回检查记录',1,'管理员',7,'绞车运行日志及巡回检查记录','007','绞车运行日志及巡回检查记录','2016-11-09 19:00:00','漏巡','18','漏巡','',NULL,NULL),(20666,26,6,'绞车运行日志及巡回检查记录',1,'管理员',7,'绞车运行日志及巡回检查记录','007','绞车运行日志及巡回检查记录','2016-11-09 20:00:00','漏巡','19','漏巡','',NULL,NULL),(20667,27,6,'绞车运行日志及巡回检查记录',1,'管理员',7,'绞车运行日志及巡回检查记录','007','绞车运行日志及巡回检查记录','2016-11-09 21:00:00','漏巡','20','漏巡','',NULL,NULL),(20668,28,6,'绞车运行日志及巡回检查记录',1,'管理员',7,'绞车运行日志及巡回检查记录','007','绞车运行日志及巡回检查记录','2016-11-09 22:00:00','漏巡','21','漏巡','',NULL,NULL),(20669,29,6,'绞车运行日志及巡回检查记录',1,'管理员',7,'绞车运行日志及巡回检查记录','007','绞车运行日志及巡回检查记录','2016-11-09 23:00:00','漏巡','22','漏巡','',NULL,NULL),(20670,1,7,'提升机安全保护装置检查试验记录',1,'管理员',6,'提升系统钳工周检','006','提升系统钳工周检','2016-11-15 00:00:00','漏巡','1','漏巡','',NULL,NULL),(20671,1,7,'提升机安全保护装置检查试验记录',1,'管理员',7,'绞车运行日志及巡回检查记录','007','绞车运行日志及巡回检查记录','2016-11-15 00:00:00','漏巡','1','漏巡','',NULL,NULL),(20672,1,7,'提升机安全保护装置检查试验记录',1,'管理员',8,'车房电工定期维护检修记录','008','车房电工定期维护检修记录','2016-11-15 00:00:00','漏巡','1','漏巡','',NULL,NULL),(20673,1,7,'提升机安全保护装置检查试验记录',1,'管理员',2,'提升机安全保护装置','002','提升机安全保护装置','2016-11-15 00:00:00','漏巡','1','漏巡','',NULL,NULL),(20674,1,7,'提升机安全保护装置检查试验记录',1,'管理员',3,'提升系统起重工周检','003','提升系统起重工周检','2016-11-15 00:00:00','漏巡','1','漏巡','',NULL,NULL),(20675,1,7,'提升机安全保护装置检查试验记录',1,'管理员',4,'提升系统钳工包机日检（一）','004','提升系统钳工包机日检（一）','2016-11-15 00:00:00','漏巡','1','漏巡','',NULL,NULL),(20676,1,7,'提升机安全保护装置检查试验记录',1,'管理员',5,'提升系统钳工包机日检（二）','005','提升系统钳工包机日检（二）','2016-11-15 00:00:00','漏巡','1','漏巡','',NULL,NULL),(20677,1,7,'提升机安全保护装置检查试验记录',1,'管理员',1,'多绳绞车钢丝绳','001','多绳绞车钢丝绳','2016-11-15 00:00:00','漏巡','1','漏巡','',NULL,NULL),(20678,2,1,'多绳绞车钢丝绳查验记录',1,'管理员',1,'多绳绞车钢丝绳','001','多绳绞车钢丝绳','2016-11-15 00:00:00','漏巡','1','漏巡','',NULL,NULL),(20679,3,8,'车房电工定期维护检修记录',1,'管理员',8,'车房电工定期维护检修记录','008','车房电工定期维护检修记录','2016-11-15 00:00:00','漏巡','1','漏巡','',NULL,NULL),(20680,3,8,'车房电工定期维护检修记录',1,'管理员',2,'提升机安全保护装置','002','提升机安全保护装置','2016-11-15 00:00:00','漏巡','1','漏巡','',NULL,NULL),(20681,3,8,'车房电工定期维护检修记录',1,'管理员',1,'多绳绞车钢丝绳','001','多绳绞车钢丝绳','2016-11-15 00:00:00','漏巡','1','漏巡','',NULL,NULL),(20682,5,5,'提升系统起重工周检',1,'管理员',3,'提升系统起重工周检','003','提升系统起重工周检','2016-11-14 00:00:00','漏巡','1','漏巡','',NULL,NULL),(20683,6,4,'提升系统钳工周检',1,'管理员',6,'提升系统钳工周检','006','提升系统钳工周检','2016-11-14 00:00:00','漏巡','1','漏巡','',NULL,NULL),(20684,7,3,'提升系统钳工包机日检（二）',1,'管理员',2,'提升机安全保护装置','002','提升机安全保护装置','2016-11-15 00:00:00','漏巡','1','漏巡','',NULL,NULL),(20685,7,3,'提升系统钳工包机日检（二）',1,'管理员',3,'提升系统起重工周检','003','提升系统起重工周检','2016-11-15 00:00:00','漏巡','1','漏巡','',NULL,NULL),(20686,7,3,'提升系统钳工包机日检（二）',1,'管理员',5,'提升系统钳工包机日检（二）','005','提升系统钳工包机日检（二）','2016-11-15 00:00:00','漏巡','1','漏巡','',NULL,NULL),(20687,7,3,'提升系统钳工包机日检（二）',1,'管理员',1,'多绳绞车钢丝绳','001','多绳绞车钢丝绳','2016-11-15 00:00:00','漏巡','1','漏巡','',NULL,NULL),(20688,8,2,'提升系统钳工包机日检（一）',1,'管理员',2,'提升机安全保护装置','002','提升机安全保护装置','2016-11-15 00:00:00','漏巡','1','漏巡','',NULL,NULL),(20689,8,2,'提升系统钳工包机日检（一）',1,'管理员',4,'提升系统钳工包机日检（一）','004','提升系统钳工包机日检（一）','2016-11-15 00:00:00','漏巡','1','漏巡','',NULL,NULL),(20690,8,2,'提升系统钳工包机日检（一）',1,'管理员',5,'提升系统钳工包机日检（二）','005','提升系统钳工包机日检（二）','2016-11-15 00:00:00','漏巡','1','漏巡','',NULL,NULL),(20691,27,6,'绞车运行日志及巡回检查记录',1,'管理员',7,'绞车运行日志及巡回检查记录','007','绞车运行日志及巡回检查记录','2016-11-15 21:00:00','漏巡','20','漏巡','',NULL,NULL),(20692,28,6,'绞车运行日志及巡回检查记录',1,'管理员',7,'绞车运行日志及巡回检查记录','007','绞车运行日志及巡回检查记录','2016-11-15 22:00:00','漏巡','21','漏巡','',NULL,NULL),(20693,29,6,'绞车运行日志及巡回检查记录',1,'管理员',7,'绞车运行日志及巡回检查记录','007','绞车运行日志及巡回检查记录','2016-11-15 23:00:00','漏巡','22','漏巡','',NULL,NULL),(20694,1,7,'提升机安全保护装置检查试验记录',1,'管理员',6,'提升系统钳工周检','006','提升系统钳工周检','2016-11-16 00:00:00','漏巡','1','漏巡','',NULL,NULL),(20695,1,7,'提升机安全保护装置检查试验记录',1,'管理员',7,'绞车运行日志及巡回检查记录','007','绞车运行日志及巡回检查记录','2016-11-16 00:00:00','漏巡','1','漏巡','',NULL,NULL),(20696,1,7,'提升机安全保护装置检查试验记录',1,'管理员',8,'车房电工定期维护检修记录','008','车房电工定期维护检修记录','2016-11-16 00:00:00','漏巡','1','漏巡','',NULL,NULL),(20697,1,7,'提升机安全保护装置检查试验记录',1,'管理员',2,'提升机安全保护装置','002','提升机安全保护装置','2016-11-16 00:00:00','漏巡','1','漏巡','',NULL,NULL),(20698,1,7,'提升机安全保护装置检查试验记录',1,'管理员',3,'提升系统起重工周检','003','提升系统起重工周检','2016-11-16 00:00:00','漏巡','1','漏巡','',NULL,NULL),(20699,1,7,'提升机安全保护装置检查试验记录',1,'管理员',4,'提升系统钳工包机日检（一）','004','提升系统钳工包机日检（一）','2016-11-16 00:00:00','漏巡','1','漏巡','',NULL,NULL),(20700,1,7,'提升机安全保护装置检查试验记录',1,'管理员',5,'提升系统钳工包机日检（二）','005','提升系统钳工包机日检（二）','2016-11-16 00:00:00','漏巡','1','漏巡','',NULL,NULL),(20701,1,7,'提升机安全保护装置检查试验记录',1,'管理员',1,'多绳绞车钢丝绳','001','多绳绞车钢丝绳','2016-11-16 00:00:00','漏巡','1','漏巡','',NULL,NULL),(20702,2,1,'多绳绞车钢丝绳查验记录',1,'管理员',1,'多绳绞车钢丝绳','001','多绳绞车钢丝绳','2016-11-16 00:00:00','漏巡','1','漏巡','',NULL,NULL),(20703,3,8,'车房电工定期维护检修记录',1,'管理员',8,'车房电工定期维护检修记录','008','车房电工定期维护检修记录','2016-11-16 00:00:00','漏巡','1','漏巡','',NULL,NULL),(20704,3,8,'车房电工定期维护检修记录',1,'管理员',2,'提升机安全保护装置','002','提升机安全保护装置','2016-11-16 00:00:00','漏巡','1','漏巡','',NULL,NULL),(20705,3,8,'车房电工定期维护检修记录',1,'管理员',1,'多绳绞车钢丝绳','001','多绳绞车钢丝绳','2016-11-16 00:00:00','漏巡','1','漏巡','',NULL,NULL),(20706,7,3,'提升系统钳工包机日检（二）',1,'管理员',2,'提升机安全保护装置','002','提升机安全保护装置','2016-11-16 00:00:00','漏巡','1','漏巡','',NULL,NULL),(20707,7,3,'提升系统钳工包机日检（二）',1,'管理员',3,'提升系统起重工周检','003','提升系统起重工周检','2016-11-16 00:00:00','漏巡','1','漏巡','',NULL,NULL),(20708,7,3,'提升系统钳工包机日检（二）',1,'管理员',5,'提升系统钳工包机日检（二）','005','提升系统钳工包机日检（二）','2016-11-16 00:00:00','漏巡','1','漏巡','',NULL,NULL),(20709,7,3,'提升系统钳工包机日检（二）',1,'管理员',1,'多绳绞车钢丝绳','001','多绳绞车钢丝绳','2016-11-16 00:00:00','漏巡','1','漏巡','',NULL,NULL),(20710,8,2,'提升系统钳工包机日检（一）',1,'管理员',2,'提升机安全保护装置','002','提升机安全保护装置','2016-11-16 00:00:00','漏巡','1','漏巡','',NULL,NULL),(20711,8,2,'提升系统钳工包机日检（一）',1,'管理员',4,'提升系统钳工包机日检（一）','004','提升系统钳工包机日检（一）','2016-11-16 00:00:00','漏巡','1','漏巡','',NULL,NULL),(20712,8,2,'提升系统钳工包机日检（一）',1,'管理员',5,'提升系统钳工包机日检（二）','005','提升系统钳工包机日检（二）','2016-11-16 00:00:00','漏巡','1','漏巡','',NULL,NULL),(20713,30,6,'绞车运行日志及巡回检查记录',1,'管理员',7,'绞车运行日志及巡回检查记录','007','绞车运行日志及巡回检查记录','2016-11-16 00:00:00','漏巡','23','漏巡','',NULL,NULL),(20714,31,6,'绞车运行日志及巡回检查记录',1,'管理员',7,'绞车运行日志及巡回检查记录','007','绞车运行日志及巡回检查记录','2016-11-16 01:00:00','漏巡','24','漏巡','',NULL,NULL),(20715,4,6,'绞车运行日志及巡回检查记录',1,'管理员',7,'绞车运行日志及巡回检查记录','007','绞车运行日志及巡回检查记录','2016-11-16 02:00:00','漏巡','1','漏巡','',NULL,NULL),(20716,9,6,'绞车运行日志及巡回检查记录',1,'管理员',7,'绞车运行日志及巡回检查记录','007','绞车运行日志及巡回检查记录','2016-11-16 03:00:00','漏巡','2','漏巡','',NULL,NULL),(20717,10,6,'绞车运行日志及巡回检查记录',1,'管理员',7,'绞车运行日志及巡回检查记录','007','绞车运行日志及巡回检查记录','2016-11-16 04:00:00','漏巡','3','漏巡','',NULL,NULL),(20718,11,6,'绞车运行日志及巡回检查记录',1,'管理员',7,'绞车运行日志及巡回检查记录','007','绞车运行日志及巡回检查记录','2016-11-16 05:00:00','漏巡','4','漏巡','',NULL,NULL),(20719,1,7,'提升机安全保护装置检查试验记录',1,'管理员',6,'提升系统钳工周检','006','提升系统钳工周检','2016-11-19 00:00:00','漏巡','1','漏巡','',NULL,NULL),(20720,1,7,'提升机安全保护装置检查试验记录',1,'管理员',7,'绞车运行日志及巡回检查记录','007','绞车运行日志及巡回检查记录','2016-11-19 00:00:00','漏巡','1','漏巡','',NULL,NULL),(20721,1,7,'提升机安全保护装置检查试验记录',1,'管理员',8,'车房电工定期维护检修记录','008','车房电工定期维护检修记录','2016-11-19 00:00:00','漏巡','1','漏巡','',NULL,NULL),(20722,1,7,'提升机安全保护装置检查试验记录',1,'管理员',2,'提升机安全保护装置','002','提升机安全保护装置','2016-11-19 00:00:00','漏巡','1','漏巡','',NULL,NULL),(20723,1,7,'提升机安全保护装置检查试验记录',1,'管理员',3,'提升系统起重工周检','003','提升系统起重工周检','2016-11-19 00:00:00','漏巡','1','漏巡','',NULL,NULL),(20724,1,7,'提升机安全保护装置检查试验记录',1,'管理员',4,'提升系统钳工包机日检（一）','004','提升系统钳工包机日检（一）','2016-11-19 00:00:00','漏巡','1','漏巡','',NULL,NULL),(20725,1,7,'提升机安全保护装置检查试验记录',1,'管理员',5,'提升系统钳工包机日检（二）','005','提升系统钳工包机日检（二）','2016-11-19 00:00:00','漏巡','1','漏巡','',NULL,NULL),(20726,1,7,'提升机安全保护装置检查试验记录',1,'管理员',1,'多绳绞车钢丝绳','001','多绳绞车钢丝绳','2016-11-19 00:00:00','漏巡','1','漏巡','',NULL,NULL),(20727,2,1,'多绳绞车钢丝绳查验记录',1,'管理员',1,'多绳绞车钢丝绳','001','多绳绞车钢丝绳','2016-11-19 00:00:00','漏巡','1','漏巡','',NULL,NULL),(20728,3,8,'车房电工定期维护检修记录',1,'管理员',8,'车房电工定期维护检修记录','008','车房电工定期维护检修记录','2016-11-19 00:00:00','漏巡','1','漏巡','',NULL,NULL),(20729,3,8,'车房电工定期维护检修记录',1,'管理员',2,'提升机安全保护装置','002','提升机安全保护装置','2016-11-19 00:00:00','漏巡','1','漏巡','',NULL,NULL),(20730,3,8,'车房电工定期维护检修记录',1,'管理员',1,'多绳绞车钢丝绳','001','多绳绞车钢丝绳','2016-11-19 00:00:00','漏巡','1','漏巡','',NULL,NULL),(20731,7,3,'提升系统钳工包机日检（二）',1,'管理员',2,'提升机安全保护装置','002','提升机安全保护装置','2016-11-19 00:00:00','漏巡','1','漏巡','',NULL,NULL),(20732,7,3,'提升系统钳工包机日检（二）',1,'管理员',3,'提升系统起重工周检','003','提升系统起重工周检','2016-11-19 00:00:00','漏巡','1','漏巡','',NULL,NULL),(20733,7,3,'提升系统钳工包机日检（二）',1,'管理员',5,'提升系统钳工包机日检（二）','005','提升系统钳工包机日检（二）','2016-11-19 00:00:00','漏巡','1','漏巡','',NULL,NULL),(20734,7,3,'提升系统钳工包机日检（二）',1,'管理员',1,'多绳绞车钢丝绳','001','多绳绞车钢丝绳','2016-11-19 00:00:00','漏巡','1','漏巡','',NULL,NULL),(20735,8,2,'提升系统钳工包机日检（一）',1,'管理员',2,'提升机安全保护装置','002','提升机安全保护装置','2016-11-19 00:00:00','漏巡','1','漏巡','',NULL,NULL),(20736,8,2,'提升系统钳工包机日检（一）',1,'管理员',4,'提升系统钳工包机日检（一）','004','提升系统钳工包机日检（一）','2016-11-19 00:00:00','漏巡','1','漏巡','',NULL,NULL),(20737,8,2,'提升系统钳工包机日检（一）',1,'管理员',5,'提升系统钳工包机日检（二）','005','提升系统钳工包机日检（二）','2016-11-19 00:00:00','漏巡','1','漏巡','',NULL,NULL),(20738,24,6,'绞车运行日志及巡回检查记录',1,'管理员',7,'绞车运行日志及巡回检查记录','007','绞车运行日志及巡回检查记录','2016-11-19 18:00:00','漏巡','17','漏巡','',NULL,NULL),(20739,28,6,'绞车运行日志及巡回检查记录',1,'管理员',7,'绞车运行日志及巡回检查记录','007','绞车运行日志及巡回检查记录','2016-11-19 22:00:00','漏巡','21','漏巡','',NULL,NULL),(20740,29,6,'绞车运行日志及巡回检查记录',1,'管理员',7,'绞车运行日志及巡回检查记录','007','绞车运行日志及巡回检查记录','2016-11-19 23:00:00','漏巡','22','漏巡','',NULL,NULL),(20741,1,7,'提升机安全保护装置检查试验记录',1,'管理员',6,'提升系统钳工周检','006','提升系统钳工周检','2016-11-20 00:00:00','漏巡','1','漏巡','',NULL,NULL),(20742,1,7,'提升机安全保护装置检查试验记录',1,'管理员',7,'绞车运行日志及巡回检查记录','007','绞车运行日志及巡回检查记录','2016-11-20 00:00:00','漏巡','1','漏巡','',NULL,NULL),(20743,1,7,'提升机安全保护装置检查试验记录',1,'管理员',8,'车房电工定期维护检修记录','008','车房电工定期维护检修记录','2016-11-20 00:00:00','漏巡','1','漏巡','',NULL,NULL),(20744,1,7,'提升机安全保护装置检查试验记录',1,'管理员',2,'提升机安全保护装置','002','提升机安全保护装置','2016-11-20 00:00:00','漏巡','1','漏巡','',NULL,NULL),(20745,1,7,'提升机安全保护装置检查试验记录',1,'管理员',3,'提升系统起重工周检','003','提升系统起重工周检','2016-11-20 00:00:00','漏巡','1','漏巡','',NULL,NULL),(20746,1,7,'提升机安全保护装置检查试验记录',1,'管理员',4,'提升系统钳工包机日检（一）','004','提升系统钳工包机日检（一）','2016-11-20 00:00:00','漏巡','1','漏巡','',NULL,NULL),(20747,1,7,'提升机安全保护装置检查试验记录',1,'管理员',5,'提升系统钳工包机日检（二）','005','提升系统钳工包机日检（二）','2016-11-20 00:00:00','漏巡','1','漏巡','',NULL,NULL),(20748,1,7,'提升机安全保护装置检查试验记录',1,'管理员',1,'多绳绞车钢丝绳','001','多绳绞车钢丝绳','2016-11-20 00:00:00','漏巡','1','漏巡','',NULL,NULL),(20749,2,1,'多绳绞车钢丝绳查验记录',1,'管理员',1,'多绳绞车钢丝绳','001','多绳绞车钢丝绳','2016-11-20 00:00:00','漏巡','1','漏巡','',NULL,NULL),(20750,3,8,'车房电工定期维护检修记录',1,'管理员',8,'车房电工定期维护检修记录','008','车房电工定期维护检修记录','2016-11-20 00:00:00','漏巡','1','漏巡','',NULL,NULL),(20751,3,8,'车房电工定期维护检修记录',1,'管理员',2,'提升机安全保护装置','002','提升机安全保护装置','2016-11-20 00:00:00','漏巡','1','漏巡','',NULL,NULL),(20752,3,8,'车房电工定期维护检修记录',1,'管理员',1,'多绳绞车钢丝绳','001','多绳绞车钢丝绳','2016-11-20 00:00:00','漏巡','1','漏巡','',NULL,NULL),(20753,7,3,'提升系统钳工包机日检（二）',1,'管理员',2,'提升机安全保护装置','002','提升机安全保护装置','2016-11-20 00:00:00','漏巡','1','漏巡','',NULL,NULL),(20754,7,3,'提升系统钳工包机日检（二）',1,'管理员',3,'提升系统起重工周检','003','提升系统起重工周检','2016-11-20 00:00:00','漏巡','1','漏巡','',NULL,NULL),(20755,7,3,'提升系统钳工包机日检（二）',1,'管理员',5,'提升系统钳工包机日检（二）','005','提升系统钳工包机日检（二）','2016-11-20 00:00:00','漏巡','1','漏巡','',NULL,NULL),(20756,7,3,'提升系统钳工包机日检（二）',1,'管理员',1,'多绳绞车钢丝绳','001','多绳绞车钢丝绳','2016-11-20 00:00:00','漏巡','1','漏巡','',NULL,NULL),(20757,8,2,'提升系统钳工包机日检（一）',1,'管理员',2,'提升机安全保护装置','002','提升机安全保护装置','2016-11-20 00:00:00','漏巡','1','漏巡','',NULL,NULL),(20758,8,2,'提升系统钳工包机日检（一）',1,'管理员',4,'提升系统钳工包机日检（一）','004','提升系统钳工包机日检（一）','2016-11-20 00:00:00','漏巡','1','漏巡','',NULL,NULL),(20759,8,2,'提升系统钳工包机日检（一）',1,'管理员',5,'提升系统钳工包机日检（二）','005','提升系统钳工包机日检（二）','2016-11-20 00:00:00','漏巡','1','漏巡','',NULL,NULL),(20760,30,6,'绞车运行日志及巡回检查记录',1,'管理员',7,'绞车运行日志及巡回检查记录','007','绞车运行日志及巡回检查记录','2016-11-20 00:00:00','漏巡','23','漏巡','',NULL,NULL),(20761,31,6,'绞车运行日志及巡回检查记录',1,'管理员',7,'绞车运行日志及巡回检查记录','007','绞车运行日志及巡回检查记录','2016-11-20 01:00:00','漏巡','24','漏巡','',NULL,NULL),(20762,4,6,'绞车运行日志及巡回检查记录',1,'管理员',7,'绞车运行日志及巡回检查记录','007','绞车运行日志及巡回检查记录','2016-11-20 02:00:00','漏巡','1','漏巡','',NULL,NULL),(20763,9,6,'绞车运行日志及巡回检查记录',1,'管理员',7,'绞车运行日志及巡回检查记录','007','绞车运行日志及巡回检查记录','2016-11-20 03:00:00','漏巡','2','漏巡','',NULL,NULL),(20764,17,6,'绞车运行日志及巡回检查记录',1,'管理员',7,'绞车运行日志及巡回检查记录','007','绞车运行日志及巡回检查记录','2016-11-20 11:00:00','漏巡','10','漏巡','',NULL,NULL),(20765,18,6,'绞车运行日志及巡回检查记录',1,'管理员',7,'绞车运行日志及巡回检查记录','007','绞车运行日志及巡回检查记录','2016-11-20 12:00:00','漏巡','11','漏巡','',NULL,NULL),(20766,19,6,'绞车运行日志及巡回检查记录',1,'管理员',7,'绞车运行日志及巡回检查记录','007','绞车运行日志及巡回检查记录','2016-11-20 13:00:00','漏巡','12','漏巡','',NULL,NULL),(20767,20,6,'绞车运行日志及巡回检查记录',1,'管理员',7,'绞车运行日志及巡回检查记录','007','绞车运行日志及巡回检查记录','2016-11-20 14:00:00','漏巡','13','漏巡','',NULL,NULL),(20768,21,6,'绞车运行日志及巡回检查记录',1,'管理员',7,'绞车运行日志及巡回检查记录','007','绞车运行日志及巡回检查记录','2016-11-20 15:00:00','漏巡','14','漏巡','',NULL,NULL),(20769,22,6,'绞车运行日志及巡回检查记录',1,'管理员',7,'绞车运行日志及巡回检查记录','007','绞车运行日志及巡回检查记录','2016-11-20 16:00:00','漏巡','15','漏巡','',NULL,NULL),(20770,23,6,'绞车运行日志及巡回检查记录',1,'管理员',7,'绞车运行日志及巡回检查记录','007','绞车运行日志及巡回检查记录','2016-11-20 17:00:00','漏巡','16','漏巡','',NULL,NULL),(20771,24,6,'绞车运行日志及巡回检查记录',1,'管理员',7,'绞车运行日志及巡回检查记录','007','绞车运行日志及巡回检查记录','2016-11-20 18:00:00','漏巡','17','漏巡','',NULL,NULL),(20772,25,6,'绞车运行日志及巡回检查记录',1,'管理员',7,'绞车运行日志及巡回检查记录','007','绞车运行日志及巡回检查记录','2016-11-20 19:00:00','漏巡','18','漏巡','',NULL,NULL),(20773,26,6,'绞车运行日志及巡回检查记录',1,'管理员',7,'绞车运行日志及巡回检查记录','007','绞车运行日志及巡回检查记录','2016-11-20 20:00:00','漏巡','19','漏巡','',NULL,NULL),(20774,27,6,'绞车运行日志及巡回检查记录',1,'管理员',7,'绞车运行日志及巡回检查记录','007','绞车运行日志及巡回检查记录','2016-11-20 21:00:00','漏巡','20','漏巡','',NULL,NULL),(20775,28,6,'绞车运行日志及巡回检查记录',1,'管理员',7,'绞车运行日志及巡回检查记录','007','绞车运行日志及巡回检查记录','2016-11-20 22:00:00','漏巡','21','漏巡','',NULL,NULL),(20776,1,7,'提升机安全保护装置检查试验记录',1,'管理员',6,'提升系统钳工周检','006','提升系统钳工周检','2016-11-27 00:00:00','漏巡','1','漏巡','',NULL,NULL),(20777,1,7,'提升机安全保护装置检查试验记录',1,'管理员',7,'绞车运行日志及巡回检查记录','007','绞车运行日志及巡回检查记录','2016-11-27 00:00:00','漏巡','1','漏巡','',NULL,NULL),(20778,1,7,'提升机安全保护装置检查试验记录',1,'管理员',8,'车房电工定期维护检修记录','008','车房电工定期维护检修记录','2016-11-27 00:00:00','漏巡','1','漏巡','',NULL,NULL),(20779,1,7,'提升机安全保护装置检查试验记录',1,'管理员',2,'提升机安全保护装置','002','提升机安全保护装置','2016-11-27 00:00:00','漏巡','1','漏巡','',NULL,NULL),(20780,1,7,'提升机安全保护装置检查试验记录',1,'管理员',3,'提升系统起重工周检','003','提升系统起重工周检','2016-11-27 00:00:00','漏巡','1','漏巡','',NULL,NULL),(20781,1,7,'提升机安全保护装置检查试验记录',1,'管理员',4,'提升系统钳工包机日检（一）','004','提升系统钳工包机日检（一）','2016-11-27 00:00:00','漏巡','1','漏巡','',NULL,NULL),(20782,1,7,'提升机安全保护装置检查试验记录',1,'管理员',5,'提升系统钳工包机日检（二）','005','提升系统钳工包机日检（二）','2016-11-27 00:00:00','漏巡','1','漏巡','',NULL,NULL),(20783,1,7,'提升机安全保护装置检查试验记录',1,'管理员',1,'多绳绞车钢丝绳','001','多绳绞车钢丝绳','2016-11-27 00:00:00','漏巡','1','漏巡','',NULL,NULL),(20784,2,1,'多绳绞车钢丝绳查验记录',1,'管理员',1,'多绳绞车钢丝绳','001','多绳绞车钢丝绳','2016-11-27 00:00:00','漏巡','1','漏巡','',NULL,NULL),(20785,3,8,'车房电工定期维护检修记录',1,'管理员',8,'车房电工定期维护检修记录','008','车房电工定期维护检修记录','2016-11-27 00:00:00','漏巡','1','漏巡','',NULL,NULL),(20786,3,8,'车房电工定期维护检修记录',1,'管理员',2,'提升机安全保护装置','002','提升机安全保护装置','2016-11-27 00:00:00','漏巡','1','漏巡','',NULL,NULL),(20787,3,8,'车房电工定期维护检修记录',1,'管理员',1,'多绳绞车钢丝绳','001','多绳绞车钢丝绳','2016-11-27 00:00:00','漏巡','1','漏巡','',NULL,NULL),(20788,5,5,'提升系统起重工周检',1,'管理员',3,'提升系统起重工周检','003','提升系统起重工周检','2016-11-21 00:00:00','漏巡','1','漏巡','',NULL,NULL),(20789,6,4,'提升系统钳工周检',1,'管理员',6,'提升系统钳工周检','006','提升系统钳工周检','2016-11-21 00:00:00','漏巡','1','漏巡','',NULL,NULL),(20790,7,3,'提升系统钳工包机日检（二）',1,'管理员',2,'提升机安全保护装置','002','提升机安全保护装置','2016-11-27 00:00:00','漏巡','1','漏巡','',NULL,NULL),(20791,7,3,'提升系统钳工包机日检（二）',1,'管理员',3,'提升系统起重工周检','003','提升系统起重工周检','2016-11-27 00:00:00','漏巡','1','漏巡','',NULL,NULL),(20792,7,3,'提升系统钳工包机日检（二）',1,'管理员',5,'提升系统钳工包机日检（二）','005','提升系统钳工包机日检（二）','2016-11-27 00:00:00','漏巡','1','漏巡','',NULL,NULL),(20793,7,3,'提升系统钳工包机日检（二）',1,'管理员',1,'多绳绞车钢丝绳','001','多绳绞车钢丝绳','2016-11-27 00:00:00','漏巡','1','漏巡','',NULL,NULL),(20794,8,2,'提升系统钳工包机日检（一）',1,'管理员',2,'提升机安全保护装置','002','提升机安全保护装置','2016-11-27 00:00:00','漏巡','1','漏巡','',NULL,NULL),(20795,8,2,'提升系统钳工包机日检（一）',1,'管理员',4,'提升系统钳工包机日检（一）','004','提升系统钳工包机日检（一）','2016-11-27 00:00:00','漏巡','1','漏巡','',NULL,NULL),(20796,8,2,'提升系统钳工包机日检（一）',1,'管理员',5,'提升系统钳工包机日检（二）','005','提升系统钳工包机日检（二）','2016-11-27 00:00:00','漏巡','1','漏巡','',NULL,NULL),(20797,21,6,'绞车运行日志及巡回检查记录',1,'管理员',7,'绞车运行日志及巡回检查记录','007','绞车运行日志及巡回检查记录','2016-11-27 15:00:00','漏巡','14','漏巡','',NULL,NULL),(20798,22,6,'绞车运行日志及巡回检查记录',1,'管理员',7,'绞车运行日志及巡回检查记录','007','绞车运行日志及巡回检查记录','2016-11-27 16:00:00','漏巡','15','漏巡','',NULL,NULL),(20799,24,6,'绞车运行日志及巡回检查记录',1,'管理员',7,'绞车运行日志及巡回检查记录','007','绞车运行日志及巡回检查记录','2016-11-27 18:00:00','漏巡','17','漏巡','',NULL,NULL),(20800,1,7,'提升机安全保护装置检查试验记录',1,'管理员',6,'提升系统钳工周检','006','提升系统钳工周检','2016-12-03 00:00:00','漏巡','1','漏巡','',NULL,NULL),(20801,1,7,'提升机安全保护装置检查试验记录',1,'管理员',7,'绞车运行日志及巡回检查记录','007','绞车运行日志及巡回检查记录','2016-12-03 00:00:00','漏巡','1','漏巡','',NULL,NULL),(20802,1,7,'提升机安全保护装置检查试验记录',1,'管理员',8,'车房电工定期维护检修记录','008','车房电工定期维护检修记录','2016-12-03 00:00:00','漏巡','1','漏巡','',NULL,NULL),(20803,1,7,'提升机安全保护装置检查试验记录',1,'管理员',2,'提升机安全保护装置','002','提升机安全保护装置','2016-12-03 00:00:00','漏巡','1','漏巡','',NULL,NULL),(20804,1,7,'提升机安全保护装置检查试验记录',1,'管理员',3,'提升系统起重工周检','003','提升系统起重工周检','2016-12-03 00:00:00','漏巡','1','漏巡','',NULL,NULL),(20805,1,7,'提升机安全保护装置检查试验记录',1,'管理员',4,'提升系统钳工包机日检（一）','004','提升系统钳工包机日检（一）','2016-12-03 00:00:00','漏巡','1','漏巡','',NULL,NULL),(20806,1,7,'提升机安全保护装置检查试验记录',1,'管理员',5,'提升系统钳工包机日检（二）','005','提升系统钳工包机日检（二）','2016-12-03 00:00:00','漏巡','1','漏巡','',NULL,NULL),(20807,1,7,'提升机安全保护装置检查试验记录',1,'管理员',1,'多绳绞车钢丝绳','001','多绳绞车钢丝绳','2016-12-03 00:00:00','漏巡','1','漏巡','',NULL,NULL),(20808,2,1,'多绳绞车钢丝绳查验记录',1,'管理员',1,'多绳绞车钢丝绳','001','多绳绞车钢丝绳','2016-12-03 00:00:00','漏巡','1','漏巡','',NULL,NULL),(20809,3,8,'车房电工定期维护检修记录',1,'管理员',8,'车房电工定期维护检修记录','008','车房电工定期维护检修记录','2016-12-03 00:00:00','漏巡','1','漏巡','',NULL,NULL),(20810,3,8,'车房电工定期维护检修记录',1,'管理员',2,'提升机安全保护装置','002','提升机安全保护装置','2016-12-03 00:00:00','漏巡','1','漏巡','',NULL,NULL),(20811,3,8,'车房电工定期维护检修记录',1,'管理员',1,'多绳绞车钢丝绳','001','多绳绞车钢丝绳','2016-12-03 00:00:00','漏巡','1','漏巡','',NULL,NULL),(20812,5,5,'提升系统起重工周检',1,'管理员',3,'提升系统起重工周检','003','提升系统起重工周检','2016-11-28 00:00:00','漏巡','1','漏巡','',NULL,NULL),(20813,6,4,'提升系统钳工周检',1,'管理员',6,'提升系统钳工周检','006','提升系统钳工周检','2016-11-28 00:00:00','漏巡','1','漏巡','',NULL,NULL),(20814,7,3,'提升系统钳工包机日检（二）',1,'管理员',2,'提升机安全保护装置','002','提升机安全保护装置','2016-12-03 00:00:00','漏巡','1','漏巡','',NULL,NULL),(20815,7,3,'提升系统钳工包机日检（二）',1,'管理员',3,'提升系统起重工周检','003','提升系统起重工周检','2016-12-03 00:00:00','漏巡','1','漏巡','',NULL,NULL),(20816,7,3,'提升系统钳工包机日检（二）',1,'管理员',5,'提升系统钳工包机日检（二）','005','提升系统钳工包机日检（二）','2016-12-03 00:00:00','漏巡','1','漏巡','',NULL,NULL),(20817,7,3,'提升系统钳工包机日检（二）',1,'管理员',1,'多绳绞车钢丝绳','001','多绳绞车钢丝绳','2016-12-03 00:00:00','漏巡','1','漏巡','',NULL,NULL),(20818,8,2,'提升系统钳工包机日检（一）',1,'管理员',2,'提升机安全保护装置','002','提升机安全保护装置','2016-12-03 00:00:00','漏巡','1','漏巡','',NULL,NULL),(20819,8,2,'提升系统钳工包机日检（一）',1,'管理员',4,'提升系统钳工包机日检（一）','004','提升系统钳工包机日检（一）','2016-12-03 00:00:00','漏巡','1','漏巡','',NULL,NULL),(20820,8,2,'提升系统钳工包机日检（一）',1,'管理员',5,'提升系统钳工包机日检（二）','005','提升系统钳工包机日检（二）','2016-12-03 00:00:00','漏巡','1','漏巡','',NULL,NULL),(20821,30,6,'绞车运行日志及巡回检查记录',1,'管理员',7,'绞车运行日志及巡回检查记录','007','绞车运行日志及巡回检查记录','2016-12-03 00:00:00','漏巡','23','漏巡','',NULL,NULL),(20822,1,7,'提升机安全保护装置检查试验记录',1,'管理员',6,'提升系统钳工周检','006','提升系统钳工周检','2016-12-04 00:00:00','漏巡','1','漏巡','',NULL,NULL),(20823,1,7,'提升机安全保护装置检查试验记录',1,'管理员',7,'绞车运行日志及巡回检查记录','007','绞车运行日志及巡回检查记录','2016-12-04 00:00:00','漏巡','1','漏巡','',NULL,NULL),(20824,1,7,'提升机安全保护装置检查试验记录',1,'管理员',8,'车房电工定期维护检修记录','008','车房电工定期维护检修记录','2016-12-04 00:00:00','漏巡','1','漏巡','',NULL,NULL),(20825,1,7,'提升机安全保护装置检查试验记录',1,'管理员',2,'提升机安全保护装置','002','提升机安全保护装置','2016-12-04 00:00:00','漏巡','1','漏巡','',NULL,NULL),(20826,1,7,'提升机安全保护装置检查试验记录',1,'管理员',3,'提升系统起重工周检','003','提升系统起重工周检','2016-12-04 00:00:00','漏巡','1','漏巡','',NULL,NULL),(20827,1,7,'提升机安全保护装置检查试验记录',1,'管理员',4,'提升系统钳工包机日检（一）','004','提升系统钳工包机日检（一）','2016-12-04 00:00:00','漏巡','1','漏巡','',NULL,NULL),(20828,1,7,'提升机安全保护装置检查试验记录',1,'管理员',5,'提升系统钳工包机日检（二）','005','提升系统钳工包机日检（二）','2016-12-04 00:00:00','漏巡','1','漏巡','',NULL,NULL),(20829,1,7,'提升机安全保护装置检查试验记录',1,'管理员',1,'多绳绞车钢丝绳','001','多绳绞车钢丝绳','2016-12-04 00:00:00','漏巡','1','漏巡','',NULL,NULL),(20830,2,1,'多绳绞车钢丝绳查验记录',1,'管理员',1,'多绳绞车钢丝绳','001','多绳绞车钢丝绳','2016-12-04 00:00:00','漏巡','1','漏巡','',NULL,NULL),(20831,3,8,'车房电工定期维护检修记录',1,'管理员',8,'车房电工定期维护检修记录','008','车房电工定期维护检修记录','2016-12-04 00:00:00','漏巡','1','漏巡','',NULL,NULL),(20832,3,8,'车房电工定期维护检修记录',1,'管理员',2,'提升机安全保护装置','002','提升机安全保护装置','2016-12-04 00:00:00','漏巡','1','漏巡','',NULL,NULL),(20833,3,8,'车房电工定期维护检修记录',1,'管理员',1,'多绳绞车钢丝绳','001','多绳绞车钢丝绳','2016-12-04 00:00:00','漏巡','1','漏巡','',NULL,NULL),(20834,7,3,'提升系统钳工包机日检（二）',1,'管理员',2,'提升机安全保护装置','002','提升机安全保护装置','2016-12-04 00:00:00','漏巡','1','漏巡','',NULL,NULL),(20835,7,3,'提升系统钳工包机日检（二）',1,'管理员',3,'提升系统起重工周检','003','提升系统起重工周检','2016-12-04 00:00:00','漏巡','1','漏巡','',NULL,NULL),(20836,7,3,'提升系统钳工包机日检（二）',1,'管理员',5,'提升系统钳工包机日检（二）','005','提升系统钳工包机日检（二）','2016-12-04 00:00:00','漏巡','1','漏巡','',NULL,NULL),(20837,7,3,'提升系统钳工包机日检（二）',1,'管理员',1,'多绳绞车钢丝绳','001','多绳绞车钢丝绳','2016-12-04 00:00:00','漏巡','1','漏巡','',NULL,NULL),(20838,8,2,'提升系统钳工包机日检（一）',1,'管理员',2,'提升机安全保护装置','002','提升机安全保护装置','2016-12-04 00:00:00','漏巡','1','漏巡','',NULL,NULL),(20839,8,2,'提升系统钳工包机日检（一）',1,'管理员',4,'提升系统钳工包机日检（一）','004','提升系统钳工包机日检（一）','2016-12-04 00:00:00','漏巡','1','漏巡','',NULL,NULL),(20840,8,2,'提升系统钳工包机日检（一）',1,'管理员',5,'提升系统钳工包机日检（二）','005','提升系统钳工包机日检（二）','2016-12-04 00:00:00','漏巡','1','漏巡','',NULL,NULL),(20841,14,6,'绞车运行日志及巡回检查记录',1,'管理员',7,'绞车运行日志及巡回检查记录','007','绞车运行日志及巡回检查记录','2016-12-04 08:00:00','漏巡','7','漏巡','',NULL,NULL),(20842,15,6,'绞车运行日志及巡回检查记录',1,'管理员',7,'绞车运行日志及巡回检查记录','007','绞车运行日志及巡回检查记录','2016-12-04 09:00:00','漏巡','8','漏巡','',NULL,NULL);
/*!40000 ALTER TABLE `xj_content` ENABLE KEYS */;
UNLOCK TABLES;

--
-- Table structure for table `xj_content_event`
--

DROP TABLE IF EXISTS `xj_content_event`;
/*!40101 SET @saved_cs_client     = @@character_set_client */;
/*!40101 SET character_set_client = utf8 */;
CREATE TABLE `xj_content_event` (
  `content_id` int(11) NOT NULL,
  `item_id` int(11) NOT NULL,
  `item_name` varchar(100) NOT NULL DEFAULT '',
  `event_id` int(11) NOT NULL DEFAULT '0',
  `event_name` varchar(100) NOT NULL DEFAULT '',
  `event_item` varchar(50) DEFAULT NULL,
  `priority` int(11) NOT NULL COMMENT '排列顺序',
  `userid` int(11) DEFAULT NULL,
  `username` varchar(255) DEFAULT NULL,
  `zipai` varchar(255) DEFAULT NULL,
  `adminname` varchar(100) DEFAULT NULL,
  `remark` varchar(255) DEFAULT NULL,
  PRIMARY KEY (`content_id`,`priority`),
  CONSTRAINT `xj_content_event_ibfk_1` FOREIGN KEY (`content_id`) REFERENCES `xj_content` (`content_id`)
) ENGINE=InnoDB DEFAULT CHARSET=utf8;
/*!40101 SET character_set_client = @saved_cs_client */;

--
-- Dumping data for table `xj_content_event`
--

LOCK TABLES `xj_content_event` WRITE;
/*!40000 ALTER TABLE `xj_content_event` DISABLE KEYS */;
/*!40000 ALTER TABLE `xj_content_event` ENABLE KEYS */;
UNLOCK TABLES;

--
-- Table structure for table `xj_content_meter`
--

DROP TABLE IF EXISTS `xj_content_meter`;
/*!40101 SET @saved_cs_client     = @@character_set_client */;
/*!40101 SET character_set_client = utf8 */;
CREATE TABLE `xj_content_meter` (
  `content_id` int(11) NOT NULL,
  `item_id` int(11) NOT NULL,
  `item_name` varchar(100) NOT NULL DEFAULT '',
  `meter_id` int(11) NOT NULL DEFAULT '0',
  `meter_name` varchar(100) NOT NULL DEFAULT '',
  `meter_c_value` varchar(100) DEFAULT NULL,
  `priority` int(11) NOT NULL COMMENT '排列顺序',
  `username` varchar(255) DEFAULT NULL,
  `zipai` varchar(255) DEFAULT NULL,
  `userid` int(11) DEFAULT NULL,
  `adminname` varchar(100) DEFAULT NULL,
  `remark` varchar(255) DEFAULT NULL,
  PRIMARY KEY (`content_id`,`priority`),
  CONSTRAINT `xj_content_meter_ibfk_1` FOREIGN KEY (`content_id`) REFERENCES `xj_content` (`content_id`)
) ENGINE=InnoDB DEFAULT CHARSET=utf8;
/*!40101 SET character_set_client = @saved_cs_client */;

--
-- Dumping data for table `xj_content_meter`
--

LOCK TABLES `xj_content_meter` WRITE;
/*!40000 ALTER TABLE `xj_content_meter` DISABLE KEYS */;
INSERT INTO `xj_content_meter` VALUES (20430,1,'多绳绞车钢丝绳',4,'2号捻距断丝','2.12',0,'管理员','',1,NULL,NULL),(20430,1,'多绳绞车钢丝绳',5,'3号全绳断丝','124',1,'管理员','',1,NULL,NULL),(20430,1,'多绳绞车钢丝绳',6,'3号捻距断丝','45',2,'管理员','',1,NULL,NULL);
/*!40000 ALTER TABLE `xj_content_meter` ENABLE KEYS */;
UNLOCK TABLES;

--
-- Table structure for table `xj_content_picture`
--

DROP TABLE IF EXISTS `xj_content_picture`;
/*!40101 SET @saved_cs_client     = @@character_set_client */;
/*!40101 SET character_set_client = utf8 */;
CREATE TABLE `xj_content_picture` (
  `content_id` int(11) NOT NULL,
  `priority` int(11) NOT NULL COMMENT '排列顺序',
  `img_path` varchar(100) NOT NULL COMMENT '图片地址',
  `description` varchar(255) DEFAULT NULL COMMENT '描述',
  `username` varchar(255) CHARACTER SET utf8 DEFAULT NULL,
  `zipai` varchar(255) CHARACTER SET utf8 DEFAULT NULL,
  `userid` int(11) DEFAULT NULL,
  PRIMARY KEY (`content_id`,`priority`),
  CONSTRAINT `xj_content_picture_ibfk_1` FOREIGN KEY (`content_id`) REFERENCES `xj_content` (`content_id`)
) ENGINE=InnoDB DEFAULT CHARSET=gbk;
/*!40101 SET character_set_client = @saved_cs_client */;

--
-- Dumping data for table `xj_content_picture`
--

LOCK TABLES `xj_content_picture` WRITE;
/*!40000 ALTER TABLE `xj_content_picture` DISABLE KEYS */;
/*!40000 ALTER TABLE `xj_content_picture` ENABLE KEYS */;
UNLOCK TABLES;

--
-- Table structure for table `xj_cycle`
--

DROP TABLE IF EXISTS `xj_cycle`;
/*!40101 SET @saved_cs_client     = @@character_set_client */;
/*!40101 SET character_set_client = utf8 */;
CREATE TABLE `xj_cycle` (
  `cycle_id` int(11) NOT NULL AUTO_INCREMENT,
  `templet_id` int(11) NOT NULL,
  `cycle_type` varchar(5) NOT NULL DEFAULT '0',
  `start_time` varchar(255) DEFAULT NULL,
  `end_time` varchar(255) DEFAULT NULL,
  `banci` varchar(11) DEFAULT '0',
  PRIMARY KEY (`cycle_id`),
  KEY `templet_id` (`templet_id`),
  CONSTRAINT `xj_cycle_ibfk_1` FOREIGN KEY (`templet_id`) REFERENCES `xj_templet` (`templet_id`)
) ENGINE=InnoDB AUTO_INCREMENT=32 DEFAULT CHARSET=utf8 COMMENT='周期表';
/*!40101 SET character_set_client = @saved_cs_client */;

--
-- Dumping data for table `xj_cycle`
--

LOCK TABLES `xj_cycle` WRITE;
/*!40000 ALTER TABLE `xj_cycle` DISABLE KEYS */;
INSERT INTO `xj_cycle` VALUES (1,7,'0','00:00:00','23:59:59','1'),(2,1,'0','00:00:00','23:59:59','1'),(3,8,'0','00:00:00','23:59:59','1'),(4,6,'0','02:00:00','02:59:59','1'),(5,5,'1','00:00:00','23:59:59','1'),(6,4,'1','00:00:00','23:59:59','1'),(7,3,'0','00:00:00','23:59:59','1'),(8,2,'0','00:00:00','23:59:59','1'),(9,6,'0','03:00:00','03:59:59','2'),(10,6,'0','04:00:00','04:59:59','3'),(11,6,'0','05:00:00','05:59:59','4'),(12,6,'0','06:00:00','06:59:59','5'),(13,6,'0','07:00:00','07:59:59','6'),(14,6,'0','08:00:00','08:59:59','7'),(15,6,'0','09:00:00','09:59:59','8'),(16,6,'0','10:00:00','10:59:59','9'),(17,6,'0','11:00:00','11:59:59','10'),(18,6,'0','12:00:00','12:59:59','11'),(19,6,'0','13:00:00','13:59:59','12'),(20,6,'0','14:00:00','14:59:59','13'),(21,6,'0','15:00:00','15:59:59','14'),(22,6,'0','16:00:00','16:59:59','15'),(23,6,'0','17:00:00','17:59:59','16'),(24,6,'0','18:00:00','18:59:59','17'),(25,6,'0','19:00:00','19:59:59','18'),(26,6,'0','20:00:00','20:59:59','19'),(27,6,'0','21:00:00','21:59:59','20'),(28,6,'0','22:00:00','22:59:59','21'),(29,6,'0','23:00:00','23:59:59','22'),(30,6,'0','00:00:00','00:59:59','23'),(31,6,'0','01:00:00','01:59:59','24');
/*!40000 ALTER TABLE `xj_cycle` ENABLE KEYS */;
UNLOCK TABLES;

--
-- Table structure for table `xj_data`
--

DROP TABLE IF EXISTS `xj_data`;
/*!40101 SET @saved_cs_client     = @@character_set_client */;
/*!40101 SET character_set_client = utf8 */;
CREATE TABLE `xj_data` (
  `Id` int(11) NOT NULL AUTO_INCREMENT,
  `cycle_id` int(11) NOT NULL DEFAULT '0',
  `user_id` int(11) NOT NULL,
  `templet_id` int(11) NOT NULL,
  `point_id` int(11) NOT NULL,
  `c_date` datetime DEFAULT NULL,
  `xj_status` varchar(50) DEFAULT '',
  PRIMARY KEY (`Id`)
) ENGINE=InnoDB DEFAULT CHARSET=utf8;
/*!40101 SET character_set_client = @saved_cs_client */;

--
-- Dumping data for table `xj_data`
--

LOCK TABLES `xj_data` WRITE;
/*!40000 ALTER TABLE `xj_data` DISABLE KEYS */;
/*!40000 ALTER TABLE `xj_data` ENABLE KEYS */;
UNLOCK TABLES;

--
-- Table structure for table `xj_event`
--

DROP TABLE IF EXISTS `xj_event`;
/*!40101 SET @saved_cs_client     = @@character_set_client */;
/*!40101 SET character_set_client = utf8 */;
CREATE TABLE `xj_event` (
  `event_id` int(11) NOT NULL AUTO_INCREMENT,
  `event_name` varchar(100) NOT NULL DEFAULT '',
  `event_remark` varchar(255) DEFAULT NULL,
  `event_item` varchar(50) DEFAULT NULL,
  PRIMARY KEY (`event_id`)
) ENGINE=InnoDB AUTO_INCREMENT=161 DEFAULT CHARSET=utf8 COMMENT='事件表';
/*!40101 SET character_set_client = @saved_cs_client */;

--
-- Dumping data for table `xj_event`
--

LOCK TABLES `xj_event` WRITE;
/*!40000 ALTER TABLE `xj_event` DISABLE KEYS */;
INSERT INTO `xj_event` VALUES (1,'东勾外过卷','','正常或异常'),(2,'东勾内过卷','','正常或异常'),(3,'西勾外过卷',' ','正常或异常'),(4,'西勾内过卷','西勾内过卷','正常或异常'),(5,'紧急信号','','正常或异常'),(6,'信号与井口闭锁','','正常或异常'),(8,'减速功能失效保护','','正常或异常'),(9,'限速保护装置的试验','','正常或异常'),(10,'深度指示器失效保护装置','','正常或异常'),(11,'过负荷、欠电压保护装置','','正常或异常'),(12,'防过速保护装置','','正常或异常'),(13,'满仓保护装置','','正常或异常'),(14,'闸间隙保护装置','','正常或异常'),(16,'吊具（楔形环）（1/2）1','吊具（楔形环）（1/2）1','正常或异常'),(17,'吊具（楔形环）（1/2）2','吊具（楔形环）（1/2）2','正常或异常'),(18,'吊具（楔形环）（1/2）3','吊具（楔形环）（1/2）3','正常或异常'),(19,'吊具（楔形环）（1/2）4','吊具（楔形环）（1/2）4','正常或异常'),(20,'钢丝绳 （上、中、下）1-1','钢丝绳 （上、中、下）1-1','正常或异常'),(21,'钢丝绳 （上、中、下）1-2','钢丝绳 （上、中、下）1-2','正常或异常'),(22,'钢丝绳 （上、中、下）1-3','钢丝绳 （上、中、下）1-3','正常或异常'),(23,'钢丝绳 （上、中、下）1-4','钢丝绳 （上、中、下）1-4','正常或异常'),(24,'钢丝绳 （上、中、下）1-5','钢丝绳 （上、中、下）1-5','正常或异常'),(25,'钢丝绳 （上、中、下）2-1','钢丝绳 （上、中、下）2-1','正常或异常'),(26,'钢丝绳 （上、中、下）2-2','钢丝绳 （上、中、下）2-2','正常或异常'),(27,'钢丝绳 （上、中、下）2-3','钢丝绳 （上、中、下）2-3','正常或异常'),(28,'钢丝绳 （上、中、下）2-4','钢丝绳 （上、中、下）2-4','正常或异常'),(29,'钢丝绳 （上、中、下）2-5','钢丝绳 （上、中、下）2-5','正常或异常'),(30,'钢丝绳 （上、中、下）3-1','钢丝绳 （上、中、下）3-1','正常或异常'),(31,'钢丝绳 （上、中、下）3-2','钢丝绳 （上、中、下）3-2','正常或异常'),(32,'钢丝绳 （上、中、下）3-3','钢丝绳 （上、中、下）3-3','正常或异常'),(33,'钢丝绳 （上、中、下）3-4','钢丝绳 （上、中、下）3-4','正常或异常'),(34,'钢丝绳 （上、中、下）3-5','钢丝绳 （上、中、下）3-5','正常或异常'),(35,'钢丝绳 （上、中、下）4-1','钢丝绳 （上、中、下）4-1','正常或异常'),(36,'钢丝绳 （上、中、下）4-2','钢丝绳 （上、中、下）4-2','正常或异常'),(37,'钢丝绳 （上、中、下）4-3','钢丝绳 （上、中、下）4-3','正常或异常'),(38,'钢丝绳 （上、中、下）4-4','钢丝绳 （上、中、下）4-4','正常或异常'),(39,'钢丝绳 （上、中、下）4-5','钢丝绳 （上、中、下）4-5','正常或异常'),(40,'隔离木（1次）','隔离木（1次）','正常或异常'),(41,'隔离木（2次）','隔离木（2次）','正常或异常'),(42,'尾绳 1','尾绳 1','正常或异常'),(43,'尾绳 2','尾绳 2','正常或异常'),(44,'井眼管路','井眼管路','正常或异常'),(45,'井眼托梁','井眼托梁','正常或异常'),(46,'井眼井筒','井眼井筒','正常或异常'),(47,'井眼梁窝','井眼梁窝','正常或异常'),(48,'液压系统 （1/2 ）压力','液压系统 （1/2 ）压力','正常或异常'),(49,'液压系统 （1/2 ）油温','液压系统 （1/2 ）油温','正常或异常'),(50,'液压系统 （1/2 ）密封','液压系统 （1/2 ）密封','正常或异常'),(51,'液压系统 （1/2 ）闸','液压系统 （1/2 ）闸','正常或异常'),(52,'液压系统 （1/2 ）管路','液压系统 （1/2 ）管路','正常或异常'),(53,'液压系统 （1/2 ）过滤器','液压系统 （1/2 ）过滤器','正常或异常'),(54,'液压系统 （1/2 ）油质','液压系统 （1/2 ）油质','正常或异常'),(55,'润滑系统压力','润滑系统压力','正常或异常'),(56,'润滑系统油温','润滑系统油温','正常或异常'),(57,'润滑系统密封','润滑系统密封','正常或异常'),(58,'润滑系统管路','润滑系统管路','正常或异常'),(59,'润滑系统过滤器','润滑系统过滤器','正常或异常'),(60,'润滑系统油质','润滑系统油质','正常或异常'),(61,'滚筒主轴承左','滚筒主轴承左','正常或异常'),(62,'滚筒主轴承右','滚筒主轴承右','正常或异常'),(63,'滚筒主轴','滚筒主轴','正常或异常'),(64,'滚筒外观','滚筒外观','正常或异常'),(65,'滚筒螺栓','滚筒螺栓','正常或异常'),(66,'滚筒闸盘','滚筒闸盘','正常或异常'),(67,'天轮外观','天轮外观','正常或异常'),(68,'天轮轴润滑情况','天轮轴润滑情况','正常或异常'),(69,'天轮螺栓','天轮螺栓','正常或异常'),(70,'吊具平衡油缸（东）1','吊具平衡油缸（东）1','正常或异常'),(71,'吊具平衡油缸（东）2','吊具平衡油缸（东）2','正常或异常'),(72,'吊具平衡油缸（东）3','吊具平衡油缸（东）3','正常或异常'),(73,'吊具平衡油缸（东）4','吊具平衡油缸（东）4','正常或异常'),(74,'吊具平衡油缸（西）1','吊具平衡油缸（西）1','正常或异常'),(75,'吊具平衡油缸（西）2','吊具平衡油缸（西）2','正常或异常'),(76,'吊具平衡油缸（西）3','吊具平衡油缸（西）3','正常或异常'),(77,'吊具平衡油缸（西）4','吊具平衡油缸（西）4','正常或异常'),(78,'吊具罐位','吊具罐位','正常或异常'),(79,'防过放过卷缓冲装置外观','防过放过卷缓冲装置外观','正常或异常'),(80,'防过放过卷缓冲装置连接螺栓','防过放过卷缓冲装置连接螺栓','正常或异常'),(81,'防过放过卷缓冲装置承接梁','防过放过卷缓冲装置承接梁','正常或异常'),(82,'防过放过卷缓冲装置框架','防过放过卷缓冲装置框架','正常或异常'),(83,'罐耳滚动罐耳','罐耳滚动罐耳','正常或异常'),(84,'罐耳滑动罐耳','罐耳滑动罐耳','正常或异常'),(85,'罐耳四角罐耳','罐耳四角罐耳','正常或异常'),(86,'罐道外观','罐道外观','正常或异常'),(87,'罐道螺栓','罐道螺栓','正常或异常'),(88,'罐道水平偏差','罐道水平偏差','正常或异常'),(89,'罐道罐道梁','罐道罐道梁','正常或异常'),(90,'卸载闸板','卸载闸板','正常或异常'),(91,'卸载曲轨轮','卸载曲轨轮','正常或异常'),(92,'卸载轴瓦','卸载轴瓦','正常或异常'),(93,'（箕斗）外观','（箕斗）外观','正常或异常'),(94,'（箕斗）安全门','（箕斗）安全门','正常或异常'),(95,'（箕斗）清理情况','（箕斗）清理情况','正常或异常'),(96,'（箕斗）衬板螺栓','（箕斗）衬板螺栓','正常或异常'),(97,'上井口 煤仓 外观','上井口 煤仓 外观','正常或异常'),(98,'上井口 煤仓 衬板','上井口 煤仓 衬板','正常或异常'),(99,'上井口 煤仓 紧固螺栓','上井口 煤仓 紧固螺栓','正常或异常'),(100,'上井口 煤仓 框架','上井口 煤仓 框架','正常或异常'),(101,'天轮润滑','天轮润滑','正常或异常'),(102,'天轮地脚螺栓','天轮地脚螺栓','正常或异常'),(103,'天轮绳槽1','天轮绳槽1','正常或异常'),(104,'天轮绳槽2','天轮绳槽2','正常或异常'),(105,'天轮绳槽3','天轮绳槽3','正常或异常'),(106,'天轮绳槽4','天轮绳槽4','正常或异常'),(107,'天轮轴承左','天轮轴承左','正常或异常'),(108,'天轮轴承右','天轮轴承右','正常或异常'),(109,'天轮外观','天轮外观','正常或异常'),(110,'滚筒绳槽（在用 / 备用）1','滚筒绳槽（在用 / 备用）1','正常或异常'),(111,'滚筒绳槽（在用 / 备用）2','滚筒绳槽（在用 / 备用）2','正常或异常'),(112,'滚筒绳槽（在用 / 备用）3','滚筒绳槽（在用 / 备用）3','正常或异常'),(113,'滚筒绳槽（在用 / 备用）4','滚筒绳槽（在用 / 备用）4','正常或异常'),(114,'液压站（ 1/2 ）过滤器','液压站（ 1/2 ）过滤器','正常或异常'),(115,'液压站（ 1/2 ）闸间隙','液压站（ 1/2 ）闸间隙','正常或异常'),(116,'液压站（ 1/2 ）油质','液压站（ 1/2 ）油质','正常或异常'),(117,'液压站（ 1/2 ）二级制动延时时间','液压站（ 1/2 ）二级制动延时时间','正常或异常'),(118,'箕斗 （左/ 右）紧固螺栓','箕斗 （左/ 右）紧固螺栓','正常或异常'),(119,'箕斗 （左/ 右）耐磨板','箕斗 （左/ 右）耐磨板','正常或异常'),(120,'箕斗 （左/ 右）配重','箕斗 （左/ 右）配重','正常或异常'),(121,'箕斗 （左/ 右）外观','箕斗 （左/ 右）外观','正常或异常'),(122,'主轴','主轴','正常或异常'),(123,'主轴轴承左','主轴轴承左','正常或异常'),(124,'检查及试验情况信号','检查及试验情况信号','正常或异常'),(125,'检查及试验情况过卷','检查及试验情况过卷','正常或异常'),(126,'检查及试验情况其他安全及闭锁保护装置','检查及试验情况其他安全及闭锁保护装置','正常或异常'),(127,'低压配电柜1#','低压配电柜1#','正常或异常'),(128,'低压配电柜2#','低压配电柜2#','正常或异常'),(129,'闸控闸控柜','闸控闸控柜','正常或异常'),(130,'闸控1# 站','闸控1# 站','正常或异常'),(131,'闸控2# 站','闸控2# 站','正常或异常'),(132,'闸控闸开关','闸控闸开关','正常或异常'),(133,'闸控恒减速','闸控恒减速','正常或异常'),(134,'闸控二级制动','闸控二级制动','正常或异常'),(135,'主控柜','主控柜','正常或异常'),(136,'SD柜','SD柜','正常或异常'),(137,'变频柜YA','变频柜YA','正常或异常'),(138,'变频柜YB','变频柜YB','正常或异常'),(139,'励磁柜','励磁柜','正常或异常'),(140,'风机1#','风机1#','正常或异常'),(141,'风机2#','风机2#','正常或异常'),(142,'井筒开关','井筒开关','正常或异常'),(143,'主电机','主电机','正常或异常'),(144,'测速机1#','测速机1#','正常或异常'),(145,'测速机2#','测速机2#','正常或异常'),(146,'轴角编码器1#','轴角编码器1#','正常或异常'),(147,'轴角编码器2#','轴角编码器2#','正常或异常'),(148,'轴角编码器3#','轴角编码器3#','正常或异常'),(149,'高压柜1# 变频柜','高压柜1# 变频柜','正常或异常'),(150,'高压柜2# 变频柜','高压柜2# 变频柜','正常或异常'),(151,'高压柜励磁','高压柜励磁','正常或异常'),(152,'高压柜低压','高压柜低压','正常或异常'),(153,'变压器1#变频柜','变压器1#变频柜','正常或异常'),(154,'变压器2#变频柜','变压器2#变频柜','正常或异常'),(155,'变压器励磁','变压器励磁','正常或异常'),(156,'变压器低压','变压器低压','正常或异常'),(157,'润滑控制柜','润滑控制柜','正常或异常'),(158,'润滑润滑站','润滑润滑站','正常或异常'),(159,'信号信号柜','信号信号柜','正常或异常'),(160,'信号1#信号箱','信号1#信号箱','正常或异常');
/*!40000 ALTER TABLE `xj_event` ENABLE KEYS */;
UNLOCK TABLES;

--
-- Table structure for table `xj_item`
--

DROP TABLE IF EXISTS `xj_item`;
/*!40101 SET @saved_cs_client     = @@character_set_client */;
/*!40101 SET character_set_client = utf8 */;
CREATE TABLE `xj_item` (
  `item_id` int(11) NOT NULL AUTO_INCREMENT,
  `item_name` varchar(100) NOT NULL DEFAULT '',
  `item_fatherid` varchar(11) NOT NULL DEFAULT '0',
  `item_orderid` varchar(11) NOT NULL DEFAULT '0',
  `item_remark` varchar(255) DEFAULT '',
  PRIMARY KEY (`item_id`)
) ENGINE=InnoDB AUTO_INCREMENT=9 DEFAULT CHARSET=utf8 COMMENT='包和项级联菜单表';
/*!40101 SET character_set_client = @saved_cs_client */;

--
-- Dumping data for table `xj_item`
--

LOCK TABLES `xj_item` WRITE;
/*!40000 ALTER TABLE `xj_item` DISABLE KEYS */;
INSERT INTO `xj_item` VALUES (1,'多绳绞车钢丝绳','0','0','多绳绞车钢丝绳'),(2,'提升机安全保护装置','0','1','提升机安全保护装置'),(3,'提升系统起重工周检','0','1','提升系统起重工周检'),(4,'提升系统钳工包机日检（一）','0','1','提升系统钳工包机日检（一）'),(5,'提升系统钳工包机日检（二）','0','1','提升系统钳工包机日检（二）'),(6,'提升系统钳工周检','0','1','提升系统钳工周检'),(7,'绞车运行日志及巡回检查记录','0','1','绞车运行日志及巡回检查记录'),(8,'车房电工定期维护检修记录','0','1','车房电工定期维护检修记录');
/*!40000 ALTER TABLE `xj_item` ENABLE KEYS */;
UNLOCK TABLES;

--
-- Table structure for table `xj_item_event`
--

DROP TABLE IF EXISTS `xj_item_event`;
/*!40101 SET @saved_cs_client     = @@character_set_client */;
/*!40101 SET character_set_client = utf8 */;
CREATE TABLE `xj_item_event` (
  `item_id` int(11) NOT NULL,
  `event_id` int(11) NOT NULL,
  `orderid` int(11) NOT NULL DEFAULT '0',
  PRIMARY KEY (`item_id`,`event_id`),
  KEY `event_id` (`event_id`),
  CONSTRAINT `xj_item_event_ibfk_1` FOREIGN KEY (`item_id`) REFERENCES `xj_item` (`item_id`),
  CONSTRAINT `xj_item_event_ibfk_2` FOREIGN KEY (`event_id`) REFERENCES `xj_event` (`event_id`)
) ENGINE=InnoDB DEFAULT CHARSET=utf8;
/*!40101 SET character_set_client = @saved_cs_client */;

--
-- Dumping data for table `xj_item_event`
--

LOCK TABLES `xj_item_event` WRITE;
/*!40000 ALTER TABLE `xj_item_event` DISABLE KEYS */;
INSERT INTO `xj_item_event` VALUES (2,1,0),(2,2,0),(2,3,0),(2,4,0),(2,5,0),(2,6,0),(2,8,0),(2,9,0),(2,10,0),(2,11,0),(2,12,0),(2,13,0),(2,14,0),(3,16,0),(3,17,0),(3,18,0),(3,19,0),(3,40,0),(3,41,0),(3,42,0),(3,43,0),(3,44,0),(3,45,0),(3,46,0),(3,47,0),(4,50,0),(4,51,0),(4,52,0),(4,53,0),(4,54,0),(4,57,0),(4,58,0),(4,59,0),(4,60,0),(4,61,0),(4,62,0),(4,63,0),(4,64,0),(4,65,0),(4,66,0),(4,67,0),(4,68,0),(4,69,0),(4,70,0),(4,71,0),(4,72,0),(4,73,0),(4,74,0),(4,75,0),(4,76,0),(4,77,0),(4,78,0),(4,79,0),(4,80,0),(4,81,0),(4,82,0),(5,83,0),(5,84,0),(5,85,0),(5,86,0),(5,87,0),(5,88,0),(5,89,0),(5,90,0),(5,91,0),(5,92,0),(5,93,0),(5,94,0),(5,95,0),(5,96,0),(5,97,0),(5,98,0),(5,99,0),(5,100,0),(6,101,0),(6,102,0),(6,103,0),(6,104,0),(6,105,0),(6,106,0),(6,107,0),(6,108,0),(6,109,0),(6,110,0),(6,111,0),(6,112,0),(6,113,0),(6,114,0),(6,115,0),(6,116,0),(6,117,0),(6,118,0),(6,119,0),(6,120,0),(6,121,0),(6,122,0),(6,123,0),(7,124,0),(7,125,0),(7,126,0);
/*!40000 ALTER TABLE `xj_item_event` ENABLE KEYS */;
UNLOCK TABLES;

--
-- Table structure for table `xj_item_meter`
--

DROP TABLE IF EXISTS `xj_item_meter`;
/*!40101 SET @saved_cs_client     = @@character_set_client */;
/*!40101 SET character_set_client = utf8 */;
CREATE TABLE `xj_item_meter` (
  `item_id` int(11) NOT NULL,
  `meter_id` int(11) NOT NULL,
  `orderid` int(11) NOT NULL DEFAULT '0',
  PRIMARY KEY (`item_id`,`meter_id`),
  KEY `meter_id` (`meter_id`),
  CONSTRAINT `xj_item_meter_ibfk_1` FOREIGN KEY (`item_id`) REFERENCES `xj_item` (`item_id`),
  CONSTRAINT `xj_item_meter_ibfk_2` FOREIGN KEY (`meter_id`) REFERENCES `xj_meter` (`meter_id`)
) ENGINE=InnoDB DEFAULT CHARSET=utf8;
/*!40101 SET character_set_client = @saved_cs_client */;

--
-- Dumping data for table `xj_item_meter`
--

LOCK TABLES `xj_item_meter` WRITE;
/*!40000 ALTER TABLE `xj_item_meter` DISABLE KEYS */;
INSERT INTO `xj_item_meter` VALUES (1,1,0),(1,2,0),(1,3,0),(1,4,0),(1,5,0),(1,6,0),(1,7,0),(1,8,0),(3,23,0),(3,24,0),(3,25,0),(3,26,0),(3,27,0),(3,28,0),(3,29,0),(3,30,0),(3,31,0),(3,32,0),(3,33,0),(3,34,0),(3,35,0),(3,36,0),(3,37,0),(3,38,0),(3,39,0),(3,40,0),(3,41,0),(3,42,0),(4,43,0),(4,44,0),(4,45,0),(4,46,0),(7,9,0),(7,10,0),(7,11,0),(7,12,0),(7,13,0),(7,14,0),(7,15,0),(7,16,0),(7,17,0),(7,18,0),(7,19,0),(7,20,0),(7,21,0);
/*!40000 ALTER TABLE `xj_item_meter` ENABLE KEYS */;
UNLOCK TABLES;

--
-- Table structure for table `xj_meter`
--

DROP TABLE IF EXISTS `xj_meter`;
/*!40101 SET @saved_cs_client     = @@character_set_client */;
/*!40101 SET character_set_client = utf8 */;
CREATE TABLE `xj_meter` (
  `meter_id` int(11) NOT NULL AUTO_INCREMENT,
  `meter_name` varchar(100) NOT NULL DEFAULT '',
  `meter_unit` varchar(10) DEFAULT NULL,
  `meter_type` varchar(2) DEFAULT '0',
  `meter_remark` varchar(255) DEFAULT NULL,
  `meter_c_value` varchar(100) DEFAULT NULL,
  `meter_max_value` varchar(100) DEFAULT NULL,
  `meter_max_description` varchar(255) DEFAULT NULL,
  `meter_min_value` varchar(100) DEFAULT NULL,
  `meter_min_description` varchar(255) DEFAULT NULL,
  PRIMARY KEY (`meter_id`)
) ENGINE=InnoDB AUTO_INCREMENT=47 DEFAULT CHARSET=utf8 COMMENT='抄表表';
/*!40101 SET character_set_client = @saved_cs_client */;

--
-- Dumping data for table `xj_meter`
--

LOCK TABLES `xj_meter` WRITE;
/*!40000 ALTER TABLE `xj_meter` DISABLE KEYS */;
INSERT INTO `xj_meter` VALUES (1,'1号全绳断丝','根','0','','','35','请尽快更换','0','输入错误，请仔细查看'),(2,'1号捻距断丝','根','0','','','35','请尽快更换','0','输入错误，请仔细查看'),(3,'2号全绳断丝','根','0',' ',' ','35','请尽快更换','0','输入错误，请仔细查看'),(4,'2号捻距断丝','根','0','','','35','请尽快更换','0',' 输入错误，请仔细查看'),(5,'3号全绳断丝','根','0','','','35','请尽快更换','0','输入错误，请仔细查看'),(6,'3号捻距断丝','根','0','','','35','请尽快更换','0','输入错误，请仔细查看'),(7,'4号全绳断丝','根','0','','','35','请尽快更换','0','输入错误，请仔细查看'),(8,'4号捻距断丝','根','0','','','35','请尽快更换','0','输入错误，请仔细查看'),(9,'运转情况提升次数','次','0',' ',' ','35','越界','0','输入错误，请仔细查看'),(10,'运转情况电机温度','℃','0',' ',' ','35','越界','0','输入错误，请仔细查看'),(11,'运转情况润滑油压','帕','0',' ',' ','35','越界','0','输入错误，请仔细查看'),(12,'运转情况制动油压','帕','0',' ',' ','35','越界','0','输入错误，请仔细查看'),(13,'运转情况制动油温','℃','0',' ',' ','35','越界','0','输入错误，请仔细查看'),(14,'各部位轴承温度℃主轴左','℃','0',' ',' ','35','越界','0','输入错误，请仔细查看'),(15,'各部位轴承温度℃主轴右','℃','0',' ',' ','35','越界','0','输入错误，请仔细查看'),(16,'各部位轴承温度℃天轮上','℃','0',' ',' ','35','越界','0','输入错误，请仔细查看'),(17,'各部位轴承温度℃天轮下','℃','0',' ',' ','35','越界','0','输入错误，请仔细查看'),(18,'本班发生的事故或故障记录','','1','','','','','',''),(19,'本班检修记录','','1',' ',' ',' ',' ','',''),(20,'下班应注意的事项及上级的特别指示','','1','','','','','',''),(21,'交 班 人','','1','','','','','',''),(22,'接 班 人','','1','','','','','',''),(23,'钢丝绳 （上、中、下）1/1',' ','0',' ',' ','44.0','越界','43.0','输入错误，请仔细查看'),(24,'钢丝绳 （上、中、下）1/2',' ','0',' ',' ','44.0','越界','43.0','输入错误，请仔细查看'),(25,'钢丝绳 （上、中、下）1/3',' ','0',' ',' ','44.0','越界','43.0','输入错误，请仔细查看'),(26,'钢丝绳 （上、中、下）1/4',' ','0',' ',' ','44.0','越界','43.0','输入错误，请仔细查看'),(27,'钢丝绳 （上、中、下）1/5',' ','0',' ',' ','44.0','越界','43.0','输入错误，请仔细查看'),(28,'钢丝绳 （上、中、下）2/1',' ','0',' ',' ','44.0','越界','43.0','输入错误，请仔细查看'),(29,'钢丝绳 （上、中、下）2/2',' ','0',' ',' ','44.0','越界','43.0','输入错误，请仔细查看'),(30,'钢丝绳 （上、中、下）2/3',' ','0',' ',' ','44.0','越界','43.0','输入错误，请仔细查看'),(31,'钢丝绳 （上、中、下）2/4',' ','0',' ',' ','44.0','越界','43.0','输入错误，请仔细查看'),(32,'钢丝绳 （上、中、下）2/5',' ','0',' ',' ','44.0','越界','43.0','输入错误，请仔细查看'),(33,'钢丝绳 （上、中、下）3/1',' ','0',' ',' ','44.0','越界','43.0','输入错误，请仔细查看'),(34,'钢丝绳 （上、中、下）3/2',' ','0',' ',' ','44.0','越界','43.0','输入错误，请仔细查看'),(35,'钢丝绳 （上、中、下）3/3',' ','0',' ',' ','44.0','越界','43.0','输入错误，请仔细查看'),(36,'钢丝绳 （上、中、下）3/4',' ','0',' ',' ','44.0','越界','43.0','输入错误，请仔细查看'),(37,'钢丝绳 （上、中、下）3/5',' ','0',' ',' ','44.0','越界','43.0','输入错误，请仔细查看'),(38,'钢丝绳 （上、中、下）4/1',' ','0',' ',' ','44.0','越界','43.0','输入错误，请仔细查看'),(39,'钢丝绳 （上、中、下）4/2',' ','0',' ',' ','44.0','越界','43.0','输入错误，请仔细查看'),(40,'钢丝绳 （上、中、下）4/3',' ','0',' ',' ','44.0','越界','43.0','输入错误，请仔细查看'),(41,'钢丝绳 （上、中、下）4/4',' ','0',' ',' ','44.0','越界','43.0','输入错误，请仔细查看'),(42,'钢丝绳 （上、中、下）4/5',' ','0',' ',' ','44.0','越界','43.0','输入错误，请仔细查看'),(43,'液压系统 （1/2 ）压力','帕','0','液压系统 （1/2 ）压力','0','40.0','越界','0.0','输入错误，请仔细查看'),(44,'液压系统 （1/2 ）油温','℃','0','液压系统 （1/2 ）油温','0','6.0','越界','0.0','输入错误，请仔细查看'),(45,'润滑系统压力','帕','0','润滑系统压力','0','40.0','越界','0.0','输入错误，请仔细查看'),(46,'润滑系统油温','℃','0','润滑系统油温','0','6.0','越界','0.0','输入错误，请仔细查看');
/*!40000 ALTER TABLE `xj_meter` ENABLE KEYS */;
UNLOCK TABLES;

--
-- Table structure for table `xj_point`
--

DROP TABLE IF EXISTS `xj_point`;
/*!40101 SET @saved_cs_client     = @@character_set_client */;
/*!40101 SET character_set_client = utf8 */;
CREATE TABLE `xj_point` (
  `point_id` int(11) NOT NULL AUTO_INCREMENT,
  `point_no` varchar(50) NOT NULL DEFAULT '',
  `point_name` varchar(100) NOT NULL DEFAULT '',
  `serial_no` varchar(50) NOT NULL DEFAULT '',
  `point_addr` varchar(255) DEFAULT '',
  `remark` varchar(255) DEFAULT '',
  `order_id` int(11) DEFAULT '0',
  `s_time` int(11) DEFAULT '0',
  `b_time` int(11) DEFAULT '0',
  PRIMARY KEY (`point_id`)
) ENGINE=InnoDB AUTO_INCREMENT=9 DEFAULT CHARSET=utf8 COMMENT='点位表';
/*!40101 SET character_set_client = @saved_cs_client */;

--
-- Dumping data for table `xj_point`
--

LOCK TABLES `xj_point` WRITE;
/*!40000 ALTER TABLE `xj_point` DISABLE KEYS */;
INSERT INTO `xj_point` VALUES (1,'001','多绳绞车钢丝绳','001.gif','多绳绞车钢丝绳','',0,0,0),(2,'002','提升机安全保护装置','002.gif','提升机安全保护装置','',0,0,0),(3,'003','提升系统起重工周检','003.gif','提升系统起重工周检','提升系统起重工周检',0,0,0),(4,'004','提升系统钳工包机日检（一）','004.gif','提升系统钳工包机日检（一）','',0,0,0),(5,'005','提升系统钳工包机日检（二）','5563e556000104e0','提升系统钳工包机日检（二）','提升系统钳工包机日检（二）',0,0,0),(6,'006','提升系统钳工周检','006.gif','提升系统钳工周检','提升系统钳工周检',0,0,0),(7,'007','绞车运行日志及巡回检查记录','007.gif','绞车运行日志及巡回检查记录','绞车运行日志及巡回检查记录',0,0,0),(8,'008','车房电工定期维护检修记录','123456','车房电工定期维护检修记录','车房电工定期维护检修记录',0,0,0);
/*!40000 ALTER TABLE `xj_point` ENABLE KEYS */;
UNLOCK TABLES;

--
-- Table structure for table `xj_point_item`
--

DROP TABLE IF EXISTS `xj_point_item`;
/*!40101 SET @saved_cs_client     = @@character_set_client */;
/*!40101 SET character_set_client = utf8 */;
CREATE TABLE `xj_point_item` (
  `point_id` int(11) NOT NULL,
  `item_id` int(11) NOT NULL DEFAULT '0',
  PRIMARY KEY (`point_id`,`item_id`),
  KEY `item_id` (`item_id`),
  CONSTRAINT `xj_point_item_ibfk_1` FOREIGN KEY (`point_id`) REFERENCES `xj_point` (`point_id`),
  CONSTRAINT `xj_point_item_ibfk_2` FOREIGN KEY (`item_id`) REFERENCES `xj_item` (`item_id`)
) ENGINE=InnoDB DEFAULT CHARSET=utf8;
/*!40101 SET character_set_client = @saved_cs_client */;

--
-- Dumping data for table `xj_point_item`
--

LOCK TABLES `xj_point_item` WRITE;
/*!40000 ALTER TABLE `xj_point_item` DISABLE KEYS */;
INSERT INTO `xj_point_item` VALUES (1,1),(8,1),(2,2),(3,3),(4,4),(5,5),(6,6),(7,7),(8,8);
/*!40000 ALTER TABLE `xj_point_item` ENABLE KEYS */;
UNLOCK TABLES;

--
-- Table structure for table `xj_setting`
--

DROP TABLE IF EXISTS `xj_setting`;
/*!40101 SET @saved_cs_client     = @@character_set_client */;
/*!40101 SET character_set_client = utf8 */;
CREATE TABLE `xj_setting` (
  `id` int(10) unsigned NOT NULL AUTO_INCREMENT,
  `warn_setting` int(11) NOT NULL DEFAULT '0',
  `warn_time_setting` int(11) DEFAULT '0',
  `warn_error_setting` int(11) DEFAULT '0',
  `sms_url` varchar(256) DEFAULT NULL,
  `sms_username` varchar(45) DEFAULT NULL,
  `sms_password` varchar(45) DEFAULT NULL,
  `remark` varchar(45) DEFAULT NULL,
  PRIMARY KEY (`id`)
) ENGINE=InnoDB AUTO_INCREMENT=2 DEFAULT CHARSET=latin1;
/*!40101 SET character_set_client = @saved_cs_client */;

--
-- Dumping data for table `xj_setting`
--

LOCK TABLES `xj_setting` WRITE;
/*!40000 ALTER TABLE `xj_setting` DISABLE KEYS */;
INSERT INTO `xj_setting` VALUES (1,0,1,0,'asdf','12sd','123s',NULL);
/*!40000 ALTER TABLE `xj_setting` ENABLE KEYS */;
UNLOCK TABLES;

--
-- Table structure for table `xj_templet`
--

DROP TABLE IF EXISTS `xj_templet`;
/*!40101 SET @saved_cs_client     = @@character_set_client */;
/*!40101 SET character_set_client = utf8 */;
CREATE TABLE `xj_templet` (
  `templet_id` int(11) NOT NULL AUTO_INCREMENT,
  `templet_name` varchar(100) NOT NULL DEFAULT '',
  `templet_isTrue` varchar(2) NOT NULL DEFAULT '0',
  `templet_remark` varchar(255) DEFAULT NULL,
  PRIMARY KEY (`templet_id`)
) ENGINE=InnoDB AUTO_INCREMENT=9 DEFAULT CHARSET=utf8 COMMENT='样板表';
/*!40101 SET character_set_client = @saved_cs_client */;

--
-- Dumping data for table `xj_templet`
--

LOCK TABLES `xj_templet` WRITE;
/*!40000 ALTER TABLE `xj_templet` DISABLE KEYS */;
INSERT INTO `xj_templet` VALUES (1,'多绳绞车钢丝绳查验记录','1',''),(2,'提升系统钳工包机日检（一）','1',''),(3,'提升系统钳工包机日检（二）','1',''),(4,'提升系统钳工周检','1',''),(5,'提升系统起重工周检','1',''),(6,'绞车运行日志及巡回检查记录','1',''),(7,'提升机安全保护装置检查试验记录','1',''),(8,'车房电工定期维护检修记录','1','');
/*!40000 ALTER TABLE `xj_templet` ENABLE KEYS */;
UNLOCK TABLES;

--
-- Table structure for table `xj_templet_point`
--

DROP TABLE IF EXISTS `xj_templet_point`;
/*!40101 SET @saved_cs_client     = @@character_set_client */;
/*!40101 SET character_set_client = utf8 */;
CREATE TABLE `xj_templet_point` (
  `templet_id` int(11) NOT NULL,
  `point_id` int(11) NOT NULL,
  PRIMARY KEY (`templet_id`,`point_id`),
  KEY `point_id` (`point_id`),
  CONSTRAINT `xj_templet_point_ibfk_1` FOREIGN KEY (`templet_id`) REFERENCES `xj_templet` (`templet_id`),
  CONSTRAINT `xj_templet_point_ibfk_2` FOREIGN KEY (`point_id`) REFERENCES `xj_point` (`point_id`)
) ENGINE=InnoDB DEFAULT CHARSET=utf8;
/*!40101 SET character_set_client = @saved_cs_client */;

--
-- Dumping data for table `xj_templet_point`
--

LOCK TABLES `xj_templet_point` WRITE;
/*!40000 ALTER TABLE `xj_templet_point` DISABLE KEYS */;
INSERT INTO `xj_templet_point` VALUES (1,1),(3,1),(7,1),(8,1),(2,2),(3,2),(7,2),(8,2),(3,3),(5,3),(7,3),(2,4),(7,4),(2,5),(3,5),(7,5),(4,6),(7,6),(6,7),(7,7),(7,8),(8,8);
/*!40000 ALTER TABLE `xj_templet_point` ENABLE KEYS */;
UNLOCK TABLES;

--
-- Table structure for table `xj_templet_role`
--

DROP TABLE IF EXISTS `xj_templet_role`;
/*!40101 SET @saved_cs_client     = @@character_set_client */;
/*!40101 SET character_set_client = utf8 */;
CREATE TABLE `xj_templet_role` (
  `id` int(11) unsigned NOT NULL AUTO_INCREMENT,
  `templet_id` int(11) DEFAULT NULL,
  `role_id` int(11) DEFAULT NULL,
  `user_id` int(11) DEFAULT NULL,
  PRIMARY KEY (`id`),
  UNIQUE KEY `id_UNIQUE` (`id`)
) ENGINE=InnoDB AUTO_INCREMENT=16 DEFAULT CHARSET=latin1;
/*!40101 SET character_set_client = @saved_cs_client */;

--
-- Dumping data for table `xj_templet_role`
--

LOCK TABLES `xj_templet_role` WRITE;
/*!40000 ALTER TABLE `xj_templet_role` DISABLE KEYS */;
INSERT INTO `xj_templet_role` VALUES (14,8,1,1),(15,8,2,2);
/*!40000 ALTER TABLE `xj_templet_role` ENABLE KEYS */;
UNLOCK TABLES;

--
-- Table structure for table `xj_test`
--

DROP TABLE IF EXISTS `xj_test`;
/*!40101 SET @saved_cs_client     = @@character_set_client */;
/*!40101 SET character_set_client = utf8 */;
CREATE TABLE `xj_test` (
  `Id` int(11) NOT NULL AUTO_INCREMENT,
  `name` varchar(255) DEFAULT NULL,
  `age` varchar(255) DEFAULT NULL,
  PRIMARY KEY (`Id`)
) ENGINE=InnoDB AUTO_INCREMENT=8 DEFAULT CHARSET=utf8;
/*!40101 SET character_set_client = @saved_cs_client */;

--
-- Dumping data for table `xj_test`
--

LOCK TABLES `xj_test` WRITE;
/*!40000 ALTER TABLE `xj_test` DISABLE KEYS */;
INSERT INTO `xj_test` VALUES (1,'aa','12'),(2,'陈','123'),(3,'test',NULL),(4,'test',NULL),(5,'test',NULL),(6,'test',NULL),(7,'test',NULL);
/*!40000 ALTER TABLE `xj_test` ENABLE KEYS */;
UNLOCK TABLES;

--
-- Table structure for table `xj_weixun`
--

DROP TABLE IF EXISTS `xj_weixun`;
/*!40101 SET @saved_cs_client     = @@character_set_client */;
/*!40101 SET character_set_client = utf8 */;
CREATE TABLE `xj_weixun` (
  `Id` int(11) NOT NULL AUTO_INCREMENT,
  `templet_id` int(11) NOT NULL DEFAULT '0',
  `templet_name` varchar(100) NOT NULL DEFAULT '',
  `weixun_num` int(11) NOT NULL DEFAULT '0',
  `detail` varchar(10000) DEFAULT '',
  `username` varchar(255) DEFAULT NULL,
  `starttime` varchar(255) NOT NULL DEFAULT '0000-00-00 00:00:00',
  `endtime` varchar(255) NOT NULL DEFAULT '0000-00-00 00:00:00',
  PRIMARY KEY (`Id`)
) ENGINE=InnoDB DEFAULT CHARSET=utf8;
/*!40101 SET character_set_client = @saved_cs_client */;

--
-- Dumping data for table `xj_weixun`
--

LOCK TABLES `xj_weixun` WRITE;
/*!40000 ALTER TABLE `xj_weixun` DISABLE KEYS */;
/*!40000 ALTER TABLE `xj_weixun` ENABLE KEYS */;
UNLOCK TABLES;
/*!40103 SET TIME_ZONE=@OLD_TIME_ZONE */;

/*!40101 SET SQL_MODE=@OLD_SQL_MODE */;
/*!40014 SET FOREIGN_KEY_CHECKS=@OLD_FOREIGN_KEY_CHECKS */;
/*!40014 SET UNIQUE_CHECKS=@OLD_UNIQUE_CHECKS */;
/*!40101 SET CHARACTER_SET_CLIENT=@OLD_CHARACTER_SET_CLIENT */;
/*!40101 SET CHARACTER_SET_RESULTS=@OLD_CHARACTER_SET_RESULTS */;
/*!40101 SET COLLATION_CONNECTION=@OLD_COLLATION_CONNECTION */;
/*!40111 SET SQL_NOTES=@OLD_SQL_NOTES */;

-- Dump completed on 2016-12-18 23:10:36
